Contact External ID,First Name,Last Name,Phone,Email,City,Age Band,Source,WhatsApp Opt-in,DND,Journey Stage,Tier,SKU,Subscription Status,Adviser Owner,Income Band,Corpus Band,Savings Band,Aspiration,Signed Up,Reveal Seen,Paid,Data Complete,Plan Built,Plan Read,Last Call,Next Review,Renewal Due,Last Activity,Onboarding %,KYC Status,AA Status,FP Status,IP Status,Actions Done,Actions Total,Consent Valid Till,Source Completeness,Sharpen Count,Last Manual Update,DIFM Prospect Flag,Adviser Continuity,Last Adviser,Profile Fulfilment %,Admin Link,Is Seed Topup
P00001,Revathi,Prasad,9000052984,revathi.prasad.463@example.com,Bengaluru,25 to 29,corporate_session,false,false,S23,diwm,diwm,active,Adviser 01,10 to 25 lakhs,5 to 25 lakhs,"Around 25%, meaningful amounts",Freedom,2025-07-08,2025-07-09,2025-08-24,2025-08-26,2025-08-26,2025-09-04,,2026-11-19,2026-10-04,2026-09-21,100,verified,failed,read,done,5,5,,yes,0,2025-08-26T13:43:24+05:30,,off,,100,https://spiffler33.github.io/yeslyf-wireframes/admin_wireframes.html?run=3000&screen=M03&person=P00001,false
P00002,Heena,Shah,9000026246,heena.shah.460@example.com,Pune,25 to 29,community,true,true,S23,diy,diy,active,Adviser 02,10 to 25 lakhs,5 to 25 lakhs,"Around 40%, some serious money",Generosity,2025-08-20,2025-08-20,2025-08-22,2025-09-02,2025-09-02,2025-09-11,2025-08-30,2026-11-26,2026-11-15,2026-09-15,100,verified,connected,read,done,7,7,2026-10-22,yes,0,2026-03-26T19:43:31+05:30,,off,Adviser 01,98,https://spiffler33.github.io/yeslyf-wireframes/admin_wireframes.html?run=3000&screen=M03&person=P00002,false
P00003,Kavitha,Subramanian,9000043907,kavitha.subramanian.459@example.com,Hyderabad,35 to 39,corporate_session,false,false,S23,diwm,diwm,active,Adviser 03,25 to 50 lakhs,25 lakhs to 1 crore,"More than 40%, I live well below my means",Security,2025-08-27,2025-08-28,2025-08-28,2025-09-07,2025-09-07,2025-09-07,,2026-12-01,2026-11-21,2026-09-21,100,verified,cas_uploaded,read,done,6,6,,yes,3,2026-01-17T11:18:03+05:30,,off,,100,https://spiffler33.github.io/yeslyf-wireframes/admin_wireframes.html?run=3000&screen=M03&person=P00003,false
P00004,Nandini,Iyengar,9000093415,nandini.iyengar.462@example.com,Chennai,35 to 39,community,true,false,S23,diy,diy,active,Adviser 04,Under 10 lakhs,25 lakhs to 1 crore,"Around 40%, some serious money",Generosity,2025-09-03,2025-09-03,2025-09-04,2025-09-14,2025-09-14,2025-09-14,,2026-12-08,2026-09-29,2026-09-22,100,verified,not_connected,read,done,3,3,,yes,0,2025-09-14T09:13:25+05:30,,off,,98,https://spiffler33.github.io/yeslyf-wireframes/admin_wireframes.html?run=3000&screen=M03&person=P00004,false
P00005,Sai,Kamath,9000046972,sai.kamath.461@example.com,Hyderabad,30 to 34,web_reveal,true,false,S23,diwm,diwm,active,Adviser 05,25 to 50 lakhs,25 lakhs to 1 crore,"More than 40%, I live well below my means",Family,2025-09-10,2025-09-10,2025-09-10,2025-09-25,2025-09-25,2025-09-25,2025-12-06,2026-12-19,2026-12-04,2026-09-22,100,verified,cas_uploaded,read,done,5,5,,yes,1,2026-03-28T13:42:33+05:30,,off,Adviser 05,98,https://spiffler33.github.io/yeslyf-wireframes/admin_wireframes.html?run=3000&screen=M03&person=P00005,false
P00006,Nirav,Jain,9000083903,nirav.jain.464@example.com,Hyderabad,40 to 44,referral,true,true,S23,diwm,diwm,active,Adviser 06,50 lakhs to 1 crore,25 lakhs to 1 crore,"Around 25%, meaningful amounts",Legacy,2025-09-20,2025-09-20,2025-09-20,2025-10-02,2025-10-02,2025-10-05,2025-10-09,2026-09-27,2026-10-15,2026-09-21,100,verified,not_connected,read,done,4,4,,yes,0,2025-10-09T17:40:00+05:30,rule,off,Adviser 06,100,https://spiffler33.github.io/yeslyf-wireframes/admin_wireframes.html?run=3000&screen=M03&person=P00006,false
P00007,Anand,Reddy,9000090543,,Hyderabad,35 to 39,referral,true,false,S2,free,,,Adviser 02,25 to 50 lakhs,1 to 5 crores,"Around 10%, small consistent chunks",Legacy,2026-03-29,2026-03-30,,,,,,,,2026-04-02,20,not_started,,not_started,,,,,,,,,off,,62,https://spiffler33.github.io/yeslyf-wireframes/admin_wireframes.html?run=3000&screen=M03&person=P00007,false
P00008,Rahul,Pandey,9000053655,,Delhi,35 to 39,community,true,true,S1,free,,,Adviser 01,,,,,2026-03-31,,,,,,,,,2026-03-31,0,not_started,,not_started,,,,,,,,,off,,12,https://spiffler33.github.io/yeslyf-wireframes/admin_wireframes.html?run=3000&screen=M03&person=P00008,false
P00009,Omkar,Chitale,9000064563,,Ahmedabad,30 to 34,community,true,false,S2,free,,,Adviser 01,10 to 25 lakhs,25 lakhs to 1 crore,"Around 40%, some serious money",Family,2026-03-29,2026-03-29,,,,,,,,2026-04-01,20,not_started,,not_started,,,,,,,,,off,,62,https://spiffler33.github.io/yeslyf-wireframes/admin_wireframes.html?run=3000&screen=M03&person=P00009,false
P00012,Pavithra,Gowda,9000070023,pavithra.gowda.453@example.com,Hyderabad,35 to 39,community,true,false,S22,diwm,diwm,active,Adviser 05,25 to 50 lakhs,25 lakhs to 1 crore,"Around 40%, some serious money",Security,2026-04-02,2026-04-02,2026-04-23,2026-05-06,2026-05-06,2026-05-06,2026-05-26,2026-11-02,2026-10-20,2026-09-21,100,verified,cas_uploaded,read,executing,5,7,,yes,1,2026-09-07T20:56:25+05:30,,off,Adviser 06,98,https://spiffler33.github.io/yeslyf-wireframes/admin_wireframes.html?run=3000&screen=M03&person=P00012,false
P00013,Arjun,Gill,9000001955,,Gurugram,35 to 39,corporate_session,false,false,S1,free,,,Adviser 03,,,,,2026-03-31,,,,,,,,,2026-03-31,0,not_started,,not_started,,,,,,,,,off,,12,https://spiffler33.github.io/yeslyf-wireframes/admin_wireframes.html?run=3000&screen=M03&person=P00013,false
P00015,Devika,Kulkarni,9000015513,,Pune,30 to 34,community,true,false,S1,free,,,Adviser 02,10 to 25 lakhs,,,,2026-04-03,,,,,,,,,2026-04-04,0,not_started,,not_started,,,,,,,,,off,,31,https://spiffler33.github.io/yeslyf-wireframes/admin_wireframes.html?run=3000&screen=M03&person=P00015,false
P00018,Shruti,Naik,9000033578,,Pune,35 to 39,corporate_session,true,false,S2,free,,,Adviser 06,10 to 25 lakhs,1 to 5 crores,"Around 40%, some serious money",Freedom,2026-04-03,2026-04-03,,,,,,,,2026-04-06,20,not_started,,not_started,,,,,,,,,off,,62,https://spiffler33.github.io/yeslyf-wireframes/admin_wireframes.html?run=3000&screen=M03&person=P00018,false
P00022,Chaitanya,Naidu,9000056120,,Visakhapatnam,25 to 29,community,true,false,S1,free,,,Adviser 04,10 to 25 lakhs,5 to 25 lakhs,,,2026-04-05,,,,,,,,,2026-04-06,0,not_started,,not_started,,,,,,,,,off,,38,https://spiffler33.github.io/yeslyf-wireframes/admin_wireframes.html?run=3000&screen=M03&person=P00022,false
P00023,Aditya,Bhatia,9000037541,,Jaipur,30 to 34,corporate_session,true,false,S1,free,,,Adviser 04,10 to 25 lakhs,,,,2026-03-30,,,,,,,,,2026-03-31,0,not_started,,not_started,,,,,,,,,off,,31,https://spiffler33.github.io/yeslyf-wireframes/admin_wireframes.html?run=3000&screen=M03&person=P00023,false
P00024,Janani,Iyer,9000046264,janani.iyer.378@example.com,Bengaluru,25 to 29,corporate_session,true,false,S10,diy,diy,active,Adviser 03,10 to 25 lakhs,5 to 25 lakhs,"Around 25%, meaningful amounts",Security,2026-03-29,2026-03-31,2026-03-31,2026-04-13,2026-04-13,2026-04-22,,2026-10-10,2026-09-27,2026-09-22,100,verified,not_connected,read,done,4,4,,yes,1,2026-07-26T05:17:32+05:30,,off,,98,https://spiffler33.github.io/yeslyf-wireframes/admin_wireframes.html?run=3000&screen=M03&person=P00024,false
P00025,Divya,Khanna,9000008501,,Noida,under 25,organic,true,true,S2,free,,,Adviser 05,Under 10 lakhs,5 to 25 lakhs,"More than 40%, I live well below my means",Security,2026-03-30,2026-03-30,,,,,,,,2026-03-31,20,not_started,,not_started,,,,,,,,,off,,62,https://spiffler33.github.io/yeslyf-wireframes/admin_wireframes.html?run=3000&screen=M03&person=P00025,false
P00027,Sai,Gowda,9000006405,sai.gowda.383@example.com,Bengaluru,40 to 44,corporate_session,true,false,S11,diy,diy,active,Adviser 04,50 lakhs to 1 crore,1 to 5 crores,"More than 40%, I live well below my means",Freedom,2026-03-31,2026-03-31,2026-04-01,2026-04-09,2026-04-09,2026-04-10,,2026-10-06,2026-09-28,2026-09-19,100,verified,partial,read,done,6,6,2026-10-01,yes,0,2026-04-09T20:48:44+05:30,rule,off,,100,https://spiffler33.github.io/yeslyf-wireframes/admin_wireframes.html?run=3000&screen=M03&person=P00027,false
P00028,Pavithra,Murthy,9000094294,pavithra.murthy.377@example.com,Bengaluru,25 to 29,community,true,false,S10,diwm,diwm,active,Adviser 03,10 to 25 lakhs,5 to 25 lakhs,"Around 40%, some serious money",Freedom,2026-04-03,2026-04-03,2026-04-24,2026-04-27,2026-04-27,2026-05-02,2026-05-14,2026-10-24,2026-10-21,2026-09-19,100,verified,cas_uploaded,read,done,6,6,,yes,0,2026-05-14T15:40:00+05:30,,off,Adviser 01,100,https://spiffler33.github.io/yeslyf-wireframes/admin_wireframes.html?run=3000&screen=M03&person=P00028,false
P00029,Kavya,Srivastava,9000010064,,Delhi,35 to 39,corporate_session,true,false,S2,free,,,Adviser 02,25 to 50 lakhs,25 lakhs to 1 crore,"Around 10%, small consistent chunks",Family,2026-04-01,2026-04-01,,,,,,,,2026-04-04,20,not_started,,not_started,,,,,,,,,off,,62,https://spiffler33.github.io/yeslyf-wireframes/admin_wireframes.html?run=3000&screen=M03&person=P00029,false
P00030,Kabir,Saxena,9000026256,,Delhi,35 to 39,corporate_session,true,false,S2,free,,,Adviser 06,50 lakhs to 1 crore,Over 5 crores,"More than 40%, I live well below my means",Family,2026-03-30,2026-03-30,,,,,,,,2026-04-02,20,not_started,,not_started,,,,,,,,,off,,62,https://spiffler33.github.io/yeslyf-wireframes/admin_wireframes.html?run=3000&screen=M03&person=P00030,false
P00031,Kinjal,Pandya,9000097146,,Ahmedabad,30 to 34,community,true,false,S1,free,,,Adviser 03,25 to 50 lakhs,,,,2026-04-09,,,,,,,,,2026-04-10,0,not_started,,not_started,,,,,,,,,off,,31,https://spiffler33.github.io/yeslyf-wireframes/admin_wireframes.html?run=3000&screen=M03&person=P00031,false
P00035,Anand,Pai,9000049644,anand.pai.170@example.com,Bengaluru,25 to 29,web_reveal,true,false,S2,free,,,Adviser 05,10 to 25 lakhs,5 to 25 lakhs,"Around 25%, meaningful amounts",Legacy,2026-04-03,2026-04-04,,,,,,,,2026-06-25,20,not_started,,not_started,,,,,,,,,off,,62,https://spiffler33.github.io/yeslyf-wireframes/admin_wireframes.html?run=3000&screen=M03&person=P00035,false
P00037,Dhruv,Deshmukh,9000070327,,Mumbai,25 to 29,community,true,false,S1,free,,,Adviser 01,,,,,2026-04-03,,,,,,,,,2026-04-04,0,not_started,,not_started,,,,,,,,,off,,12,https://spiffler33.github.io/yeslyf-wireframes/admin_wireframes.html?run=3000&screen=M03&person=P00037,false
P00038,Kinjal,Gokhale,9000083400,,Mumbai,35 to 39,community,true,false,S1,free,,,Adviser 02,,,,,2026-03-31,,,,,,,,,2026-04-01,0,not_started,,not_started,,,,,,,,,off,,19,https://spiffler33.github.io/yeslyf-wireframes/admin_wireframes.html?run=3000&screen=M03&person=P00038,false
P00039,Kavya,Bedi,9000050438,,Gurugram,35 to 39,referral,false,false,S2,free,,,Adviser 03,50 lakhs to 1 crore,1 to 5 crores,"Around 40%, some serious money",Family,2026-04-01,2026-04-01,,,,,,,,2026-04-03,20,not_started,,not_started,,,,,,,,,off,,62,https://spiffler33.github.io/yeslyf-wireframes/admin_wireframes.html?run=3000&screen=M03&person=P00039,false
P00040,Ramya,Nair,9000026345,,Chennai,30 to 34,community,true,false,S1,free,,,Adviser 01,25 to 50 lakhs,,,,2026-04-01,,,,,,,,,2026-04-02,0,not_started,,not_started,,,,,,,,,off,,31,https://spiffler33.github.io/yeslyf-wireframes/admin_wireframes.html?run=3000&screen=M03&person=P00040,false
P00043,Shreya,Mehra,9000031109,,Chandigarh,30 to 34,corporate_session,true,false,S2,free,,,Adviser 02,10 to 25 lakhs,25 lakhs to 1 crore,"Around 25%, meaningful amounts",Security,2026-04-04,2026-04-04,,,,,,,,2026-04-08,20,not_started,,not_started,,,,,,,,,off,,62,https://spiffler33.github.io/yeslyf-wireframes/admin_wireframes.html?run=3000&screen=M03&person=P00043,false
P00045,Aravind,Prasad,9000054650,,Bengaluru,25 to 29,community,true,false,S2,free,,,Adviser 05,10 to 25 lakhs,5 to 25 lakhs,"Around 25%, meaningful amounts",Freedom,2026-04-01,2026-04-01,,,,,,,,2026-04-04,20,not_started,,not_started,,,,,,,,,off,,62,https://spiffler33.github.io/yeslyf-wireframes/admin_wireframes.html?run=3000&screen=M03&person=P00045,false
P00046,Deepa,Pai,9000002571,,Hyderabad,25 to 29,corporate_session,true,false,S2,free,,,Adviser 06,Under 10 lakhs,5 to 25 lakhs,"More than 40%, I live well below my means",Freedom,2026-04-01,2026-04-01,,,,,,,,2026-04-05,20,not_started,,not_started,,,,,,,,,off,,62,https://spiffler33.github.io/yeslyf-wireframes/admin_wireframes.html?run=3000&screen=M03&person=P00046,false
P00047,Urvi,Sawant,9000045115,,Mumbai,25 to 29,community,true,false,S2,free,,,Adviser 06,10 to 25 lakhs,5 to 25 lakhs,"More than 40%, I live well below my means",Freedom,2026-04-02,2026-04-03,,,,,,,,2026-04-06,20,not_started,,not_started,,,,,,,,,off,,62,https://spiffler33.github.io/yeslyf-wireframes/admin_wireframes.html?run=3000&screen=M03&person=P00047,false
P00048,Sindhu,Chandran,9000071712,sindhu.chandran.338@example.com,Chennai,40 to 44,corporate_session,true,false,S8,diy,diy,active,Adviser 01,25 to 50 lakhs,25 lakhs to 1 crore,"More than 40%, I live well below my means",Family,2026-04-02,2026-04-02,2026-04-29,2026-05-06,2026-05-06,2026-05-12,,2026-11-02,2026-10-26,2026-09-20,100,verified,not_connected,read,ready,0,4,,yes,0,2026-05-06T12:12:19+05:30,,off,,100,https://spiffler33.github.io/yeslyf-wireframes/admin_wireframes.html?run=3000&screen=M03&person=P00048,false
P00050,Devika,Jain,9000005855,,Pune,30 to 34,community,true,false,S1,free,,,Adviser 03,,,,,2026-04-02,,,,,,,,,2026-04-03,0,not_started,,not_started,,,,,,,,,off,,19,https://spiffler33.github.io/yeslyf-wireframes/admin_wireframes.html?run=3000&screen=M03&person=P00050,false
P00053,Sameer,Apte,9000003521,,Mumbai,30 to 34,referral,true,false,S2,free,,,Adviser 04,25 to 50 lakhs,25 lakhs to 1 crore,"More than 40%, I live well below my means",Family,2026-04-02,2026-04-02,,,,,,,,2026-04-05,20,not_started,,not_started,,,,,,,,,off,,62,https://spiffler33.github.io/yeslyf-wireframes/admin_wireframes.html?run=3000&screen=M03&person=P00053,false
P00057,Yash,Bhatia,9000078158,yash.bhatia.240@example.com,Noida,25 to 29,community,false,false,S2b,free,,,Adviser 02,10 to 25 lakhs,Under 5 lakhs,"Around 40%, some serious money",Freedom,2026-04-02,2026-04-02,,,,,,,,2026-06-23,20,verified,,not_started,,,,,,,,,off,,88,https://spiffler33.github.io/yeslyf-wireframes/admin_wireframes.html?run=3000&screen=M03&person=P00057,false
P00061,Madhav,Kumar,9000040516,madhav.kumar.387@example.com,Chennai,35 to 39,web_reveal,false,false,S11,diwm,diwm,active,Adviser 03,10 to 25 lakhs,25 lakhs to 1 crore,"More than 40%, I live well below my means",Security,2026-04-10,2026-04-10,2026-04-16,2026-04-23,2026-04-23,2026-05-01,2026-06-05,2026-10-20,2026-10-13,2026-09-18,100,verified,connected,read,done,4,4,2026-10-18,yes,0,2026-05-03T20:10:00+05:30,manual,off,Adviser 04,100,https://spiffler33.github.io/yeslyf-wireframes/admin_wireframes.html?run=3000&screen=M03&person=P00061,false
P00063,Prachi,Kamat,9000031593,prachi.kamat.658@example.com,Mumbai,25 to 29,web_reveal,true,false,S2,free,,,Adviser 04,10 to 25 lakhs,25 lakhs to 1 crore,"More than 40%, I live well below my means",Freedom,2026-04-03,2026-04-03,,,,,,,,2026-06-25,20,not_started,,not_started,,,,,,,,,off,,62,https://spiffler33.github.io/yeslyf-wireframes/admin_wireframes.html?run=3000&screen=M03&person=P00063,false
P00066,Ayesha,Tiwari,9000034722,,Gurugram,30 to 34,corporate_session,false,false,S1,free,,,Adviser 04,25 to 50 lakhs,25 lakhs to 1 crore,,,2026-04-02,,,,,,,,,2026-04-03,0,not_started,,not_started,,,,,,,,,off,,38,https://spiffler33.github.io/yeslyf-wireframes/admin_wireframes.html?run=3000&screen=M03&person=P00066,false
P00067,Rituparna,Bose,9000057670,,Lucknow,25 to 29,community,true,true,S2,free,,,Adviser 06,10 to 25 lakhs,5 to 25 lakhs,"Around 40%, some serious money",Family,2026-04-04,2026-04-04,,,,,,,,2026-04-05,20,not_started,,not_started,,,,,,,,,off,,62,https://spiffler33.github.io/yeslyf-wireframes/admin_wireframes.html?run=3000&screen=M03&person=P00067,false
P00068,Deepa,Iyer,9000092956,,Bengaluru,under 25,corporate_session,true,false,S2,free,,,Adviser 02,10 to 25 lakhs,5 to 25 lakhs,"Around 40%, some serious money",Freedom,2026-04-13,2026-04-13,,,,,,,,2026-04-16,20,not_started,,not_started,,,,,,,,,off,,62,https://spiffler33.github.io/yeslyf-wireframes/admin_wireframes.html?run=3000&screen=M03&person=P00068,false
P00070,Srinivas,Varma,9000048548,,Chennai,25 to 29,corporate_session,true,false,S1,free,,,Adviser 01,10 to 25 lakhs,5 to 25 lakhs,"More than 40%, I live well below my means",,2026-04-04,,,,,,,,,2026-04-05,0,not_started,,not_started,,,,,,,,,off,,44,https://spiffler33.github.io/yeslyf-wireframes/admin_wireframes.html?run=3000&screen=M03&person=P00070,false
P00075,Madhav,Menon,9000068151,,Bengaluru,30 to 34,organic,true,false,S2,free,,,Adviser 06,50 lakhs to 1 crore,1 to 5 crores,"Around 25%, meaningful amounts",Generosity,2026-04-10,2026-04-11,,,,,,,,2026-04-14,20,not_started,,not_started,,,,,,,,,off,,62,https://spiffler33.github.io/yeslyf-wireframes/admin_wireframes.html?run=3000&screen=M03&person=P00075,false
P00077,Saloni,Apte,9000063666,,Mumbai,30 to 34,community,true,false,S1,free,,,Adviser 03,25 to 50 lakhs,1 to 5 crores,"Around 40%, some serious money",,2026-04-10,,,,,,,,,2026-04-11,0,not_started,,not_started,,,,,,,,,off,,44,https://spiffler33.github.io/yeslyf-wireframes/admin_wireframes.html?run=3000&screen=M03&person=P00077,false
P00078,Arun,Iyengar,9000042745,,Hyderabad,40 to 44,community,true,true,S2,free,,,Adviser 05,25 to 50 lakhs,1 to 5 crores,"More than 40%, I live well below my means",Family,2026-04-03,2026-04-04,,,,,,,,2026-04-05,20,not_started,,not_started,,,,,,,,,off,,62,https://spiffler33.github.io/yeslyf-wireframes/admin_wireframes.html?run=3000&screen=M03&person=P00078,false
P00079,Tejas,Kulkarni,9000094049,tejas.kulkarni.943@example.com,Mumbai,30 to 34,community,true,false,S1,free,,,Adviser 02,,,,,2026-04-09,,,,,,,,,2026-04-10,0,not_started,,not_started,,,,,,,,,off,,19,https://spiffler33.github.io/yeslyf-wireframes/admin_wireframes.html?run=3000&screen=M03&person=P00079,false
P00080,Sanjana,Srivastava,9000099955,,Gurugram,35 to 39,organic,false,false,S1,free,,,Adviser 05,25 to 50 lakhs,25 lakhs to 1 crore,"More than 40%, I live well below my means",,2026-04-06,,,,,,,,,2026-04-06,0,not_started,,not_started,,,,,,,,,off,,50,https://spiffler33.github.io/yeslyf-wireframes/admin_wireframes.html?run=3000&screen=M03&person=P00080,false
P00081,Heena,Jadhav,9000048185,,Mumbai,25 to 29,organic,true,false,S1,free,,,Adviser 06,25 to 50 lakhs,Under 5 lakhs,"More than 40%, I live well below my means",,2026-04-09,,,,,,,,,2026-04-10,0,not_started,,not_started,,,,,,,,,off,,44,https://spiffler33.github.io/yeslyf-wireframes/admin_wireframes.html?run=3000&screen=M03&person=P00081,false
P00083,Subhajit,Chatterjee,9000032107,subhajit.chatterjee.354@example.com,Kolkata,30 to 34,web_reveal,false,false,S9,diwm,diwm,active,Adviser 01,25 to 50 lakhs,25 lakhs to 1 crore,"More than 40%, I live well below my means",Security,2026-04-08,2026-04-09,2026-04-09,2026-04-22,2026-04-22,2026-04-23,2026-05-11,2026-10-19,2026-10-06,2026-09-22,100,verified,not_connected,read,executing,6,7,,yes,0,2026-05-11T18:10:00+05:30,,off,Adviser 06,97,https://spiffler33.github.io/yeslyf-wireframes/admin_wireframes.html?run=3000&screen=M03&person=P00083,false
P00084,Nidhi,Dave,9000067947,nidhi.dave.597@example.com,Chennai,35 to 39,community,true,false,S2,free,,,Adviser 03,Under 10 lakhs,25 lakhs to 1 crore,"Around 25%, meaningful amounts",Security,2026-04-05,2026-04-05,,,,,,,,2026-06-26,20,not_started,,not_started,,,,,,,,,off,,62,https://spiffler33.github.io/yeslyf-wireframes/admin_wireframes.html?run=3000&screen=M03&person=P00084,false
P00086,Dhruv,Trivedi,9000092542,dhruv.trivedi.808@example.com,Gurugram,30 to 34,web_reveal,true,true,S2,free,,,Adviser 03,25 to 50 lakhs,25 lakhs to 1 crore,"More than 40%, I live well below my means",Family,2026-04-12,2026-04-12,,,,,,,,2026-07-04,20,not_started,,not_started,,,,,,,,,off,,62,https://spiffler33.github.io/yeslyf-wireframes/admin_wireframes.html?run=3000&screen=M03&person=P00086,false
P00087,Ramya,Rajan,9000069577,,Hyderabad,35 to 39,organic,true,false,S2,free,,,Adviser 06,Over 1 crore,25 lakhs to 1 crore,"More than 40%, I live well below my means",Family,2026-04-07,2026-04-07,,,,,,,,2026-04-10,20,not_started,,not_started,,,,,,,,,off,,62,https://spiffler33.github.io/yeslyf-wireframes/admin_wireframes.html?run=3000&screen=M03&person=P00087,false
P00089,Anand,Iyer,9000070613,,Bengaluru,30 to 34,corporate_session,true,false,S1,free,,,Adviser 03,10 to 25 lakhs,5 to 25 lakhs,"More than 40%, I live well below my means",,2026-04-11,,,,,,,,,2026-04-13,0,not_started,,not_started,,,,,,,,,off,,50,https://spiffler33.github.io/yeslyf-wireframes/admin_wireframes.html?run=3000&screen=M03&person=P00089,false
P00094,Chaitanya,Varma,9000034218,,Hyderabad,35 to 39,corporate_session,true,false,S2,free,,,Adviser 02,10 to 25 lakhs,25 lakhs to 1 crore,"More than 40%, I live well below my means",Family,2026-04-10,2026-04-11,,,,,,,,2026-04-14,20,not_started,,not_started,,,,,,,,,off,,62,https://spiffler33.github.io/yeslyf-wireframes/admin_wireframes.html?run=3000&screen=M03&person=P00094,false
P00096,Tanmoy,Sahoo,9000077000,tanmoy.sahoo.212@example.com,Delhi,30 to 34,community,true,false,S2,free,,,Adviser 01,50 lakhs to 1 crore,25 lakhs to 1 crore,"More than 40%, I live well below my means",Generosity,2026-04-07,2026-04-07,,,,,,,,2026-06-29,20,not_started,,not_started,,,,,,,,,off,,62,https://spiffler33.github.io/yeslyf-wireframes/admin_wireframes.html?run=3000&screen=M03&person=P00096,false
P00097,Sowmya,Rao,9000047355,sowmya.rao.591@example.com,Chennai,30 to 34,web_reveal,false,false,S2,free,,,Adviser 06,25 to 50 lakhs,25 lakhs to 1 crore,"More than 40%, I live well below my means",Freedom,2026-04-11,2026-04-11,,,,,,,,2026-07-02,20,not_started,,not_started,,,,,,,,,off,,62,https://spiffler33.github.io/yeslyf-wireframes/admin_wireframes.html?run=3000&screen=M03&person=P00097,false
P00098,Kabir,Bhatia,9000024472,,Delhi,35 to 39,corporate_session,true,false,S2,free,,,Adviser 02,50 lakhs to 1 crore,1 to 5 crores,"More than 40%, I live well below my means",Generosity,2026-04-07,2026-04-07,,,,,,,,2026-04-10,20,not_started,,not_started,,,,,,,,,off,,62,https://spiffler33.github.io/yeslyf-wireframes/admin_wireframes.html?run=3000&screen=M03&person=P00098,false
P00099,Aditya,Tandon,9000038625,aditya.tandon.636@example.com,Hyderabad,35 to 39,community,true,false,S2,free,,,Adviser 02,25 to 50 lakhs,25 lakhs to 1 crore,"Around 40%, some serious money",Family,2026-04-16,2026-04-18,,,,,,,,2026-07-09,20,not_started,,not_started,,,,,,,,,off,,62,https://spiffler33.github.io/yeslyf-wireframes/admin_wireframes.html?run=3000&screen=M03&person=P00099,false
P00101,Sourav,Das,9000065448,,Delhi,40 to 44,community,true,false,S2,free,,,Adviser 01,25 to 50 lakhs,25 lakhs to 1 crore,"Around 25%, meaningful amounts",Family,2026-04-10,2026-04-10,,,,,,,,2026-04-13,20,not_started,,not_started,,,,,,,,,off,,62,https://spiffler33.github.io/yeslyf-wireframes/admin_wireframes.html?run=3000&screen=M03&person=P00101,false
P00105,Rahul,Singh,9000094996,,Delhi,35 to 39,corporate_session,true,false,S1,free,,,Adviser 01,50 lakhs to 1 crore,1 to 5 crores,,,2026-04-10,,,,,,,,,2026-04-11,0,not_started,,not_started,,,,,,,,,off,,38,https://spiffler33.github.io/yeslyf-wireframes/admin_wireframes.html?run=3000&screen=M03&person=P00105,false
P00108,Vignesh,Hegde,9000065259,vignesh.hegde.385@example.com,Bengaluru,25 to 29,community,true,false,S11,diy,diy,active,Adviser 04,10 to 25 lakhs,5 to 25 lakhs,"More than 40%, I live well below my means",Freedom,2026-04-09,2026-04-09,2026-04-12,2026-05-07,2026-05-07,2026-05-07,,2026-11-03,2026-10-09,2026-09-23,100,verified,connected,read,executing,5,7,2026-10-15,yes,0,2026-05-02T18:17:41+05:30,,off,,100,https://spiffler33.github.io/yeslyf-wireframes/admin_wireframes.html?run=3000&screen=M03&person=P00108,false
P00109,Pranali,Naik,9000055661,,Pune,25 to 29,community,true,false,S2,free,,,Adviser 01,10 to 25 lakhs,25 lakhs to 1 crore,"Around 40%, some serious money",Generosity,2026-04-11,2026-04-11,,,,,,,,2026-04-14,20,not_started,,not_started,,,,,,,,,off,,62,https://spiffler33.github.io/yeslyf-wireframes/admin_wireframes.html?run=3000&screen=M03&person=P00109,false
P00114,Meenakshi,Murthy,9000068716,meenakshi.murthy.683@example.com,Hyderabad,30 to 34,community,true,false,S2,free,,,Adviser 03,25 to 50 lakhs,25 lakhs to 1 crore,"More than 40%, I live well below my means",Security,2026-04-08,2026-04-08,,,,,,,,2026-06-29,20,not_started,,not_started,,,,,,,,,off,,62,https://spiffler33.github.io/yeslyf-wireframes/admin_wireframes.html?run=3000&screen=M03&person=P00114,false
P00116,Tanvi,Bedi,9000033776,tanvi.bedi.403@example.com,Gurugram,30 to 34,community,true,false,S13,diy,diy,lapsed,Adviser 03,25 to 50 lakhs,25 lakhs to 1 crore,"More than 40%, I live well below my means",Security,2026-04-14,2026-04-14,2026-04-15,2026-04-18,2026-04-18,2026-04-20,,2026-10-15,,2026-09-15,100,verified,connected,read,ready,0,4,2026-10-15,yes,2,2026-08-02T00:45:50+05:30,,off,,98,https://spiffler33.github.io/yeslyf-wireframes/admin_wireframes.html?run=3000&screen=M03&person=P00116,false
P00119,Ishita,Singh,9000024251,,Gurugram,30 to 34,corporate_session,true,false,S2,free,,,Adviser 04,50 lakhs to 1 crore,25 lakhs to 1 crore,"More than 40%, I live well below my means",Freedom,2026-04-11,2026-04-12,,,,,,,,2026-04-15,20,not_started,,not_started,,,,,,,,,off,,62,https://spiffler33.github.io/yeslyf-wireframes/admin_wireframes.html?run=3000&screen=M03&person=P00119,false
P00121,Sahil,Verma,9000043163,,Gurugram,30 to 34,corporate_session,true,false,S2,free,,,Adviser 04,50 lakhs to 1 crore,5 to 25 lakhs,"More than 40%, I live well below my means",Security,2026-04-16,2026-04-17,,,,,,,,2026-04-20,20,not_started,,not_started,,,,,,,,,off,,62,https://spiffler33.github.io/yeslyf-wireframes/admin_wireframes.html?run=3000&screen=M03&person=P00121,false
P00123,Rohit,Desai,9000085356,,Ahmedabad,35 to 39,community,true,false,S2,free,,,Adviser 05,10 to 25 lakhs,5 to 25 lakhs,"More than 40%, I live well below my means",Freedom,2026-04-10,2026-04-10,,,,,,,,2026-04-13,20,not_started,,not_started,,,,,,,,,off,,62,https://spiffler33.github.io/yeslyf-wireframes/admin_wireframes.html?run=3000&screen=M03&person=P00123,false
P00124,Hardik,Gokhale,9000081496,hardik.gokhale.389@example.com,Surat,40 to 44,corporate_session,true,false,S11,diwm,diwm,active,Adviser 05,10 to 25 lakhs,5 to 25 lakhs,"More than 40%, I live well below my means",Freedom,2026-04-09,2026-04-09,2026-04-16,2026-05-03,2026-05-03,2026-05-03,,2026-10-30,2026-10-13,2026-09-14,100,verified,connected,read,done,3,3,2026-10-13,yes,0,2026-05-03T08:56:33+05:30,,off,,100,https://spiffler33.github.io/yeslyf-wireframes/admin_wireframes.html?run=3000&screen=M03&person=P00124,false
P00126,Hardik,Vora,9000085311,,Mumbai,30 to 34,referral,true,false,S2,free,,,Adviser 04,25 to 50 lakhs,25 lakhs to 1 crore,"More than 40%, I live well below my means",Family,2026-04-08,2026-04-09,,,,,,,,2026-04-12,20,not_started,,not_started,,,,,,,,,off,,62,https://spiffler33.github.io/yeslyf-wireframes/admin_wireframes.html?run=3000&screen=M03&person=P00126,false
P00128,Aparna,Raman,9000097392,,Hyderabad,40 to 44,organic,true,false,S1,free,,,Adviser 06,50 lakhs to 1 crore,1 to 5 crores,"Around 25%, meaningful amounts",,2026-04-08,,,,,,,,,2026-04-09,0,not_started,,not_started,,,,,,,,,off,,50,https://spiffler33.github.io/yeslyf-wireframes/admin_wireframes.html?run=3000&screen=M03&person=P00128,false
P00129,Aravind,Murthy,9000026224,,Bengaluru,25 to 29,corporate_session,false,false,S2,free,,,Adviser 05,Under 10 lakhs,5 to 25 lakhs,"More than 40%, I live well below my means",Security,2026-04-08,2026-04-08,,,,,,,,2026-04-10,20,not_started,,not_started,,,,,,,,,off,,62,https://spiffler33.github.io/yeslyf-wireframes/admin_wireframes.html?run=3000&screen=M03&person=P00129,false
P00130,Aravind,Varma,9000075791,aravind.varma.478@example.com,Bengaluru,30 to 34,community,true,false,S2,free,,,Adviser 04,Under 10 lakhs,5 to 25 lakhs,"More than 40%, I live well below my means",Generosity,2026-04-10,2026-04-10,,,,,,,,2026-07-01,20,not_started,,not_started,,,,,,,,,off,,62,https://spiffler33.github.io/yeslyf-wireframes/admin_wireframes.html?run=3000&screen=M03&person=P00130,false
P00134,Ishita,Saxena,9000076222,ishita.saxena.247@example.com,Delhi,35 to 39,community,true,false,S2,free,,,Adviser 03,50 lakhs to 1 crore,25 lakhs to 1 crore,"Around 40%, some serious money",Family,2026-04-15,2026-04-15,,,,,,,,2026-07-06,20,not_started,,not_started,,,,,,,,,off,,62,https://spiffler33.github.io/yeslyf-wireframes/admin_wireframes.html?run=3000&screen=M03&person=P00134,false
P00135,Anand,Krishnan,9000044539,,Bengaluru,25 to 29,corporate_session,false,false,S2,free,,,Adviser 02,10 to 25 lakhs,5 to 25 lakhs,"Around 10%, small consistent chunks",Freedom,2026-04-10,2026-04-10,,,,,,,,2026-04-11,20,not_started,,not_started,,,,,,,,,off,,62,https://spiffler33.github.io/yeslyf-wireframes/admin_wireframes.html?run=3000&screen=M03&person=P00135,false
P00136,Sakshi,Agarwal,9000073680,,Gurugram,35 to 39,community,true,false,S2,free,,,Adviser 04,25 to 50 lakhs,25 lakhs to 1 crore,"More than 40%, I live well below my means",Generosity,2026-04-10,2026-04-10,,,,,,,,2026-04-14,20,not_started,,not_started,,,,,,,,,off,,62,https://spiffler33.github.io/yeslyf-wireframes/admin_wireframes.html?run=3000&screen=M03&person=P00136,false
P00138,Sagar,Patel,9000067981,sagar.patel.891@example.com,Surat,35 to 39,web_reveal,true,false,S2,free,,,Adviser 05,25 to 50 lakhs,25 lakhs to 1 crore,"More than 40%, I live well below my means",Legacy,2026-04-11,2026-04-11,,,,,,,,2026-07-03,20,not_started,,not_started,,,,,,,,,off,,62,https://spiffler33.github.io/yeslyf-wireframes/admin_wireframes.html?run=3000&screen=M03&person=P00138,false
P00142,Tarun,Mehra,9000042641,tarun.mehra.243@example.com,Gurugram,30 to 34,referral,true,false,S2b,free,,,Adviser 05,10 to 25 lakhs,5 to 25 lakhs,"More than 40%, I live well below my means",Generosity,2026-04-15,2026-04-15,,,,,,,,2026-07-06,20,verified (address typed),,not_started,,,,,,,,,off,,88,https://spiffler33.github.io/yeslyf-wireframes/admin_wireframes.html?run=3000&screen=M03&person=P00142,false
P00143,Kavitha,Iyengar,9000093804,,Hyderabad,35 to 39,referral,true,false,S2,free,,,Adviser 06,25 to 50 lakhs,5 to 25 lakhs,"More than 40%, I live well below my means",Family,2026-04-15,2026-04-15,,,,,,,,2026-04-18,20,not_started,,not_started,,,,,,,,,off,,62,https://spiffler33.github.io/yeslyf-wireframes/admin_wireframes.html?run=3000&screen=M03&person=P00143,false
P00145,Shruti,Apte,9000025944,shruti.apte.170@example.com,Mumbai,35 to 39,community,true,true,S2,free,,,Adviser 04,25 to 50 lakhs,25 lakhs to 1 crore,"More than 40%, I live well below my means",Freedom,2026-04-14,2026-04-14,,,,,,,,2026-07-05,20,not_started,,not_started,,,,,,,,,off,,62,https://spiffler33.github.io/yeslyf-wireframes/admin_wireframes.html?run=3000&screen=M03&person=P00145,false
P00146,Kavya,Kohli,9000055388,kavya.kohli.865@example.com,Delhi,40 to 44,community,true,false,S2,free,,,Adviser 02,50 lakhs to 1 crore,Over 5 crores,"Around 40%, some serious money",Family,2026-04-11,2026-04-12,,,,,,,,2026-07-03,20,not_started,,not_started,,,,,,,,,off,,62,https://spiffler33.github.io/yeslyf-wireframes/admin_wireframes.html?run=3000&screen=M03&person=P00146,false
P00150,Sandeep,Shetty,9000014568,sandeep.shetty.374@example.com,Coimbatore,30 to 34,community,false,false,S10,diy,diy,active,Adviser 06,10 to 25 lakhs,25 lakhs to 1 crore,"More than 40%, I live well below my means",Security,2026-04-13,2026-04-14,2026-04-15,2026-04-27,2026-04-27,2026-04-27,,2026-10-24,2026-10-07,2026-09-16,100,verified,connected,read,done,4,4,2026-10-14,yes,0,2026-04-27T17:32:51+05:30,,off,,100,https://spiffler33.github.io/yeslyf-wireframes/admin_wireframes.html?run=3000&screen=M03&person=P00150,false
P00151,Aniket,Pandya,9000040150,,Ahmedabad,35 to 39,community,true,false,S1,free,,,Adviser 06,,,,,2026-04-12,,,,,,,,,2026-04-13,0,not_started,,not_started,,,,,,,,,off,,19,https://spiffler33.github.io/yeslyf-wireframes/admin_wireframes.html?run=3000&screen=M03&person=P00151,false
P00152,Arjun,Verma,9000009012,,Delhi,35 to 39,organic,true,false,S2,free,,,Adviser 03,25 to 50 lakhs,25 lakhs to 1 crore,"More than 40%, I live well below my means",Family,2026-04-19,2026-04-19,,,,,,,,2026-04-22,20,not_started,,not_started,,,,,,,,,off,,62,https://spiffler33.github.io/yeslyf-wireframes/admin_wireframes.html?run=3000&screen=M03&person=P00152,false
P00153,Ramya,Iyengar,9000090102,,Bengaluru,35 to 39,organic,true,false,S2,free,,,Adviser 02,10 to 25 lakhs,25 lakhs to 1 crore,"More than 40%, I live well below my means",Family,2026-04-12,2026-04-13,,,,,,,,2026-04-16,20,not_started,,not_started,,,,,,,,,off,,62,https://spiffler33.github.io/yeslyf-wireframes/admin_wireframes.html?run=3000&screen=M03&person=P00153,false
P00155,Sourav,Chatterjee,9000049653,sourav.chatterjee.779@example.com,Bhubaneswar,30 to 34,web_reveal,false,false,S2,free,,,Adviser 01,10 to 25 lakhs,25 lakhs to 1 crore,"Around 40%, some serious money",Family,2026-04-12,2026-04-12,,,,,,,,2026-07-04,20,not_started,,not_started,,,,,,,,,off,,62,https://spiffler33.github.io/yeslyf-wireframes/admin_wireframes.html?run=3000&screen=M03&person=P00155,false
P00161,Ganesh,Prasad,9000008535,,Chennai,35 to 39,organic,true,false,S2,free,,,Adviser 05,10 to 25 lakhs,5 to 25 lakhs,"Around 40%, some serious money",Legacy,2026-04-13,2026-04-13,,,,,,,,2026-04-16,20,not_started,,not_started,,,,,,,,,off,,62,https://spiffler33.github.io/yeslyf-wireframes/admin_wireframes.html?run=3000&screen=M03&person=P00161,false
P00162,Chinmay,Jadhav,9000063985,chinmay.jadhav.373@example.com,Pune,30 to 34,community,false,false,S10,diwm,diwm,active,Adviser 04,10 to 25 lakhs,5 to 25 lakhs,"Around 40%, some serious money",Security,2026-04-12,2026-04-13,2026-05-05,2026-05-17,2026-05-17,2026-05-17,2026-07-10,2026-11-13,2026-11-01,2026-09-20,100,verified,failed,read,done,7,7,,yes,0,2026-05-17T10:49:32+05:30,,off,Adviser 06,100,https://spiffler33.github.io/yeslyf-wireframes/admin_wireframes.html?run=3000&screen=M03&person=P00162,false
P00163,Sandeep,Pai,9000019991,sandeep.pai.870@example.com,Hyderabad,30 to 34,community,true,false,S2,free,,,Adviser 05,10 to 25 lakhs,25 lakhs to 1 crore,"Around 25%, meaningful amounts",Security,2026-04-12,2026-04-12,,,,,,,,2026-07-04,20,not_started,,not_started,,,,,,,,,off,,62,https://spiffler33.github.io/yeslyf-wireframes/admin_wireframes.html?run=3000&screen=M03&person=P00163,false
P00164,Mansi,Mehta,9000057471,,Surat,30 to 34,community,true,false,S2,free,,,Adviser 01,10 to 25 lakhs,5 to 25 lakhs,"Around 40%, some serious money",Freedom,2026-04-14,2026-04-15,,,,,,,,2026-04-18,20,not_started,,not_started,,,,,,,,,off,,62,https://spiffler33.github.io/yeslyf-wireframes/admin_wireframes.html?run=3000&screen=M03&person=P00164,false
P00165,Tejas,Dave,9000057802,,Pune,30 to 34,community,true,false,S1,free,,,Adviser 01,10 to 25 lakhs,5 to 25 lakhs,"Around 40%, some serious money",,2026-04-13,,,,,,,,,2026-04-14,0,not_started,,not_started,,,,,,,,,off,,50,https://spiffler33.github.io/yeslyf-wireframes/admin_wireframes.html?run=3000&screen=M03&person=P00165,false
P00168,Akshay,Srivastava,9000099774,akshay.srivastava.130@example.com,Delhi,40 to 44,web_reveal,false,false,S2,free,,,Adviser 05,Over 1 crore,1 to 5 crores,"Around 40%, some serious money",Legacy,2026-04-14,2026-04-14,,,,,,,,2026-07-05,20,not_started,,not_started,,,,,,,,,off,,62,https://spiffler33.github.io/yeslyf-wireframes/admin_wireframes.html?run=3000&screen=M03&person=P00168,false
P00169,Vaibhav,Shah,9000073780,vaibhav.shah.953@example.com,Pune,30 to 34,web_reveal,true,false,S2,free,,,Adviser 01,10 to 25 lakhs,5 to 25 lakhs,"More than 40%, I live well below my means",Freedom,2026-04-15,2026-04-15,,,,,,,,2026-07-06,20,not_started,,not_started,,,,,,,,,off,,62,https://spiffler33.github.io/yeslyf-wireframes/admin_wireframes.html?run=3000&screen=M03&person=P00169,false
P00170,Sudipta,Chakraborty,9000026878,,Pune,30 to 34,community,true,false,S1,free,,,Adviser 03,10 to 25 lakhs,25 lakhs to 1 crore,,,2026-04-14,,,,,,,,,2026-04-15,0,not_started,,not_started,,,,,,,,,off,,38,https://spiffler33.github.io/yeslyf-wireframes/admin_wireframes.html?run=3000&screen=M03&person=P00170,false
P00171,Rajiv,Reddy,9000035797,,Bengaluru,30 to 34,corporate_session,true,false,S2,free,,,Adviser 05,25 to 50 lakhs,5 to 25 lakhs,"More than 40%, I live well below my means",Family,2026-04-15,2026-04-15,,,,,,,,2026-04-18,20,not_started,,not_started,,,,,,,,,off,,62,https://spiffler33.github.io/yeslyf-wireframes/admin_wireframes.html?run=3000&screen=M03&person=P00171,false
P00173,Divya,Agarwal,9000071658,,Gurugram,30 to 34,community,true,true,S1,free,,,Adviser 06,50 lakhs to 1 crore,1 to 5 crores,"More than 40%, I live well below my means",,2026-04-14,,,,,,,,,2026-04-14,0,not_started,,not_started,,,,,,,,,off,,50,https://spiffler33.github.io/yeslyf-wireframes/admin_wireframes.html?run=3000&screen=M03&person=P00173,false
P00174,Ishani,Ghosh,9000019090,,Mumbai,30 to 34,community,true,false,S2,free,,,Adviser 04,10 to 25 lakhs,1 to 5 crores,"Around 40%, some serious money",Family,2026-04-15,2026-04-15,,,,,,,,2026-04-18,20,not_started,,not_started,,,,,,,,,off,,62,https://spiffler33.github.io/yeslyf-wireframes/admin_wireframes.html?run=3000&screen=M03&person=P00174,false
P00175,Revathi,Balakrishnan,9000094777,,Coimbatore,30 to 34,community,true,false,S2,free,,,Adviser 01,10 to 25 lakhs,25 lakhs to 1 crore,"More than 40%, I live well below my means",Family,2026-04-15,2026-04-17,,,,,,,,2026-04-20,20,not_started,,not_started,,,,,,,,,off,,62,https://spiffler33.github.io/yeslyf-wireframes/admin_wireframes.html?run=3000&screen=M03&person=P00175,false
P00176,Biswajit,Mohanty,9000041563,,Gurugram,35 to 39,corporate_session,true,false,S1,free,,,Adviser 03,Over 1 crore,,,,2026-04-16,,,,,,,,,2026-04-17,0,not_started,,not_started,,,,,,,,,off,,31,https://spiffler33.github.io/yeslyf-wireframes/admin_wireframes.html?run=3000&screen=M03&person=P00176,false
P00178,Sindhu,Kumar,9000031512,,Chennai,35 to 39,community,true,false,S2,free,,,Adviser 02,50 lakhs to 1 crore,5 to 25 lakhs,"More than 40%, I live well below my means",Generosity,2026-04-15,2026-04-16,,,,,,,,2026-04-19,20,not_started,,not_started,,,,,,,,,off,,62,https://spiffler33.github.io/yeslyf-wireframes/admin_wireframes.html?run=3000&screen=M03&person=P00178,false
P00180,Sayan,Ghosh,9000033455,sayan.ghosh.402@example.com,Kolkata,30 to 34,corporate_session,true,true,S13,diwm,diwm,lapsed,Adviser 01,10 to 25 lakhs,5 to 25 lakhs,"Around 25%, meaningful amounts",Legacy,2026-04-16,2026-04-16,2026-04-23,2026-05-08,2026-05-08,,,2026-11-04,,2026-09-12,100,verified,partial,built,ready,0,4,2026-10-16,yes,0,2026-05-08T13:53:06+05:30,,off,,100,https://spiffler33.github.io/yeslyf-wireframes/admin_wireframes.html?run=3000&screen=M03&person=P00180,false
P00182,Ruchi,Mishra,9000047679,,Delhi,40 to 44,corporate_session,true,false,S1,free,,,Adviser 01,50 lakhs to 1 crore,1 to 5 crores,,,2026-04-17,,,,,,,,,2026-04-18,0,not_started,,not_started,,,,,,,,,off,,38,https://spiffler33.github.io/yeslyf-wireframes/admin_wireframes.html?run=3000&screen=M03&person=P00182,false
P00183,Nidhi,Pawar,9000016829,nidhi.pawar.153@example.com,Pune,45 and over,community,true,false,S2,free,,,Adviser 04,10 to 25 lakhs,5 to 25 lakhs,"Around 40%, some serious money",Family,2026-04-17,2026-04-17,,,,,,,,2026-07-08,20,not_started,,not_started,,,,,,,,,off,,62,https://spiffler33.github.io/yeslyf-wireframes/admin_wireframes.html?run=3000&screen=M03&person=P00183,false
P00186,Biswajit,Mitra,9000096609,,Mumbai,30 to 34,corporate_session,false,false,S2,free,,,Adviser 05,25 to 50 lakhs,25 lakhs to 1 crore,"Around 10%, small consistent chunks",Family,2026-04-16,2026-04-17,,,,,,,,2026-04-18,20,not_started,,not_started,,,,,,,,,off,,62,https://spiffler33.github.io/yeslyf-wireframes/admin_wireframes.html?run=3000&screen=M03&person=P00186,false
P00187,Gurpreet,Agarwal,9000050769,,Gurugram,30 to 34,corporate_session,true,false,S2,free,,,Adviser 06,25 to 50 lakhs,1 to 5 crores,"More than 40%, I live well below my means",Family,2026-04-16,2026-04-16,,,,,,,,2026-04-19,20,not_started,,not_started,,,,,,,,,off,,62,https://spiffler33.github.io/yeslyf-wireframes/admin_wireframes.html?run=3000&screen=M03&person=P00187,false
P00188,Aparna,Varma,9000043385,,Pune,25 to 29,community,true,false,S2,free,,,Adviser 02,10 to 25 lakhs,25 lakhs to 1 crore,"Around 40%, some serious money",Legacy,2026-04-14,2026-04-14,,,,,,,,2026-04-17,20,not_started,,not_started,,,,,,,,,off,,62,https://spiffler33.github.io/yeslyf-wireframes/admin_wireframes.html?run=3000&screen=M03&person=P00188,false
P00190,Aniket,Joshi,9000061165,aniket.joshi.171@example.com,Mumbai,30 to 34,community,true,false,S2,free,,,Adviser 04,25 to 50 lakhs,5 to 25 lakhs,"More than 40%, I live well below my means",Freedom,2026-04-15,2026-04-15,,,,,,,,2026-07-06,20,not_started,,not_started,,,,,,,,,off,,62,https://spiffler33.github.io/yeslyf-wireframes/admin_wireframes.html?run=3000&screen=M03&person=P00190,false
P00191,Vaibhav,Mehta,9000033793,,Surat,30 to 34,organic,true,false,S2,free,,,Adviser 05,10 to 25 lakhs,25 lakhs to 1 crore,"More than 40%, I live well below my means",Freedom,2026-04-22,2026-04-22,,,,,,,,2026-04-25,20,not_started,,not_started,,,,,,,,,off,,62,https://spiffler33.github.io/yeslyf-wireframes/admin_wireframes.html?run=3000&screen=M03&person=P00191,false
P00192,Meenakshi,Nair,9000098649,meenakshi.nair.277@example.com,Bengaluru,25 to 29,web_reveal,false,false,S2,free,,,Adviser 06,10 to 25 lakhs,5 to 25 lakhs,"More than 40%, I live well below my means",Freedom,2026-04-15,2026-04-18,,,,,,,,2026-07-09,20,not_started,,not_started,,,,,,,,,off,,62,https://spiffler33.github.io/yeslyf-wireframes/admin_wireframes.html?run=3000&screen=M03&person=P00192,false
P00194,Nishant,Gokhale,9000060011,nishant.gokhale.376@example.com,Ahmedabad,35 to 39,web_reveal,true,false,S10,diwm,diwm,active,Adviser 02,10 to 25 lakhs,25 lakhs to 1 crore,"Around 40%, some serious money",Family,2026-04-15,2026-04-16,2026-04-16,2026-05-01,2026-05-01,2026-05-05,2026-05-09,2026-10-28,2026-10-13,2026-09-20,100,verified,not_connected,read,done,5,5,,yes,0,2026-05-01T16:39:38+05:30,,off,Adviser 03,100,https://spiffler33.github.io/yeslyf-wireframes/admin_wireframes.html?run=3000&screen=M03&person=P00194,false
P00197,Prasanna,Rao,9000029585,,Hyderabad,35 to 39,community,true,false,S1,free,,,Adviser 04,25 to 50 lakhs,,,,2026-04-20,,,,,,,,,2026-04-21,0,not_started,,not_started,,,,,,,,,off,,31,https://spiffler33.github.io/yeslyf-wireframes/admin_wireframes.html?run=3000&screen=M03&person=P00197,false
P00198,Aparna,Varma,9000053938,,Bengaluru,25 to 29,organic,false,false,S2,free,,,Adviser 02,10 to 25 lakhs,Under 5 lakhs,"Around 25%, meaningful amounts",Security,2026-04-18,2026-04-18,,,,,,,,2026-04-20,20,not_started,,not_started,,,,,,,,,off,,62,https://spiffler33.github.io/yeslyf-wireframes/admin_wireframes.html?run=3000&screen=M03&person=P00198,false
P00199,Priyanka,Mitra,9000070913,,Hyderabad,30 to 34,community,true,true,S2,free,,,Adviser 05,25 to 50 lakhs,25 lakhs to 1 crore,"More than 40%, I live well below my means",Family,2026-04-25,2026-04-25,,,,,,,,2026-04-26,20,not_started,,not_started,,,,,,,,,off,,62,https://spiffler33.github.io/yeslyf-wireframes/admin_wireframes.html?run=3000&screen=M03&person=P00199,false
P00200,Sanjana,Mehra,9000073708,,Gurugram,30 to 34,community,true,false,S2,free,,,Adviser 05,Over 1 crore,1 to 5 crores,"More than 40%, I live well below my means",Family,2026-04-20,2026-04-20,,,,,,,,2026-04-23,20,not_started,,not_started,,,,,,,,,off,,62,https://spiffler33.github.io/yeslyf-wireframes/admin_wireframes.html?run=3000&screen=M03&person=P00200,false
P00201,Nandini,Srinivasan,9000080127,,Bengaluru,25 to 29,organic,true,true,S2,free,,,Adviser 03,10 to 25 lakhs,5 to 25 lakhs,"More than 40%, I live well below my means",Freedom,2026-04-20,2026-04-20,,,,,,,,2026-04-21,20,not_started,,not_started,,,,,,,,,off,,62,https://spiffler33.github.io/yeslyf-wireframes/admin_wireframes.html?run=3000&screen=M03&person=P00201,false
P00202,Meenakshi,Raman,9000028324,meenakshi.raman.395@example.com,Chennai,35 to 39,community,true,true,S12,diwm,diwm,failed,Adviser 06,25 to 50 lakhs,25 lakhs to 1 crore,"Around 40%, some serious money",Generosity,2026-04-17,2026-04-17,2026-04-24,2026-05-20,2026-05-20,2026-05-20,,2026-11-16,,2026-09-21,100,verified,connected,read,done,5,5,2026-10-12,yes,0,2026-05-15T07:41:49+05:30,,off,,100,https://spiffler33.github.io/yeslyf-wireframes/admin_wireframes.html?run=3000&screen=M03&person=P00202,false
P00203,Nithya,Rao,9000063689,nithya.rao.331@example.com,Chennai,30 to 34,community,false,false,S8,diwm,diwm,active,Adviser 05,10 to 25 lakhs,25 lakhs to 1 crore,"Around 40%, some serious money",Freedom,2026-04-17,2026-04-17,2026-05-06,2026-05-21,2026-05-21,2026-05-21,,2026-11-17,2026-10-03,2026-09-22,100,verified,cas_uploaded,read,ready,0,3,,yes,0,2026-05-21T09:03:54+05:30,,off,,98,https://spiffler33.github.io/yeslyf-wireframes/admin_wireframes.html?run=3000&screen=M03&person=P00203,false
P00204,Akshay,Khanna,9000086919,,Mumbai,30 to 34,community,false,false,S2,free,,,Adviser 03,25 to 50 lakhs,25 lakhs to 1 crore,"More than 40%, I live well below my means",Legacy,2026-04-16,2026-04-16,,,,,,,,2026-04-18,20,not_started,,not_started,,,,,,,,,off,,62,https://spiffler33.github.io/yeslyf-wireframes/admin_wireframes.html?run=3000&screen=M03&person=P00204,false
P00208,Omkar,Pawar,9000082543,omkar.pawar.254@example.com,Mumbai,30 to 34,web_reveal,true,false,S2,free,,,Adviser 02,25 to 50 lakhs,25 lakhs to 1 crore,"More than 40%, I live well below my means",Generosity,2026-04-19,2026-04-20,,,,,,,,2026-07-11,20,not_started,,not_started,,,,,,,,,off,,62,https://spiffler33.github.io/yeslyf-wireframes/admin_wireframes.html?run=3000&screen=M03&person=P00208,false
P00214,Ayesha,Kohli,9000073807,,Gurugram,35 to 39,community,true,false,S2,free,,,Adviser 04,25 to 50 lakhs,1 to 5 crores,"More than 40%, I live well below my means",Family,2026-04-19,2026-04-19,,,,,,,,2026-04-22,20,not_started,,not_started,,,,,,,,,off,,62,https://spiffler33.github.io/yeslyf-wireframes/admin_wireframes.html?run=3000&screen=M03&person=P00214,false
P00216,Madhav,Kumar,9000052330,madhav.kumar.441@example.com,Bengaluru,under 25,web_reveal,true,false,S2,free,,,Adviser 03,10 to 25 lakhs,5 to 25 lakhs,"Around 25%, meaningful amounts",Freedom,2026-04-24,2026-04-24,,,,,,,,2026-07-15,20,not_started,,not_started,,,,,,,,,off,,62,https://spiffler33.github.io/yeslyf-wireframes/admin_wireframes.html?run=3000&screen=M03&person=P00216,false
P00217,Sagar,Shah,9000062235,,Mumbai,25 to 29,community,true,true,S2,free,,,Adviser 03,25 to 50 lakhs,25 lakhs to 1 crore,"More than 40%, I live well below my means",Generosity,2026-04-21,2026-04-21,,,,,,,,2026-04-22,20,not_started,,not_started,,,,,,,,,off,,62,https://spiffler33.github.io/yeslyf-wireframes/admin_wireframes.html?run=3000&screen=M03&person=P00217,false
P00218,Rahul,Agarwal,9000002098,,Gurugram,30 to 34,referral,true,false,S1,free,,,Adviser 06,,,,,2026-04-22,,,,,,,,,2026-04-23,0,not_started,,not_started,,,,,,,,,off,,25,https://spiffler33.github.io/yeslyf-wireframes/admin_wireframes.html?run=3000&screen=M03&person=P00218,false
P00221,Biswajit,Roy,9000058840,,Bengaluru,25 to 29,community,true,false,S1,free,,,Adviser 02,10 to 25 lakhs,5 to 25 lakhs,"Around 40%, some serious money",,2026-04-21,,,,,,,,,2026-04-22,0,not_started,,not_started,,,,,,,,,off,,44,https://spiffler33.github.io/yeslyf-wireframes/admin_wireframes.html?run=3000&screen=M03&person=P00221,false
P00223,Ankit,Srivastava,9000099074,,Delhi,35 to 39,corporate_session,true,false,S1,free,,,Adviser 06,10 to 25 lakhs,1 to 5 crores,,,2026-04-23,,,,,,,,,2026-04-24,0,not_started,,not_started,,,,,,,,,off,,38,https://spiffler33.github.io/yeslyf-wireframes/admin_wireframes.html?run=3000&screen=M03&person=P00223,false
P00225,Tejas,Gokhale,9000059077,,Ahmedabad,25 to 29,referral,true,false,S2,free,,,Adviser 01,10 to 25 lakhs,5 to 25 lakhs,"More than 40%, I live well below my means",Legacy,2026-04-21,2026-04-21,,,,,,,,2026-04-24,20,not_started,,not_started,,,,,,,,,off,,62,https://spiffler33.github.io/yeslyf-wireframes/admin_wireframes.html?run=3000&screen=M03&person=P00225,false
P00226,Harini,Rao,9000094938,harini.rao.211@example.com,Hyderabad,35 to 39,community,true,false,S2,free,,,Adviser 06,25 to 50 lakhs,25 lakhs to 1 crore,"More than 40%, I live well below my means",Family,2026-04-20,2026-04-20,,,,,,,,2026-07-11,20,not_started,,not_started,,,,,,,,,off,,62,https://spiffler33.github.io/yeslyf-wireframes/admin_wireframes.html?run=3000&screen=M03&person=P00226,false
P00227,Jay,Apte,9000091573,,Nagpur,35 to 39,community,true,false,S1,free,,,Adviser 01,,,,,2026-04-20,,,,,,,,,2026-04-22,0,not_started,,not_started,,,,,,,,,off,,12,https://spiffler33.github.io/yeslyf-wireframes/admin_wireframes.html?run=3000&screen=M03&person=P00227,false
P00228,Pradeep,Pai,9000078837,,Chennai,25 to 29,community,true,false,S2,free,,,Adviser 05,10 to 25 lakhs,5 to 25 lakhs,"More than 40%, I live well below my means",Freedom,2026-04-19,2026-04-20,,,,,,,,2026-04-23,20,not_started,,not_started,,,,,,,,,off,,62,https://spiffler33.github.io/yeslyf-wireframes/admin_wireframes.html?run=3000&screen=M03&person=P00228,false
P00229,Ketan,Deshmukh,9000002029,,Mumbai,30 to 34,community,true,false,S2,free,,,Adviser 01,25 to 50 lakhs,5 to 25 lakhs,"More than 40%, I live well below my means",Freedom,2026-04-19,2026-04-20,,,,,,,,2026-04-23,20,not_started,,not_started,,,,,,,,,off,,62,https://spiffler33.github.io/yeslyf-wireframes/admin_wireframes.html?run=3000&screen=M03&person=P00229,false
P00232,Sagar,Patil,9000016530,,Ahmedabad,30 to 34,referral,true,false,S2,free,,,Adviser 06,10 to 25 lakhs,25 lakhs to 1 crore,"Around 40%, some serious money",Freedom,2026-04-19,2026-04-20,,,,,,,,2026-04-23,20,not_started,,not_started,,,,,,,,,off,,62,https://spiffler33.github.io/yeslyf-wireframes/admin_wireframes.html?run=3000&screen=M03&person=P00232,false
P00235,Mohit,Bansal,9000075817,,Gurugram,35 to 39,community,true,false,S1,free,,,Adviser 02,,,,,2026-04-25,,,,,,,,,2026-04-26,0,not_started,,not_started,,,,,,,,,off,,12,https://spiffler33.github.io/yeslyf-wireframes/admin_wireframes.html?run=3000&screen=M03&person=P00235,false
P00237,Venkat,Rao,9000064955,,Hyderabad,35 to 39,community,true,false,S1,free,,,Adviser 04,25 to 50 lakhs,1 to 5 crores,,,2026-04-22,,,,,,,,,2026-04-24,0,not_started,,not_started,,,,,,,,,off,,38,https://spiffler33.github.io/yeslyf-wireframes/admin_wireframes.html?run=3000&screen=M03&person=P00237,false
P00240,Heena,Pawar,9000046809,,Pune,40 to 44,corporate_session,false,false,S2,free,,,Adviser 03,25 to 50 lakhs,1 to 5 crores,"More than 40%, I live well below my means",Security,2026-04-22,2026-04-23,,,,,,,,2026-04-24,20,not_started,,not_started,,,,,,,,,off,,62,https://spiffler33.github.io/yeslyf-wireframes/admin_wireframes.html?run=3000&screen=M03&person=P00240,false
P00244,Rohan,Tandon,9000070050,rohan.tandon.346@example.com,Gurugram,35 to 39,community,true,false,S9,diy,diy,active,Adviser 01,25 to 50 lakhs,1 to 5 crores,"Around 40%, some serious money",Security,2026-04-23,2026-04-24,2026-04-24,2026-05-06,2026-05-06,2026-05-08,,2026-11-02,2026-10-21,2026-09-17,100,verified,not_connected,read,executing,4,5,,yes,0,2026-05-06T09:12:12+05:30,rule,off,,98,https://spiffler33.github.io/yeslyf-wireframes/admin_wireframes.html?run=3000&screen=M03&person=P00244,false
P00246,Rohan,Singh,9000037687,rohan.singh.764@example.com,Delhi,25 to 29,community,true,true,S1,free,,,Adviser 02,25 to 50 lakhs,5 to 25 lakhs,,,2026-04-21,,,,,,,,,2026-04-21,0,not_started,,not_started,,,,,,,,,off,,38,https://spiffler33.github.io/yeslyf-wireframes/admin_wireframes.html?run=3000&screen=M03&person=P00246,false
P00247,Madhura,Mehta,9000007997,,Pune,30 to 34,community,true,false,S2,free,,,Adviser 05,10 to 25 lakhs,5 to 25 lakhs,"More than 40%, I live well below my means",Freedom,2026-04-24,2026-04-24,,,,,,,,2026-04-27,20,not_started,,not_started,,,,,,,,,off,,62,https://spiffler33.github.io/yeslyf-wireframes/admin_wireframes.html?run=3000&screen=M03&person=P00247,false
P00249,Deepak,Gupta,9000047855,,Gurugram,35 to 39,organic,true,false,S1,free,,,Adviser 01,10 to 25 lakhs,25 lakhs to 1 crore,"More than 40%, I live well below my means",,2026-04-22,,,,,,,,,2026-04-23,0,not_started,,not_started,,,,,,,,,off,,44,https://spiffler33.github.io/yeslyf-wireframes/admin_wireframes.html?run=3000&screen=M03&person=P00249,false
P00250,Ganesh,Pillai,9000093255,,Bengaluru,25 to 29,corporate_session,true,false,S2,free,,,Adviser 05,10 to 25 lakhs,Under 5 lakhs,"More than 40%, I live well below my means",Generosity,2026-04-21,2026-04-21,,,,,,,,2026-04-24,20,not_started,,not_started,,,,,,,,,off,,62,https://spiffler33.github.io/yeslyf-wireframes/admin_wireframes.html?run=3000&screen=M03&person=P00250,false
P00251,Meenakshi,Prasad,9000018477,meenakshi.prasad.948@example.com,Bengaluru,40 to 44,web_reveal,false,false,S1,free,,,Adviser 04,,,,,2026-04-21,,,,,,,,,2026-04-21,0,not_started,,not_started,,,,,,,,,off,,12,https://spiffler33.github.io/yeslyf-wireframes/admin_wireframes.html?run=3000&screen=M03&person=P00251,false
P00252,Varsha,Rao,9000035940,varsha.rao.684@example.com,Hyderabad,under 25,community,true,false,S1,free,,,Adviser 06,,,,,2026-04-21,,,,,,,,,2026-04-22,0,not_started,,not_started,,,,,,,,,off,,12,https://spiffler33.github.io/yeslyf-wireframes/admin_wireframes.html?run=3000&screen=M03&person=P00252,false
P00254,Venkat,Kumar,9000062868,venkat.kumar.396@example.com,Bengaluru,25 to 29,corporate_session,false,false,S12,diy,diy,failed,Adviser 06,10 to 25 lakhs,5 to 25 lakhs,"Around 10%, small consistent chunks",Legacy,2026-04-24,2026-04-24,2026-04-24,2026-04-29,2026-04-29,2026-04-29,,2026-10-26,,2026-09-21,100,verified,cas_uploaded,read,done,6,6,,yes,3,2026-08-08T19:25:42+05:30,,off,,100,https://spiffler33.github.io/yeslyf-wireframes/admin_wireframes.html?run=3000&screen=M03&person=P00254,false
P00255,Tejas,Bhosale,9000068432,,Pune,30 to 34,community,true,false,S2,free,,,Adviser 05,25 to 50 lakhs,25 lakhs to 1 crore,"More than 40%, I live well below my means",Legacy,2026-04-23,2026-04-24,,,,,,,,2026-04-27,20,not_started,,not_started,,,,,,,,,off,,62,https://spiffler33.github.io/yeslyf-wireframes/admin_wireframes.html?run=3000&screen=M03&person=P00255,false
P00258,Siddharth,Mehta,9000043453,,Pune,30 to 34,corporate_session,true,false,S2,free,,,Adviser 02,25 to 50 lakhs,5 to 25 lakhs,"Around 25%, meaningful amounts",Family,2026-04-22,2026-04-23,,,,,,,,2026-04-26,20,not_started,,not_started,,,,,,,,,off,,62,https://spiffler33.github.io/yeslyf-wireframes/admin_wireframes.html?run=3000&screen=M03&person=P00258,false
P00259,Vishnu,Nair,9000074792,vishnu.nair.838@example.com,Chennai,40 to 44,web_reveal,true,false,S1,free,,,Adviser 03,50 lakhs to 1 crore,1 to 5 crores,"Around 40%, some serious money",,2026-04-22,,,,,,,,,2026-04-23,0,not_started,,not_started,,,,,,,,,off,,50,https://spiffler33.github.io/yeslyf-wireframes/admin_wireframes.html?run=3000&screen=M03&person=P00259,false
P00260,Omkar,Desai,9000095114,,Mumbai,35 to 39,organic,true,false,S2,free,,,Adviser 04,25 to 50 lakhs,Over 5 crores,"Around 25%, meaningful amounts",Freedom,2026-04-26,2026-04-27,,,,,,,,2026-04-30,20,not_started,,not_started,,,,,,,,,off,,62,https://spiffler33.github.io/yeslyf-wireframes/admin_wireframes.html?run=3000&screen=M03&person=P00260,false
P00262,Tanmoy,Mohanty,9000064242,tanmoy.mohanty.981@example.com,Kolkata,35 to 39,community,true,false,S1,free,,,Adviser 04,,,,,2026-04-22,,,,,,,,,2026-04-23,0,not_started,,not_started,,,,,,,,,off,,19,https://spiffler33.github.io/yeslyf-wireframes/admin_wireframes.html?run=3000&screen=M03&person=P00262,false
P00263,Rajiv,Subramanian,9000046770,,Bengaluru,30 to 34,community,true,false,S2,free,,,Adviser 01,25 to 50 lakhs,Under 5 lakhs,"Around 25%, meaningful amounts",Freedom,2026-04-26,2026-04-26,,,,,,,,2026-04-30,20,not_started,,not_started,,,,,,,,,off,,62,https://spiffler33.github.io/yeslyf-wireframes/admin_wireframes.html?run=3000&screen=M03&person=P00263,false
P00265,Nitin,Tandon,9000044302,nitin.tandon.325@example.com,Gurugram,30 to 34,organic,true,true,S8,diwm,diwm,active,Adviser 01,25 to 50 lakhs,25 lakhs to 1 crore,"Around 25%, meaningful amounts",Family,2026-04-24,2026-04-24,2026-04-29,2026-05-10,2026-05-10,2026-05-13,,2026-11-06,2026-09-26,2026-09-22,100,verified,not_connected,read,ready,0,5,,yes,1,2026-08-27T17:44:33+05:30,,off,,100,https://spiffler33.github.io/yeslyf-wireframes/admin_wireframes.html?run=3000&screen=M03&person=P00265,false
P00267,Gurpreet,Chopra,9000092554,,Gurugram,30 to 34,community,true,false,S1,free,,,Adviser 04,25 to 50 lakhs,25 lakhs to 1 crore,"More than 40%, I live well below my means",,2026-04-24,,,,,,,,,2026-04-25,0,not_started,,not_started,,,,,,,,,off,,50,https://spiffler33.github.io/yeslyf-wireframes/admin_wireframes.html?run=3000&screen=M03&person=P00267,false
P00268,Nithya,Subramanian,9000028589,,Hyderabad,35 to 39,corporate_session,true,false,S2,free,,,Adviser 05,25 to 50 lakhs,1 to 5 crores,"More than 40%, I live well below my means",Security,2026-04-25,2026-04-26,,,,,,,,2026-04-29,20,not_started,,not_started,,,,,,,,,off,,62,https://spiffler33.github.io/yeslyf-wireframes/admin_wireframes.html?run=3000&screen=M03&person=P00268,false
P00272,Shruti,Deshmukh,9000037260,,Pune,30 to 34,corporate_session,false,false,S2,free,,,Adviser 02,25 to 50 lakhs,5 to 25 lakhs,"Around 40%, some serious money",Family,2026-04-23,2026-04-24,,,,,,,,2026-04-25,20,not_started,,not_started,,,,,,,,,off,,62,https://spiffler33.github.io/yeslyf-wireframes/admin_wireframes.html?run=3000&screen=M03&person=P00272,false
P00275,Pradeep,Naidu,9000028407,pradeep.naidu.180@example.com,Hyderabad,40 to 44,web_reveal,true,false,S2,free,,,Adviser 02,50 lakhs to 1 crore,25 lakhs to 1 crore,"More than 40%, I live well below my means",Legacy,2026-04-24,2026-04-24,,,,,,,,2026-07-15,20,not_started,,not_started,,,,,,,,,off,,62,https://spiffler33.github.io/yeslyf-wireframes/admin_wireframes.html?run=3000&screen=M03&person=P00275,false
P00277,Deepa,Pillai,9000081498,deepa.pillai.152@example.com,Kochi,25 to 29,web_reveal,true,false,S2,free,,,Adviser 04,10 to 25 lakhs,25 lakhs to 1 crore,"Around 40%, some serious money",Legacy,2026-04-24,2026-04-25,,,,,,,,2026-07-16,20,not_started,,not_started,,,,,,,,,off,,62,https://spiffler33.github.io/yeslyf-wireframes/admin_wireframes.html?run=3000&screen=M03&person=P00277,false
P00278,Nikhil,Gill,9000072479,nikhil.gill.829@example.com,Delhi,35 to 39,community,true,false,S2,free,,,Adviser 04,50 lakhs to 1 crore,25 lakhs to 1 crore,"More than 40%, I live well below my means",Freedom,2026-04-25,2026-04-25,,,,,,,,2026-07-17,20,not_started,,not_started,,,,,,,,,off,,62,https://spiffler33.github.io/yeslyf-wireframes/admin_wireframes.html?run=3000&screen=M03&person=P00278,false
P00279,Karan,Kapoor,9000013536,karan.kapoor.623@example.com,Noida,30 to 34,web_reveal,true,false,S2,free,,,Adviser 03,25 to 50 lakhs,25 lakhs to 1 crore,"More than 40%, I live well below my means",Family,2026-04-25,2026-04-26,,,,,,,,2026-07-17,20,not_started,,not_started,,,,,,,,,off,,62,https://spiffler33.github.io/yeslyf-wireframes/admin_wireframes.html?run=3000&screen=M03&person=P00279,false
P00280,Heena,Sawant,9000090842,,Pune,35 to 39,corporate_session,true,false,S2,free,,,Adviser 05,10 to 25 lakhs,5 to 25 lakhs,"More than 40%, I live well below my means",Legacy,2026-04-27,2026-04-27,,,,,,,,2026-05-01,20,not_started,,not_started,,,,,,,,,off,,62,https://spiffler33.github.io/yeslyf-wireframes/admin_wireframes.html?run=3000&screen=M03&person=P00280,false
P00281,Vignesh,Varma,9000042922,,Gurugram,30 to 34,organic,true,false,S2,free,,,Adviser 03,25 to 50 lakhs,25 lakhs to 1 crore,"More than 40%, I live well below my means",Family,2026-04-27,2026-04-27,,,,,,,,2026-08-16,20,not_started,,not_started,,,,,,,,,off,,62,https://spiffler33.github.io/yeslyf-wireframes/admin_wireframes.html?run=3000&screen=M03&person=P00281,false
P00283,Nitin,Chopra,9000032517,,Ahmedabad,30 to 34,referral,true,false,S1,free,,,Adviser 05,10 to 25 lakhs,25 lakhs to 1 crore,"Around 25%, meaningful amounts",,2026-04-30,,,,,,,,,2026-05-01,0,not_started,,not_started,,,,,,,,,off,,50,https://spiffler33.github.io/yeslyf-wireframes/admin_wireframes.html?run=3000&screen=M03&person=P00283,false
P00284,Tejas,Patel,9000015715,,Bengaluru,25 to 29,corporate_session,true,false,S1,free,,,Adviser 02,,,,,2026-04-27,,,,,,,,,2026-04-29,0,not_started,,not_started,,,,,,,,,off,,25,https://spiffler33.github.io/yeslyf-wireframes/admin_wireframes.html?run=3000&screen=M03&person=P00284,false
P00288,Rohan,Bedi,9000097160,rohan.bedi.834@example.com,Gurugram,35 to 39,community,true,false,S2,free,,,Adviser 03,50 lakhs to 1 crore,25 lakhs to 1 crore,"More than 40%, I live well below my means",Family,2026-04-24,2026-04-24,,,,,,,,2026-07-16,20,not_started,,not_started,,,,,,,,,off,,62,https://spiffler33.github.io/yeslyf-wireframes/admin_wireframes.html?run=3000&screen=M03&person=P00288,false
P00291,Ayesha,Sharma,9000063490,,Noida,40 to 44,organic,true,false,S2,free,,,Adviser 06,50 lakhs to 1 crore,Over 5 crores,"More than 40%, I live well below my means",Family,2026-05-03,2026-05-03,,,,,,,,2026-05-07,20,not_started,,not_started,,,,,,,,,off,,62,https://spiffler33.github.io/yeslyf-wireframes/admin_wireframes.html?run=3000&screen=M03&person=P00291,false
P00292,Amruta,Trivedi,9000057131,amruta.trivedi.762@example.com,Mumbai,25 to 29,web_reveal,true,false,S1,free,,,Adviser 04,,,,,2026-04-27,,,,,,,,,2026-04-28,0,not_started,,not_started,,,,,,,,,off,,12,https://spiffler33.github.io/yeslyf-wireframes/admin_wireframes.html?run=3000&screen=M03&person=P00292,false
P00293,Keerthana,Nair,9000017220,,Chennai,35 to 39,organic,false,false,S1,free,,,Adviser 06,10 to 25 lakhs,5 to 25 lakhs,"Around 40%, some serious money",,2026-04-25,,,,,,,,,2026-04-25,0,not_started,,not_started,,,,,,,,,off,,50,https://spiffler33.github.io/yeslyf-wireframes/admin_wireframes.html?run=3000&screen=M03&person=P00293,false
P00294,Ganesh,Natarajan,9000040723,,Hyderabad,40 to 44,community,true,true,S2,free,,,Adviser 03,25 to 50 lakhs,Over 5 crores,"Around 25%, meaningful amounts",Legacy,2026-04-30,2026-04-30,,,,,,,,2026-05-01,20,not_started,,not_started,,,,,,,,,off,,62,https://spiffler33.github.io/yeslyf-wireframes/admin_wireframes.html?run=3000&screen=M03&person=P00294,false
P00295,Karan,Rathore,9000075180,,Gurugram,35 to 39,corporate_session,true,false,S2,free,,,Adviser 02,25 to 50 lakhs,25 lakhs to 1 crore,"More than 40%, I live well below my means",Family,2026-04-26,2026-04-26,,,,,,,,2026-04-29,20,not_started,,not_started,,,,,,,,,off,,62,https://spiffler33.github.io/yeslyf-wireframes/admin_wireframes.html?run=3000&screen=M03&person=P00295,false
P00297,Madhura,Pawar,9000082329,,Mumbai,30 to 34,corporate_session,true,true,S2,free,,,Adviser 06,10 to 25 lakhs,1 to 5 crores,"More than 40%, I live well below my means",Freedom,2026-04-25,2026-04-26,,,,,,,,2026-04-27,20,not_started,,not_started,,,,,,,,,off,,62,https://spiffler33.github.io/yeslyf-wireframes/admin_wireframes.html?run=3000&screen=M03&person=P00297,false
P00298,Karthik,Subramanian,9000038506,karthik.subramanian.197@example.com,Bengaluru,30 to 34,community,true,false,S2,free,,,Adviser 01,10 to 25 lakhs,5 to 25 lakhs,"More than 40%, I live well below my means",Freedom,2026-04-30,2026-04-30,,,,,,,,2026-07-21,20,not_started,,not_started,,,,,,,,,off,,62,https://spiffler33.github.io/yeslyf-wireframes/admin_wireframes.html?run=3000&screen=M03&person=P00298,false
P00300,Madhav,Balakrishnan,9000042041,madhav.balakrishnan.765@example.com,Hyderabad,40 to 44,community,true,true,S1,free,,,Adviser 05,50 lakhs to 1 crore,25 lakhs to 1 crore,"Around 25%, meaningful amounts",,2026-04-26,,,,,,,,,2026-04-26,0,not_started,,not_started,,,,,,,,,off,,44,https://spiffler33.github.io/yeslyf-wireframes/admin_wireframes.html?run=3000&screen=M03&person=P00300,false
P00301,Nirav,Kamat,9000094679,,Mumbai,30 to 34,community,true,false,S2,free,,,Adviser 01,25 to 50 lakhs,25 lakhs to 1 crore,"More than 40%, I live well below my means",Freedom,2026-04-25,2026-04-25,,,,,,,,2026-04-29,20,not_started,,not_started,,,,,,,,,off,,62,https://spiffler33.github.io/yeslyf-wireframes/admin_wireframes.html?run=3000&screen=M03&person=P00301,false
P00302,Naina,Mishra,9000004119,naina.mishra.247@example.com,Gurugram,35 to 39,organic,true,true,S2b,free,,,Adviser 06,25 to 50 lakhs,25 lakhs to 1 crore,"Around 40%, some serious money",Generosity,2026-04-27,2026-04-28,,,,,,,,2026-07-19,20,verified,,not_started,,,,,,,,,off,,88,https://spiffler33.github.io/yeslyf-wireframes/admin_wireframes.html?run=3000&screen=M03&person=P00302,false
P00303,Karan,Mishra,9000054012,,Gurugram,30 to 34,community,true,false,S2,free,,,Adviser 04,50 lakhs to 1 crore,1 to 5 crores,"Around 25%, meaningful amounts",Security,2026-04-28,2026-04-28,,,,,,,,2026-05-18,20,not_started,,not_started,,,,,,,,,off,,62,https://spiffler33.github.io/yeslyf-wireframes/admin_wireframes.html?run=3000&screen=M03&person=P00303,false
P00304,Debasish,Patnaik,9000054005,,Jaipur,30 to 34,community,false,true,S2,free,,,Adviser 01,10 to 25 lakhs,5 to 25 lakhs,"More than 40%, I live well below my means",Legacy,2026-04-25,2026-04-25,,,,,,,,2026-04-26,20,not_started,,not_started,,,,,,,,,off,,62,https://spiffler33.github.io/yeslyf-wireframes/admin_wireframes.html?run=3000&screen=M03&person=P00304,false
P00305,Arnab,Sahoo,9000041966,,Delhi,35 to 39,community,true,true,S2,free,,,Adviser 06,10 to 25 lakhs,25 lakhs to 1 crore,"Around 40%, some serious money",Freedom,2026-04-26,2026-04-26,,,,,,,,2026-04-28,20,not_started,,not_started,,,,,,,,,off,,62,https://spiffler33.github.io/yeslyf-wireframes/admin_wireframes.html?run=3000&screen=M03&person=P00305,false
P00306,Vikram,Singh,9000083525,vikram.singh.381@example.com,Delhi,35 to 39,community,true,false,S10,diwm,diwm,active,Adviser 03,50 lakhs to 1 crore,25 lakhs to 1 crore,"Around 40%, some serious money",Legacy,2026-04-26,2026-04-27,2026-05-18,2026-05-31,2026-05-31,2026-06-08,2026-05-24,2026-11-27,2026-11-14,2026-09-21,100,verified,partial,read,done,3,3,2026-11-04,yes,0,2026-05-31T10:27:02+05:30,,off,Adviser 04,98,https://spiffler33.github.io/yeslyf-wireframes/admin_wireframes.html?run=3000&screen=M03&person=P00306,false
P00309,Prachi,Naik,9000065377,,Mumbai,25 to 29,organic,false,false,S2,free,,,Adviser 01,25 to 50 lakhs,25 lakhs to 1 crore,"More than 40%, I live well below my means",Freedom,2026-04-27,2026-04-28,,,,,,,,2026-04-29,20,not_started,,not_started,,,,,,,,,off,,62,https://spiffler33.github.io/yeslyf-wireframes/admin_wireframes.html?run=3000&screen=M03&person=P00309,false
P00315,Sahil,Arora,9000099572,sahil.arora.334@example.com,Gurugram,35 to 39,corporate_session,false,false,S8,diy,diy,active,Adviser 06,25 to 50 lakhs,25 lakhs to 1 crore,"More than 40%, I live well below my means",Family,2026-04-26,2026-04-27,2026-04-27,2026-05-18,2026-05-18,2026-05-19,,2026-11-14,2026-09-24,2026-09-19,100,verified,not_connected,read,ready,0,5,,yes,0,2026-05-18T10:18:06+05:30,,off,,100,https://spiffler33.github.io/yeslyf-wireframes/admin_wireframes.html?run=3000&screen=M03&person=P00315,false
P00316,Gurpreet,Saxena,9000084666,,Delhi,40 to 44,community,true,false,S2,free,,,Adviser 06,50 lakhs to 1 crore,1 to 5 crores,"More than 40%, I live well below my means",Generosity,2026-04-29,2026-04-30,,,,,,,,2026-08-15,20,not_started,,not_started,,,,,,,,,off,,62,https://spiffler33.github.io/yeslyf-wireframes/admin_wireframes.html?run=3000&screen=M03&person=P00316,false
P00319,Madhura,Gokhale,9000063609,,Mumbai,35 to 39,community,true,false,S1,free,,,Adviser 06,25 to 50 lakhs,,,,2026-04-28,,,,,,,,,2026-04-30,0,not_started,,not_started,,,,,,,,,off,,31,https://spiffler33.github.io/yeslyf-wireframes/admin_wireframes.html?run=3000&screen=M03&person=P00319,false
P00322,Devika,Pandya,9000074268,,Pune,25 to 29,community,true,true,S1,free,,,Adviser 02,10 to 25 lakhs,5 to 25 lakhs,,,2026-05-01,,,,,,,,,2026-05-01,0,not_started,,not_started,,,,,,,,,off,,38,https://spiffler33.github.io/yeslyf-wireframes/admin_wireframes.html?run=3000&screen=M03&person=P00322,false
P00323,Tejas,Mehta,9000033970,,Mumbai,30 to 34,community,true,true,S2,free,,,Adviser 04,25 to 50 lakhs,25 lakhs to 1 crore,"Around 40%, some serious money",Family,2026-04-30,2026-04-30,,,,,,,,2026-05-01,20,not_started,,not_started,,,,,,,,,off,,62,https://spiffler33.github.io/yeslyf-wireframes/admin_wireframes.html?run=3000&screen=M03&person=P00323,false
P00324,Lakshmi,Gowda,9000095520,lakshmi.gowda.353@example.com,Hyderabad,35 to 39,community,true,false,S9,diy,diy,active,Adviser 05,25 to 50 lakhs,25 lakhs to 1 crore,"Around 40%, some serious money",Security,2026-04-28,2026-04-29,2026-05-28,2026-06-08,2026-06-08,2026-06-08,,2026-12-05,2026-09-25,2026-09-23,100,verified,not_connected,read,executing,3,4,,yes,0,2026-06-08T14:31:55+05:30,,off,,98,https://spiffler33.github.io/yeslyf-wireframes/admin_wireframes.html?run=3000&screen=M03&person=P00324,false
P00325,Jigar,Thakkar,9000038270,jigar.thakkar.454@example.com,Mumbai,30 to 34,community,true,false,S22,diwm,diwm,active,Adviser 03,25 to 50 lakhs,Under 5 lakhs,"More than 40%, I live well below my means",Generosity,2026-04-27,2026-04-28,2026-04-30,2026-05-05,2026-05-05,2026-05-09,2026-05-12,2026-11-01,2026-09-27,2026-09-19,100,verified (address typed),not_connected,read,done,4,4,,yes,2,2026-08-12T15:46:59+05:30,,off,Adviser 05,100,https://spiffler33.github.io/yeslyf-wireframes/admin_wireframes.html?run=3000&screen=M03&person=P00325,false
P00327,Vignesh,Reddy,9000070025,vignesh.reddy.750@example.com,Chennai,30 to 34,web_reveal,false,false,S1,free,,,Adviser 04,,,,,2026-04-29,,,,,,,,,2026-04-29,0,not_started,,not_started,,,,,,,,,off,,19,https://spiffler33.github.io/yeslyf-wireframes/admin_wireframes.html?run=3000&screen=M03&person=P00327,false
P00328,Ishani,Mitra,9000009748,,Gurugram,35 to 39,corporate_session,false,false,S2,free,,,Adviser 01,25 to 50 lakhs,5 to 25 lakhs,"More than 40%, I live well below my means",Security,2026-04-28,2026-04-29,,,,,,,,2026-04-30,20,not_started,,not_started,,,,,,,,,off,,62,https://spiffler33.github.io/yeslyf-wireframes/admin_wireframes.html?run=3000&screen=M03&person=P00328,false
P00329,Payel,Majumdar,9000030006,payel.majumdar.698@example.com,Kochi,35 to 39,web_reveal,false,false,S1,free,,,Adviser 02,,,,,2026-04-29,,,,,,,,,2026-04-29,0,not_started,,not_started,,,,,,,,,off,,12,https://spiffler33.github.io/yeslyf-wireframes/admin_wireframes.html?run=3000&screen=M03&person=P00329,false
P00331,Ganesh,Iyer,9000032734,ganesh.iyer.450@example.com,Bengaluru,25 to 29,community,true,false,S21,diwm,diwm,active,Adviser 03,10 to 25 lakhs,5 to 25 lakhs,"More than 40%, I live well below my means",Freedom,2026-05-01,2026-05-01,2026-05-02,2026-05-09,2026-05-09,,2026-06-01,2026-11-05,2026-10-29,2026-09-22,100,verified,partial,built,ready,0,3,2026-10-30,yes,0,2026-05-09T07:42:26+05:30,,off,Adviser 03,100,https://spiffler33.github.io/yeslyf-wireframes/admin_wireframes.html?run=3000&screen=M03&person=P00331,false
P00332,Siddharth,Patel,9000053631,siddharth.patel.455@example.com,Mumbai,25 to 29,community,true,false,S22,diwm,diwm,active,Adviser 04,50 lakhs to 1 crore,25 lakhs to 1 crore,"More than 40%, I live well below my means",Security,2026-05-05,2026-05-05,2026-05-08,2026-05-14,2026-05-14,2026-05-16,2026-07-15,2026-11-10,2026-10-05,2026-09-19,100,verified,failed,read,done,5,5,,yes,0,2026-07-15T11:10:00+05:30,,off,Adviser 01,98,https://spiffler33.github.io/yeslyf-wireframes/admin_wireframes.html?run=3000&screen=M03&person=P00332,false
P00333,Riddhi,Gokhale,9000002458,,Mumbai,30 to 34,community,true,false,S2,free,,,Adviser 04,10 to 25 lakhs,25 lakhs to 1 crore,"Around 40%, some serious money",Family,2026-05-01,2026-05-01,,,,,,,,2026-05-04,20,not_started,,not_started,,,,,,,,,off,,62,https://spiffler33.github.io/yeslyf-wireframes/admin_wireframes.html?run=3000&screen=M03&person=P00333,false
P00334,Meenakshi,Subramanian,9000049481,meenakshi.subramanian.583@example.com,Hyderabad,35 to 39,web_reveal,true,false,S2,free,,,Adviser 01,10 to 25 lakhs,1 to 5 crores,"Around 25%, meaningful amounts",Generosity,2026-05-05,2026-05-06,,,,,,,,2026-07-27,20,not_started,,not_started,,,,,,,,,off,,62,https://spiffler33.github.io/yeslyf-wireframes/admin_wireframes.html?run=3000&screen=M03&person=P00334,false
P00336,Suresh,Nair,9000026098,suresh.nair.454@example.com,Bengaluru,35 to 39,web_reveal,true,false,S2,free,,,Adviser 03,50 lakhs to 1 crore,25 lakhs to 1 crore,"Around 40%, some serious money",Freedom,2026-04-29,2026-04-29,,,,,,,,2026-07-20,20,not_started,,not_started,,,,,,,,,off,,62,https://spiffler33.github.io/yeslyf-wireframes/admin_wireframes.html?run=3000&screen=M03&person=P00336,false
P00342,Karthik,Murthy,9000081758,,Bengaluru,25 to 29,community,true,false,S2,free,,,Adviser 06,Under 10 lakhs,5 to 25 lakhs,"Around 40%, some serious money",Freedom,2026-05-01,2026-05-02,,,,,,,,2026-05-05,20,not_started,,not_started,,,,,,,,,off,,62,https://spiffler33.github.io/yeslyf-wireframes/admin_wireframes.html?run=3000&screen=M03&person=P00342,false
P00344,Meenakshi,Pai,9000015193,meenakshi.pai.649@example.com,Chennai,30 to 34,community,true,true,S1,free,,,Adviser 02,50 lakhs to 1 crore,,,,2026-05-02,,,,,,,,,2026-05-02,0,not_started,,not_started,,,,,,,,,off,,31,https://spiffler33.github.io/yeslyf-wireframes/admin_wireframes.html?run=3000&screen=M03&person=P00344,false
P00346,Hetal,Thakkar,9000039856,hetal.thakkar.633@example.com,Mumbai,25 to 29,web_reveal,true,false,S2,free,,,Adviser 01,10 to 25 lakhs,Under 5 lakhs,"More than 40%, I live well below my means",Generosity,2026-05-01,2026-05-02,,,,,,,,2026-07-23,20,not_started,,not_started,,,,,,,,,off,,62,https://spiffler33.github.io/yeslyf-wireframes/admin_wireframes.html?run=3000&screen=M03&person=P00346,false
P00347,Revathi,Menon,9000074374,,Bengaluru,25 to 29,community,true,false,S1,free,,,Adviser 03,10 to 25 lakhs,5 to 25 lakhs,,,2026-05-02,,,,,,,,,2026-05-03,0,not_started,,not_started,,,,,,,,,off,,38,https://spiffler33.github.io/yeslyf-wireframes/admin_wireframes.html?run=3000&screen=M03&person=P00347,false
P00348,Tarun,Chopra,9000055548,tarun.chopra.484@example.com,Kolkata,35 to 39,community,true,false,S21,diy,diy,active,Adviser 01,25 to 50 lakhs,25 lakhs to 1 crore,"More than 40%, I live well below my means",Family,2026-05-02,2026-05-02,2026-05-02,2026-05-07,2026-05-07,,2026-05-28,2026-11-03,2026-10-29,2026-09-21,100,verified,not_connected,built,ready,0,4,,yes,0,2026-05-07T09:30:43+05:30,,off,Adviser 04,100,https://spiffler33.github.io/yeslyf-wireframes/admin_wireframes.html?run=3000&screen=M03&person=P00348,false
P00349,Naina,Khanna,9000001194,naina.khanna.735@example.com,Delhi,35 to 39,community,true,false,S1,free,,,Adviser 05,,,,,2026-04-29,,,,,,,,,2026-05-01,0,not_started,,not_started,,,,,,,,,off,,19,https://spiffler33.github.io/yeslyf-wireframes/admin_wireframes.html?run=3000&screen=M03&person=P00349,false
P00351,Siddharth,Deshmukh,9000012372,,Ahmedabad,30 to 34,corporate_session,true,false,S1,free,,,Adviser 03,10 to 25 lakhs,5 to 25 lakhs,"More than 40%, I live well below my means",,2026-05-04,,,,,,,,,2026-05-05,0,not_started,,not_started,,,,,,,,,off,,44,https://spiffler33.github.io/yeslyf-wireframes/admin_wireframes.html?run=3000&screen=M03&person=P00351,false
P00352,Aakash,Mishra,9000057296,,Delhi,35 to 39,corporate_session,true,false,S2,free,,,Adviser 02,50 lakhs to 1 crore,1 to 5 crores,"Around 25%, meaningful amounts",Legacy,2026-05-01,2026-05-03,,,,,,,,2026-05-06,20,not_started,,not_started,,,,,,,,,off,,62,https://spiffler33.github.io/yeslyf-wireframes/admin_wireframes.html?run=3000&screen=M03&person=P00352,false
P00353,Kinjal,Patil,9000037605,,Mumbai,25 to 29,community,true,false,S1,free,,,Adviser 02,,,,,2026-04-30,,,,,,,,,2026-05-01,0,not_started,,not_started,,,,,,,,,off,,12,https://spiffler33.github.io/yeslyf-wireframes/admin_wireframes.html?run=3000&screen=M03&person=P00353,false
P00355,Ruchi,Bhatia,9000027779,,Noida,40 to 44,referral,false,false,S14,difm,,adviser relationship,Harish,,,,,2026-05-01,,,,,,,2026-10-28,,2026-09-18,75,"verified (assisted onboarding, M12)",connected,not applicable (adviser relationship),,,,2026-10-31,,0,2026-05-09T09:15:10+05:30,,off,,82,https://spiffler33.github.io/yeslyf-wireframes/admin_wireframes.html?run=3000&screen=M03&person=P00355,false
P00357,Karan,Singh,9000058185,,Gurugram,35 to 39,community,true,false,S2,free,,,Adviser 01,25 to 50 lakhs,25 lakhs to 1 crore,"Around 25%, meaningful amounts",Security,2026-05-01,2026-05-01,,,,,,,,2026-05-04,20,not_started,,not_started,,,,,,,,,off,,62,https://spiffler33.github.io/yeslyf-wireframes/admin_wireframes.html?run=3000&screen=M03&person=P00357,false
P00358,Nikhil,Sharma,9000076028,nikhil.sharma.206@example.com,Gurugram,35 to 39,community,true,false,S2,free,,,Adviser 06,25 to 50 lakhs,25 lakhs to 1 crore,"More than 40%, I live well below my means",Family,2026-04-30,2026-04-30,,,,,,,,2026-07-21,20,not_started,,not_started,,,,,,,,,off,,62,https://spiffler33.github.io/yeslyf-wireframes/admin_wireframes.html?run=3000&screen=M03&person=P00358,false
P00360,Revathi,Hegde,9000062902,,Bengaluru,25 to 29,referral,false,false,S2,free,,,Adviser 01,10 to 25 lakhs,5 to 25 lakhs,"Around 40%, some serious money",Freedom,2026-05-04,2026-05-05,,,,,,,,2026-05-06,20,not_started,,not_started,,,,,,,,,off,,62,https://spiffler33.github.io/yeslyf-wireframes/admin_wireframes.html?run=3000&screen=M03&person=P00360,false
P00361,Akshay,Agarwal,9000053051,,Noida,35 to 39,community,true,false,S2,free,,,Adviser 01,25 to 50 lakhs,25 lakhs to 1 crore,"More than 40%, I live well below my means",Generosity,2026-05-03,2026-05-04,,,,,,,,2026-05-07,20,not_started,,not_started,,,,,,,,,off,,62,https://spiffler33.github.io/yeslyf-wireframes/admin_wireframes.html?run=3000&screen=M03&person=P00361,false
P00362,Aparna,Varma,9000035241,,Hyderabad,30 to 34,community,true,false,S1,free,,,Adviser 05,,,,,2026-05-01,,,,,,,,,2026-05-02,0,not_started,,not_started,,,,,,,,,off,,12,https://spiffler33.github.io/yeslyf-wireframes/admin_wireframes.html?run=3000&screen=M03&person=P00362,false
P00363,Meera,Srivastava,9000074043,meera.srivastava.627@example.com,Gurugram,30 to 34,web_reveal,true,false,S2,free,,,Adviser 06,25 to 50 lakhs,25 lakhs to 1 crore,"Around 40%, some serious money",Security,2026-05-04,2026-05-04,,,,,,,,2026-07-25,20,not_started,,not_started,,,,,,,,,off,,62,https://spiffler33.github.io/yeslyf-wireframes/admin_wireframes.html?run=3000&screen=M03&person=P00363,false
P00365,Vidya,Chandran,9000075924,,Hyderabad,40 to 44,community,true,false,S2,free,,,Adviser 06,50 lakhs to 1 crore,Over 5 crores,"Around 25%, meaningful amounts",Security,2026-05-01,2026-05-01,,,,,,,,2026-05-04,20,not_started,,not_started,,,,,,,,,off,,62,https://spiffler33.github.io/yeslyf-wireframes/admin_wireframes.html?run=3000&screen=M03&person=P00365,false
P00370,Mansi,Chitale,9000069890,,Pune,30 to 34,organic,true,false,S1,free,,,Adviser 04,,,,,2026-05-04,,,,,,,,,2026-05-05,0,not_started,,not_started,,,,,,,,,off,,25,https://spiffler33.github.io/yeslyf-wireframes/admin_wireframes.html?run=3000&screen=M03&person=P00370,false
P00371,Rohit,Chitale,9000062273,rohit.chitale.445@example.com,Chennai,40 to 44,web_reveal,true,false,S2,free,,,Adviser 03,50 lakhs to 1 crore,1 to 5 crores,"More than 40%, I live well below my means",Freedom,2026-05-01,2026-05-01,,,,,,,,2026-07-22,20,not_started,,not_started,,,,,,,,,off,,62,https://spiffler33.github.io/yeslyf-wireframes/admin_wireframes.html?run=3000&screen=M03&person=P00371,false
P00373,Harpreet,Gupta,9000030509,,Gurugram,30 to 34,referral,true,false,S2,free,,,Adviser 04,25 to 50 lakhs,25 lakhs to 1 crore,"More than 40%, I live well below my means",Security,2026-05-01,2026-05-01,,,,,,,,2026-05-04,20,not_started,,not_started,,,,,,,,,off,,62,https://spiffler33.github.io/yeslyf-wireframes/admin_wireframes.html?run=3000&screen=M03&person=P00373,false
P00374,Yogesh,Vora,9000082460,,Mumbai,35 to 39,corporate_session,false,false,S1,free,,,Adviser 05,25 to 50 lakhs,25 lakhs to 1 crore,"Around 25%, meaningful amounts",,2026-05-01,,,,,,,,,2026-05-01,0,not_started,,not_started,,,,,,,,,off,,44,https://spiffler33.github.io/yeslyf-wireframes/admin_wireframes.html?run=3000&screen=M03&person=P00374,false
P00377,Indrani,Saha,9000087854,,Delhi,40 to 44,community,true,false,S1,free,,,Adviser 04,50 lakhs to 1 crore,,,,2026-05-02,,,,,,,,,2026-05-03,0,not_started,,not_started,,,,,,,,,off,,31,https://spiffler33.github.io/yeslyf-wireframes/admin_wireframes.html?run=3000&screen=M03&person=P00377,false
P00381,Gurpreet,Singh,9000084034,gurpreet.singh.327@example.com,Gurugram,25 to 29,community,true,false,S8,diy,diy,active,Adviser 05,10 to 25 lakhs,Under 5 lakhs,"Around 25%, meaningful amounts",Legacy,2026-05-02,2026-05-02,2026-05-02,2026-05-10,2026-05-10,2026-05-12,,2026-11-06,2026-10-29,2026-09-21,100,verified,cas_uploaded,read,ready,0,3,,yes,0,2026-09-11T18:52:32+05:30,,off,,98,https://spiffler33.github.io/yeslyf-wireframes/admin_wireframes.html?run=3000&screen=M03&person=P00381,false
P00385,Ramya,Naidu,9000033385,ramya.naidu.322@example.com,Kolkata,30 to 34,referral,false,false,S7,diwm,diwm,active,Adviser 02,25 to 50 lakhs,25 lakhs to 1 crore,"More than 40%, I live well below my means",Freedom,2026-05-09,2026-05-09,2026-05-12,2026-05-30,2026-05-30,2026-06-07,,2026-11-26,2026-11-08,2026-09-18,100,verified,cas_uploaded,read,executing,3,5,,yes,2,2026-06-26T23:35:51+05:30,,off,,100,https://spiffler33.github.io/yeslyf-wireframes/admin_wireframes.html?run=3000&screen=M03&person=P00385,false
P00390,Lakshmi,Prasad,9000012154,lakshmi.prasad.995@example.com,Chennai,35 to 39,community,true,false,S1,free,,,Adviser 02,,,,,2026-05-05,,,,,,,,,2026-05-06,0,not_started,,not_started,,,,,,,,,off,,25,https://spiffler33.github.io/yeslyf-wireframes/admin_wireframes.html?run=3000&screen=M03&person=P00390,false
P00391,Vishnu,Krishnan,9000064996,vishnu.krishnan.236@example.com,Hyderabad,30 to 34,organic,true,false,S2b,free,,,Adviser 01,25 to 50 lakhs,25 lakhs to 1 crore,"More than 40%, I live well below my means",Generosity,2026-05-09,2026-05-09,,,,,,,,2026-07-31,20,verified,,not_started,,,,,,,,,off,,88,https://spiffler33.github.io/yeslyf-wireframes/admin_wireframes.html?run=3000&screen=M03&person=P00391,false
P00392,Chaitanya,Chandran,9000075592,chaitanya.chandran.457@example.com,Bengaluru,30 to 34,corporate_session,true,false,S22,diy,diy,active,Adviser 05,10 to 25 lakhs,5 to 25 lakhs,"More than 40%, I live well below my means",Freedom,2026-05-04,2026-05-05,2026-05-05,2026-05-24,2026-05-24,2026-05-24,2026-06-13,2026-11-20,2026-11-01,2026-09-21,100,verified,connected,read,executing,3,4,2026-10-27,yes,0,2026-05-24T10:18:05+05:30,,off,Adviser 02,100,https://spiffler33.github.io/yeslyf-wireframes/admin_wireframes.html?run=3000&screen=M03&person=P00392,false
P00395,Mihir,Gokhale,9000076601,mihir.gokhale.817@example.com,Pune,30 to 34,web_reveal,true,false,S2,free,,,Adviser 01,25 to 50 lakhs,25 lakhs to 1 crore,"More than 40%, I live well below my means",Family,2026-05-08,2026-05-08,,,,,,,,2026-07-29,20,not_started,,not_started,,,,,,,,,off,,62,https://spiffler33.github.io/yeslyf-wireframes/admin_wireframes.html?run=3000&screen=M03&person=P00395,false
P00397,Jasleen,Tandon,9000012677,jasleen.tandon.326@example.com,Bengaluru,35 to 39,organic,true,false,S8,diwm,diwm,active,Adviser 02,Under 10 lakhs,5 to 25 lakhs,"More than 40%, I live well below my means",Freedom,2026-05-03,2026-05-04,2026-05-04,2026-05-05,2026-05-05,2026-05-12,,2026-11-01,2026-10-31,2026-09-15,100,verified,connected,read,ready,0,4,2026-11-01,yes,0,2026-05-05T22:45:52+05:30,,off,,98,https://spiffler33.github.io/yeslyf-wireframes/admin_wireframes.html?run=3000&screen=M03&person=P00397,false
P00402,Aditya,Arora,9000089433,aditya.arora.397@example.com,Bengaluru,30 to 34,community,true,false,S13,diy,diy,lapsed,Adviser 03,25 to 50 lakhs,1 to 5 crores,"More than 40%, I live well below my means",Security,2026-05-05,2026-05-05,2026-05-05,2026-05-19,2026-05-19,2026-05-28,,2026-11-15,,2026-09-14,100,verified,partial,read,executing,4,7,2026-11-06,yes,1,2026-06-20T03:42:03+05:30,rule,off,,100,https://spiffler33.github.io/yeslyf-wireframes/admin_wireframes.html?run=3000&screen=M03&person=P00402,false
P00404,Debasish,Pradhan,9000095080,debasish.pradhan.132@example.com,Kolkata,30 to 34,community,true,false,S2,free,,,Adviser 05,25 to 50 lakhs,25 lakhs to 1 crore,"More than 40%, I live well below my means",Security,2026-05-05,2026-05-05,,,,,,,,2026-07-27,20,not_started,,not_started,,,,,,,,,off,,62,https://spiffler33.github.io/yeslyf-wireframes/admin_wireframes.html?run=3000&screen=M03&person=P00404,false
P00406,Nirav,Pandya,9000087192,,Mumbai,30 to 34,community,true,false,S2,free,,,Adviser 03,Under 10 lakhs,25 lakhs to 1 crore,"More than 40%, I live well below my means",Security,2026-05-06,2026-05-07,,,,,,,,2026-05-10,20,not_started,,not_started,,,,,,,,,off,,62,https://spiffler33.github.io/yeslyf-wireframes/admin_wireframes.html?run=3000&screen=M03&person=P00406,false
P00409,Sai,Rajan,9000093408,sai.rajan.556@example.com,Bengaluru,25 to 29,web_reveal,true,false,S2,free,,,Adviser 06,10 to 25 lakhs,5 to 25 lakhs,"Around 25%, meaningful amounts",Security,2026-05-05,2026-05-05,,,,,,,,2026-07-26,20,not_started,,not_started,,,,,,,,,off,,62,https://spiffler33.github.io/yeslyf-wireframes/admin_wireframes.html?run=3000&screen=M03&person=P00409,false
P00412,Anand,Raman,9000087392,,Chennai,30 to 34,community,true,false,S2,free,,,Adviser 02,10 to 25 lakhs,25 lakhs to 1 crore,"Around 40%, some serious money",Security,2026-05-06,2026-05-07,,,,,,,,2026-05-10,20,not_started,,not_started,,,,,,,,,off,,62,https://spiffler33.github.io/yeslyf-wireframes/admin_wireframes.html?run=3000&screen=M03&person=P00412,false
P00413,Ketan,Gokhale,9000076910,ketan.gokhale.500@example.com,Mumbai,25 to 29,community,true,false,S2,free,,,Adviser 06,10 to 25 lakhs,25 lakhs to 1 crore,"More than 40%, I live well below my means",Generosity,2026-05-13,2026-05-13,,,,,,,,2026-08-03,20,not_started,,not_started,,,,,,,,,off,,62,https://spiffler33.github.io/yeslyf-wireframes/admin_wireframes.html?run=3000&screen=M03&person=P00413,false
P00414,Nithya,Kamath,9000011904,,Hyderabad,35 to 39,community,true,false,S2,free,,,Adviser 05,50 lakhs to 1 crore,25 lakhs to 1 crore,"Around 40%, some serious money",Legacy,2026-05-11,2026-05-12,,,,,,,,2026-05-15,20,not_started,,not_started,,,,,,,,,off,,62,https://spiffler33.github.io/yeslyf-wireframes/admin_wireframes.html?run=3000&screen=M03&person=P00414,false
P00415,Amruta,Chitale,9000072330,,Ahmedabad,35 to 39,community,true,false,S2,free,,,Adviser 02,10 to 25 lakhs,5 to 25 lakhs,"More than 40%, I live well below my means",Generosity,2026-05-07,2026-05-08,,,,,,,,2026-05-11,20,not_started,,not_started,,,,,,,,,off,,62,https://spiffler33.github.io/yeslyf-wireframes/admin_wireframes.html?run=3000&screen=M03&person=P00415,false
P00419,Sahil,Chopra,9000046003,sahil.chopra.741@example.com,Lucknow,40 to 44,community,true,false,S2,free,,,Adviser 04,10 to 25 lakhs,25 lakhs to 1 crore,"Around 40%, some serious money",Family,2026-05-07,2026-05-10,,,,,,,,2026-07-31,20,not_started,,not_started,,,,,,,,,off,,62,https://spiffler33.github.io/yeslyf-wireframes/admin_wireframes.html?run=3000&screen=M03&person=P00419,false
P00426,Priyanka,Majumdar,9000026848,priyanka.majumdar.379@example.com,Kolkata,30 to 34,web_reveal,true,false,S2,free,,,Adviser 06,25 to 50 lakhs,25 lakhs to 1 crore,"Around 40%, some serious money",Family,2026-05-09,2026-05-11,,,,,,,,2026-08-01,20,not_started,,not_started,,,,,,,,,off,,62,https://spiffler33.github.io/yeslyf-wireframes/admin_wireframes.html?run=3000&screen=M03&person=P00426,false
P00427,Meenakshi,Raman,9000082229,meenakshi.raman.529@example.com,Bengaluru,under 25,community,true,true,S2,free,,,Adviser 01,10 to 25 lakhs,Under 5 lakhs,"Around 40%, some serious money",Freedom,2026-05-07,2026-05-07,,,,,,,,2026-07-28,20,not_started,,not_started,,,,,,,,,off,,62,https://spiffler33.github.io/yeslyf-wireframes/admin_wireframes.html?run=3000&screen=M03&person=P00427,false
P00428,Rohan,Arora,9000092626,rohan.arora.354@example.com,Gurugram,30 to 34,community,true,false,S2,free,,,Adviser 05,25 to 50 lakhs,25 lakhs to 1 crore,"Around 40%, some serious money",Family,2026-05-07,2026-05-07,,,,,,,,2026-07-28,20,not_started,,not_started,,,,,,,,,off,,62,https://spiffler33.github.io/yeslyf-wireframes/admin_wireframes.html?run=3000&screen=M03&person=P00428,false
P00429,Shreyasi,Nayak,9000008179,shreyasi.nayak.144@example.com,Kolkata,40 to 44,web_reveal,true,false,S2,free,,,Adviser 06,25 to 50 lakhs,25 lakhs to 1 crore,"More than 40%, I live well below my means",Family,2026-05-08,2026-05-09,,,,,,,,2026-07-30,20,not_started,,not_started,,,,,,,,,off,,62,https://spiffler33.github.io/yeslyf-wireframes/admin_wireframes.html?run=3000&screen=M03&person=P00429,false
P00430,Rajarshi,Mukherjee,9000046804,,Delhi,25 to 29,organic,false,false,S1,free,,,Adviser 06,25 to 50 lakhs,5 to 25 lakhs,,,2026-05-14,,,,,,,,,2026-05-14,0,not_started,,not_started,,,,,,,,,off,,38,https://spiffler33.github.io/yeslyf-wireframes/admin_wireframes.html?run=3000&screen=M03&person=P00430,false
P00431,Vishnu,Prasad,9000034816,,Chennai,under 25,corporate_session,true,false,S2,free,,,Adviser 04,10 to 25 lakhs,5 to 25 lakhs,"Around 25%, meaningful amounts",Freedom,2026-05-06,2026-05-06,,,,,,,,2026-05-10,20,not_started,,not_started,,,,,,,,,off,,62,https://spiffler33.github.io/yeslyf-wireframes/admin_wireframes.html?run=3000&screen=M03&person=P00431,false
P00432,Yogesh,Sawant,9000083928,yogesh.sawant.453@example.com,Mumbai,25 to 29,web_reveal,false,false,S2,free,,,Adviser 06,Under 10 lakhs,5 to 25 lakhs,"More than 40%, I live well below my means",Freedom,2026-05-07,2026-05-07,,,,,,,,2026-07-28,20,not_started,,not_started,,,,,,,,,off,,62,https://spiffler33.github.io/yeslyf-wireframes/admin_wireframes.html?run=3000&screen=M03&person=P00432,false
P00433,Sowmya,Balakrishnan,9000045495,sowmya.balakrishnan.163@example.com,Hyderabad,30 to 34,web_reveal,true,false,S2,free,,,Adviser 02,10 to 25 lakhs,5 to 25 lakhs,"More than 40%, I live well below my means",Freedom,2026-05-08,2026-05-09,,,,,,,,2026-07-30,20,not_started,,not_started,,,,,,,,,off,,62,https://spiffler33.github.io/yeslyf-wireframes/admin_wireframes.html?run=3000&screen=M03&person=P00433,false
P00434,Mihir,Joshi,9000070324,mihir.joshi.993@example.com,Mumbai,30 to 34,community,true,false,S1,free,,,Adviser 05,,,,,2026-05-10,,,,,,,,,2026-05-11,0,not_started,,not_started,,,,,,,,,off,,12,https://spiffler33.github.io/yeslyf-wireframes/admin_wireframes.html?run=3000&screen=M03&person=P00434,false
P00435,Heena,Sawant,9000079372,,Pune,30 to 34,community,true,false,S2,free,,,Adviser 06,10 to 25 lakhs,5 to 25 lakhs,"More than 40%, I live well below my means",Legacy,2026-05-11,2026-05-13,,,,,,,,2026-05-16,20,not_started,,not_started,,,,,,,,,off,,62,https://spiffler33.github.io/yeslyf-wireframes/admin_wireframes.html?run=3000&screen=M03&person=P00435,false
P00438,Deepa,Srinivasan,9000099456,,Hyderabad,30 to 34,corporate_session,true,false,S2,free,,,Adviser 03,25 to 50 lakhs,25 lakhs to 1 crore,"Around 25%, meaningful amounts",Family,2026-05-07,2026-05-07,,,,,,,,2026-05-10,20,not_started,,not_started,,,,,,,,,off,,62,https://spiffler33.github.io/yeslyf-wireframes/admin_wireframes.html?run=3000&screen=M03&person=P00438,false
P00441,Naina,Tiwari,9000099907,naina.tiwari.404@example.com,Noida,25 to 29,web_reveal,true,false,S13,diy,diy,lapsed,Adviser 05,10 to 25 lakhs,25 lakhs to 1 crore,"Around 40%, some serious money",Freedom,2026-05-08,2026-05-08,2026-05-08,2026-05-24,2026-05-24,,,2026-11-20,,2026-09-14,100,verified,cas_uploaded,built,ready,0,3,,yes,0,2026-05-18T07:01:42+05:30,,off,,100,https://spiffler33.github.io/yeslyf-wireframes/admin_wireframes.html?run=3000&screen=M03&person=P00441,false
P00446,Prachi,Shinde,9000025178,prachi.shinde.136@example.com,Pune,30 to 34,community,true,false,S2,free,,,Adviser 03,10 to 25 lakhs,5 to 25 lakhs,"Around 40%, some serious money",Freedom,2026-05-08,2026-05-08,,,,,,,,2026-07-30,20,not_started,,not_started,,,,,,,,,off,,62,https://spiffler33.github.io/yeslyf-wireframes/admin_wireframes.html?run=3000&screen=M03&person=P00446,false
P00447,Harini,Murthy,9000056144,,Hyderabad,30 to 34,community,true,false,S2,free,,,Adviser 04,50 lakhs to 1 crore,25 lakhs to 1 crore,"More than 40%, I live well below my means",Security,2026-05-11,2026-05-11,,,,,,,,2026-05-14,20,not_started,,not_started,,,,,,,,,off,,62,https://spiffler33.github.io/yeslyf-wireframes/admin_wireframes.html?run=3000&screen=M03&person=P00447,false
P00448,Janani,Raman,9000082243,janani.raman.939@example.com,Bengaluru,30 to 34,web_reveal,true,false,S1,free,,,Adviser 03,,,,,2026-05-14,,,,,,,,,2026-05-15,0,not_started,,not_started,,,,,,,,,off,,12,https://spiffler33.github.io/yeslyf-wireframes/admin_wireframes.html?run=3000&screen=M03&person=P00448,false
P00449,Jigar,Patel,9000021373,jigar.patel.143@example.com,Mumbai,30 to 34,community,true,false,S2,free,,,Adviser 04,25 to 50 lakhs,Under 5 lakhs,"More than 40%, I live well below my means",Freedom,2026-05-09,2026-05-09,,,,,,,,2026-07-31,20,not_started,,not_started,,,,,,,,,off,,62,https://spiffler33.github.io/yeslyf-wireframes/admin_wireframes.html?run=3000&screen=M03&person=P00449,false
P00451,Janani,Iyengar,9000042692,,Bengaluru,30 to 34,community,true,false,S2,free,,,Adviser 04,Under 10 lakhs,5 to 25 lakhs,"More than 40%, I live well below my means",Generosity,2026-05-08,2026-05-08,,,,,,,,2026-05-12,20,not_started,,not_started,,,,,,,,,off,,62,https://spiffler33.github.io/yeslyf-wireframes/admin_wireframes.html?run=3000&screen=M03&person=P00451,false
P00452,Vignesh,Nair,9000025468,vignesh.nair.700@example.com,Gurugram,30 to 34,community,true,false,S1,free,,,Adviser 03,,,,,2026-05-09,,,,,,,,,2026-05-10,0,not_started,,not_started,,,,,,,,,off,,25,https://spiffler33.github.io/yeslyf-wireframes/admin_wireframes.html?run=3000&screen=M03&person=P00452,false
P00453,Yogesh,Bhosale,9000069320,yogesh.bhosale.237@example.com,Pune,30 to 34,corporate_session,true,false,S2b,free,,,Adviser 03,10 to 25 lakhs,25 lakhs to 1 crore,"Around 40%, some serious money",Freedom,2026-05-12,2026-05-13,,,,,,,,2026-08-03,20,verified,,not_started,,,,,,,,,off,,88,https://spiffler33.github.io/yeslyf-wireframes/admin_wireframes.html?run=3000&screen=M03&person=P00453,false
P00454,Bhavana,Chandran,9000021223,,Chennai,35 to 39,referral,true,false,S2,free,,,Adviser 02,25 to 50 lakhs,1 to 5 crores,"Around 40%, some serious money",Legacy,2026-05-10,2026-05-10,,,,,,,,2026-05-13,20,not_started,,not_started,,,,,,,,,off,,62,https://spiffler33.github.io/yeslyf-wireframes/admin_wireframes.html?run=3000&screen=M03&person=P00454,false
P00457,Nithya,Gowda,9000028868,,Hyderabad,25 to 29,corporate_session,true,false,S2,free,,,Adviser 05,10 to 25 lakhs,5 to 25 lakhs,"More than 40%, I live well below my means",Legacy,2026-05-09,2026-05-10,,,,,,,,2026-05-13,20,not_started,,not_started,,,,,,,,,off,,62,https://spiffler33.github.io/yeslyf-wireframes/admin_wireframes.html?run=3000&screen=M03&person=P00457,false
P00458,Sindhu,Raman,9000058505,sindhu.raman.440@example.com,Bengaluru,25 to 29,corporate_session,false,false,S20,diwm,diwm,active,Adviser 06,10 to 25 lakhs,5 to 25 lakhs,"More than 40%, I live well below my means",Freedom,2026-05-10,2026-05-10,2026-05-30,2026-06-17,2026-06-17,2026-06-18,,2026-12-14,2026-09-27,2026-09-22,100,verified,not_connected,read,executing,3,7,,yes,0,2026-06-17T09:37:22+05:30,,off,,100,https://spiffler33.github.io/yeslyf-wireframes/admin_wireframes.html?run=3000&screen=M03&person=P00458,false
P00459,Sourav,Sen,9000011701,sourav.sen.458@example.com,Kolkata,30 to 34,organic,false,false,S22,diy,diy,active,Adviser 02,10 to 25 lakhs,5 to 25 lakhs,"More than 40%, I live well below my means",Legacy,2026-05-12,2026-05-12,2026-05-12,2026-05-29,2026-05-29,2026-05-30,,2026-11-25,2026-11-08,2026-09-18,100,verified,failed,read,executing,4,5,,yes,0,2026-05-29T17:45:01+05:30,,off,,100,https://spiffler33.github.io/yeslyf-wireframes/admin_wireframes.html?run=3000&screen=M03&person=P00459,false
P00462,Shruti,Joshi,9000036467,shruti.joshi.398@example.com,Mumbai,25 to 29,community,false,false,S13,diwm,diwm,lapsed,Adviser 05,25 to 50 lakhs,25 lakhs to 1 crore,"Around 40%, some serious money",Security,2026-05-12,2026-05-12,2026-05-19,2026-06-06,2026-06-06,2026-06-07,2026-05-26,2026-12-03,,2026-09-18,100,verified,not_connected,read,ready,0,3,,yes,3,2026-08-27T09:21:05+05:30,manual,off,Adviser 03,100,https://spiffler33.github.io/yeslyf-wireframes/admin_wireframes.html?run=3000&screen=M03&person=P00462,false
P00463,Harini,Krishnan,9000068937,harini.krishnan.368@example.com,Hyderabad,35 to 39,community,true,false,S9,diwm,diwm,active,Adviser 01,25 to 50 lakhs,Under 5 lakhs,"More than 40%, I live well below my means",Security,2026-05-10,2026-05-10,2026-05-11,2026-05-27,2026-05-27,2026-06-05,,2026-11-23,2026-10-08,2026-09-17,100,verified,connected,read,executing,4,7,2026-11-03,yes,0,2026-05-27T09:24:48+05:30,,off,,98,https://spiffler33.github.io/yeslyf-wireframes/admin_wireframes.html?run=3000&screen=M03&person=P00463,false
P00466,Janani,Nair,9000045119,janani.nair.380@example.com,Hyderabad,40 to 44,corporate_session,true,false,S10,diwm,diwm,active,Adviser 02,25 to 50 lakhs,1 to 5 crores,"More than 40%, I live well below my means",Security,2026-05-13,2026-05-13,2026-05-13,2026-05-22,2026-05-22,2026-05-22,2026-06-06,2026-11-18,2026-10-10,2026-09-20,100,verified,partial,read,done,3,3,2026-11-05,yes,0,2026-06-06T15:40:00+05:30,manual,off,Adviser 04,98,https://spiffler33.github.io/yeslyf-wireframes/admin_wireframes.html?run=3000&screen=M03&person=P00466,false
P00467,Harini,Rao,9000072270,,Kochi,30 to 34,community,true,false,S1,free,,,Adviser 06,10 to 25 lakhs,5 to 25 lakhs,"Around 10%, small consistent chunks",,2026-05-16,,,,,,,,,2026-05-17,0,not_started,,not_started,,,,,,,,,off,,44,https://spiffler33.github.io/yeslyf-wireframes/admin_wireframes.html?run=3000&screen=M03&person=P00467,false
P00470,Harini,Naidu,9000011525,,Bengaluru,30 to 34,community,true,false,S2,free,,,Adviser 01,10 to 25 lakhs,25 lakhs to 1 crore,"More than 40%, I live well below my means",Security,2026-05-12,2026-05-12,,,,,,,,2026-07-19,20,not_started,,not_started,,,,,,,,,off,,62,https://spiffler33.github.io/yeslyf-wireframes/admin_wireframes.html?run=3000&screen=M03&person=P00470,false
P00473,Hardik,Joshi,9000098577,hardik.joshi.727@example.com,Mumbai,30 to 34,community,false,false,S1,free,,,Adviser 04,25 to 50 lakhs,,,,2026-05-12,,,,,,,,,2026-05-12,0,not_started,,not_started,,,,,,,,,off,,31,https://spiffler33.github.io/yeslyf-wireframes/admin_wireframes.html?run=3000&screen=M03&person=P00473,false
P00474,Shruti,Thakkar,9000016821,shruti.thakkar.362@example.com,Mumbai,25 to 29,community,true,false,S9,diwm,diwm,active,Adviser 01,10 to 25 lakhs,25 lakhs to 1 crore,"More than 40%, I live well below my means",Freedom,2026-05-12,2026-05-12,2026-05-12,2026-05-15,2026-05-15,2026-05-15,2026-05-31,2026-11-11,2026-10-09,2026-09-19,100,verified,connected,read,executing,5,7,2026-11-16,yes,1,2026-08-12T09:55:47+05:30,,off,Adviser 03,100,https://spiffler33.github.io/yeslyf-wireframes/admin_wireframes.html?run=3000&screen=M03&person=P00474,false
P00475,Divya,Singh,9000090421,,Gurugram,35 to 39,community,false,false,S2,free,,,Adviser 05,25 to 50 lakhs,5 to 25 lakhs,"More than 40%, I live well below my means",Family,2026-05-13,2026-05-13,,,,,,,,2026-05-14,20,not_started,,not_started,,,,,,,,,off,,62,https://spiffler33.github.io/yeslyf-wireframes/admin_wireframes.html?run=3000&screen=M03&person=P00475,false
P00476,Vignesh,Nair,9000099615,vignesh.nair.178@example.com,Hyderabad,25 to 29,community,true,false,S2,free,,,Adviser 03,10 to 25 lakhs,5 to 25 lakhs,"Around 25%, meaningful amounts",Family,2026-05-10,2026-05-11,,,,,,,,2026-08-01,20,not_started,,not_started,,,,,,,,,off,,62,https://spiffler33.github.io/yeslyf-wireframes/admin_wireframes.html?run=3000&screen=M03&person=P00476,false
P00477,Hardik,Chitale,9000092165,hardik.chitale.456@example.com,Mumbai,25 to 29,web_reveal,true,false,S22,diy,diy,active,Adviser 02,25 to 50 lakhs,5 to 25 lakhs,"More than 40%, I live well below my means",Freedom,2026-05-12,2026-05-13,2026-05-14,2026-05-18,2026-05-18,2026-05-24,,2026-11-14,2026-11-10,2026-09-21,100,verified,not_connected,read,executing,4,7,,yes,0,2026-07-25T04:17:56+05:30,,off,,100,https://spiffler33.github.io/yeslyf-wireframes/admin_wireframes.html?run=3000&screen=M03&person=P00477,false
P00478,Ganesh,Rao,9000002889,,Chennai,35 to 39,corporate_session,true,true,S2,free,,,Adviser 04,10 to 25 lakhs,25 lakhs to 1 crore,"More than 40%, I live well below my means",Security,2026-05-13,2026-05-13,,,,,,,,2026-05-14,20,not_started,,not_started,,,,,,,,,off,,62,https://spiffler33.github.io/yeslyf-wireframes/admin_wireframes.html?run=3000&screen=M03&person=P00478,false
P00479,Arun,Menon,9000014553,,Hyderabad,35 to 39,community,true,false,S2,free,,,Adviser 01,50 lakhs to 1 crore,25 lakhs to 1 crore,"More than 40%, I live well below my means",Security,2026-05-14,2026-05-14,,,,,,,,2026-05-17,20,not_started,,not_started,,,,,,,,,off,,62,https://spiffler33.github.io/yeslyf-wireframes/admin_wireframes.html?run=3000&screen=M03&person=P00479,false
P00480,Rajiv,Subramanian,9000079553,,Chennai,35 to 39,community,true,false,S1,free,,,Adviser 06,10 to 25 lakhs,,,,2026-05-12,,,,,,,,,2026-05-13,0,not_started,,not_started,,,,,,,,,off,,31,https://spiffler33.github.io/yeslyf-wireframes/admin_wireframes.html?run=3000&screen=M03&person=P00480,false
P00481,Sameer,Desai,9000080707,,Mumbai,25 to 29,corporate_session,false,false,S1,free,,,Adviser 06,,,,,2026-05-18,,,,,,,,,2026-05-18,0,not_started,,not_started,,,,,,,,,off,,19,https://spiffler33.github.io/yeslyf-wireframes/admin_wireframes.html?run=3000&screen=M03&person=P00481,false
P00485,Sayan,Patnaik,9000026892,sayan.patnaik.788@example.com,Kolkata,45 and over,web_reveal,true,false,S1,free,,,Adviser 03,10 to 25 lakhs,25 lakhs to 1 crore,"More than 40%, I live well below my means",,2026-05-12,,,,,,,,,2026-05-13,0,not_started,,not_started,,,,,,,,,off,,44,https://spiffler33.github.io/yeslyf-wireframes/admin_wireframes.html?run=3000&screen=M03&person=P00485,false
P00486,Soumya,Pradhan,9000086029,soumya.pradhan.248@example.com,Pune,30 to 34,corporate_session,true,false,S2b,free,,,Adviser 04,10 to 25 lakhs,25 lakhs to 1 crore,"More than 40%, I live well below my means",Freedom,2026-05-13,2026-05-14,,,,,,,,2026-08-04,20,verified,,not_started,,,,,,,,,off,,88,https://spiffler33.github.io/yeslyf-wireframes/admin_wireframes.html?run=3000&screen=M03&person=P00486,false
P00487,Chinmay,Trivedi,9000005226,chinmay.trivedi.370@example.com,Pune,25 to 29,community,true,false,S9,diwm,diwm,active,Adviser 04,10 to 25 lakhs,25 lakhs to 1 crore,"Around 25%, meaningful amounts",Legacy,2026-05-15,2026-05-15,2026-05-16,2026-06-02,2026-06-02,2026-06-02,,2026-11-29,2026-10-13,2026-09-21,100,verified,failed,read,executing,5,7,,yes,0,2026-06-02T16:39:22+05:30,,off,,100,https://spiffler33.github.io/yeslyf-wireframes/admin_wireframes.html?run=3000&screen=M03&person=P00487,false
P00491,Vignesh,Naidu,9000019594,,Bengaluru,25 to 29,referral,false,true,S2,free,,,Adviser 05,10 to 25 lakhs,5 to 25 lakhs,"Around 25%, meaningful amounts",Security,2026-05-13,2026-05-14,,,,,,,,2026-05-15,20,not_started,,not_started,,,,,,,,,off,,62,https://spiffler33.github.io/yeslyf-wireframes/admin_wireframes.html?run=3000&screen=M03&person=P00491,false
P00493,Sneha,Chitale,9000021079,sneha.chitale.693@example.com,Mumbai,30 to 34,web_reveal,false,false,S1,free,,,Adviser 02,25 to 50 lakhs,5 to 25 lakhs,"More than 40%, I live well below my means",,2026-05-16,,,,,,,,,2026-05-16,0,not_started,,not_started,,,,,,,,,off,,44,https://spiffler33.github.io/yeslyf-wireframes/admin_wireframes.html?run=3000&screen=M03&person=P00493,false
P00500,Ketan,Naik,9000047035,ketan.naik.907@example.com,Mumbai,30 to 34,community,true,true,S1,free,,,Adviser 03,25 to 50 lakhs,,,,2026-05-15,,,,,,,,,2026-05-15,0,not_started,,not_started,,,,,,,,,off,,31,https://spiffler33.github.io/yeslyf-wireframes/admin_wireframes.html?run=3000&screen=M03&person=P00500,false
P00501,Revathi,Srinivasan,9000051728,,Bengaluru,25 to 29,organic,true,false,S1,free,,,Adviser 06,Under 10 lakhs,25 lakhs to 1 crore,"Around 40%, some serious money",,2026-05-16,,,,,,,,,2026-05-17,0,not_started,,not_started,,,,,,,,,off,,50,https://spiffler33.github.io/yeslyf-wireframes/admin_wireframes.html?run=3000&screen=M03&person=P00501,false
P00504,Rajiv,Iyer,9000092503,rajiv.iyer.245@example.com,Chennai,35 to 39,corporate_session,true,false,S2b,free,,,Adviser 01,50 lakhs to 1 crore,1 to 5 crores,"Around 40%, some serious money",Family,2026-05-13,2026-05-13,,,,,,,,2026-08-03,20,verified,,not_started,,,,,,,,,off,,88,https://spiffler33.github.io/yeslyf-wireframes/admin_wireframes.html?run=3000&screen=M03&person=P00504,false
P00507,Gurpreet,Khanna,9000007987,gurpreet.khanna.595@example.com,Noida,30 to 34,community,true,false,S2,free,,,Adviser 01,50 lakhs to 1 crore,25 lakhs to 1 crore,"More than 40%, I live well below my means",Security,2026-05-15,2026-05-15,,,,,,,,2026-08-05,20,not_started,,not_started,,,,,,,,,off,,62,https://spiffler33.github.io/yeslyf-wireframes/admin_wireframes.html?run=3000&screen=M03&person=P00507,false
P00509,Vignesh,Naidu,9000055392,,Hyderabad,40 to 44,organic,false,false,S2,free,,,Adviser 03,25 to 50 lakhs,25 lakhs to 1 crore,"More than 40%, I live well below my means",Family,2026-05-13,2026-05-14,,,,,,,,2026-05-15,20,not_started,,not_started,,,,,,,,,off,,62,https://spiffler33.github.io/yeslyf-wireframes/admin_wireframes.html?run=3000&screen=M03&person=P00509,false
P00510,Sandeep,Pai,9000049961,,Bengaluru,25 to 29,organic,true,false,S1,free,,,Adviser 03,10 to 25 lakhs,5 to 25 lakhs,,,2026-05-18,,,,,,,,,2026-05-19,0,not_started,,not_started,,,,,,,,,off,,38,https://spiffler33.github.io/yeslyf-wireframes/admin_wireframes.html?run=3000&screen=M03&person=P00510,false
P00511,Varsha,Kumar,9000081691,varsha.kumar.916@example.com,Bengaluru,25 to 29,web_reveal,true,false,S1,free,,,Adviser 02,,,,,2026-05-14,,,,,,,,,2026-05-15,0,not_started,,not_started,,,,,,,,,off,,19,https://spiffler33.github.io/yeslyf-wireframes/admin_wireframes.html?run=3000&screen=M03&person=P00511,false
P00513,Sanjana,Mishra,9000069107,,Gurugram,25 to 29,corporate_session,false,false,S2,free,,,Adviser 03,10 to 25 lakhs,Under 5 lakhs,"More than 40%, I live well below my means",Security,2026-05-17,2026-05-17,,,,,,,,2026-05-18,20,not_started,,not_started,,,,,,,,,off,,62,https://spiffler33.github.io/yeslyf-wireframes/admin_wireframes.html?run=3000&screen=M03&person=P00513,false
P00514,Sahil,Gupta,9000028610,,Delhi,35 to 39,community,true,false,S1,free,,,Adviser 06,,,,,2026-05-14,,,,,,,,,2026-05-15,0,not_started,,not_started,,,,,,,,,off,,25,https://spiffler33.github.io/yeslyf-wireframes/admin_wireframes.html?run=3000&screen=M03&person=P00514,false
P00515,Parth,Pawar,9000092142,parth.pawar.451@example.com,Ahmedabad,30 to 34,organic,true,true,S15,diwm,diwm,active,Adviser 03,10 to 25 lakhs,25 lakhs to 1 crore,"Around 40%, some serious money",Security,2026-05-16,2026-05-17,2026-05-24,2026-05-29,2026-05-29,2026-05-31,2026-08-03,2026-11-25,2026-10-21,2026-09-17,100,verified,expired,read,done,4,4,2026-08-22,yes,2,2026-08-03T17:40:00+05:30,,off,Adviser 03,100,https://spiffler33.github.io/yeslyf-wireframes/admin_wireframes.html?run=3000&screen=M03&person=P00515,false
P00518,Gayathri,Balakrishnan,9000063531,gayathri.balakrishnan.392@example.com,Chennai,40 to 44,community,true,false,S12,diy,diy,failed,Adviser 02,25 to 50 lakhs,1 to 5 crores,"More than 40%, I live well below my means",Legacy,2026-05-19,2026-05-19,2026-05-22,2026-06-12,2026-06-12,2026-06-12,,2026-12-09,,2026-09-22,100,verified,cas_uploaded,read,done,3,3,,yes,0,2026-06-08T15:11:33+05:30,,off,,100,https://spiffler33.github.io/yeslyf-wireframes/admin_wireframes.html?run=3000&screen=M03&person=P00518,false
P00519,Hardik,Jadhav,9000082390,hardik.jadhav.363@example.com,Mumbai,30 to 34,community,true,false,S9,diy,diy,active,Adviser 01,10 to 25 lakhs,25 lakhs to 1 crore,"More than 40%, I live well below my means",Family,2026-05-15,2026-05-15,2026-07-09,2026-07-23,2026-07-23,2026-07-28,,2026-10-21,2026-10-07,2026-09-22,100,verified,partial,read,executing,2,7,2026-10-07,yes,3,2026-09-01T13:35:09+05:30,,off,,98,https://spiffler33.github.io/yeslyf-wireframes/admin_wireframes.html?run=3000&screen=M03&person=P00519,false
P00520,Yogesh,Mehta,9000022099,,Ahmedabad,30 to 34,community,true,true,S2,free,,,Adviser 01,10 to 25 lakhs,25 lakhs to 1 crore,"More than 40%, I live well below my means",Family,2026-05-18,2026-05-18,,,,,,,,2026-05-19,20,not_started,,not_started,,,,,,,,,off,,62,https://spiffler33.github.io/yeslyf-wireframes/admin_wireframes.html?run=3000&screen=M03&person=P00520,false
P00522,Harini,Pai,9000057760,,Bengaluru,25 to 29,referral,false,false,S2,free,,,Adviser 05,10 to 25 lakhs,5 to 25 lakhs,"More than 40%, I live well below my means",Freedom,2026-05-14,2026-05-15,,,,,,,,2026-05-16,20,not_started,,not_started,,,,,,,,,off,,62,https://spiffler33.github.io/yeslyf-wireframes/admin_wireframes.html?run=3000&screen=M03&person=P00522,false
P00525,Jay,Joshi,9000076317,jay.joshi.156@example.com,Mumbai,30 to 34,community,true,false,S2,free,,,Adviser 04,25 to 50 lakhs,25 lakhs to 1 crore,"More than 40%, I live well below my means",Security,2026-05-15,2026-05-16,,,,,,,,2026-08-06,20,not_started,,not_started,,,,,,,,,off,,62,https://spiffler33.github.io/yeslyf-wireframes/admin_wireframes.html?run=3000&screen=M03&person=P00525,false
P00526,Kabir,Sethi,9000038174,kabir.sethi.259@example.com,Delhi,30 to 34,community,true,true,S2c,free,,,Adviser 03,50 lakhs to 1 crore,25 lakhs to 1 crore,"Around 40%, some serious money",Family,2026-05-25,2026-05-26,,,,,,,,2026-08-16,20,verified,,not_started,,,,,,,,,off,,94,https://spiffler33.github.io/yeslyf-wireframes/admin_wireframes.html?run=3000&screen=M03&person=P00526,false
P00527,Arnab,Dutta,9000028490,,Kolkata,30 to 34,corporate_session,false,false,S2,free,,,Adviser 04,25 to 50 lakhs,25 lakhs to 1 crore,"More than 40%, I live well below my means",Freedom,2026-05-14,2026-05-14,,,,,,,,2026-05-15,20,not_started,,not_started,,,,,,,,,off,,62,https://spiffler33.github.io/yeslyf-wireframes/admin_wireframes.html?run=3000&screen=M03&person=P00527,false
P00530,Vishnu,Pillai,9000082503,vishnu.pillai.922@example.com,Gurugram,30 to 34,community,true,false,S2,free,,,Adviser 03,25 to 50 lakhs,25 lakhs to 1 crore,"More than 40%, I live well below my means",Family,2026-05-15,2026-05-15,,,,,,,,2026-08-05,20,not_started,,not_started,,,,,,,,,off,,62,https://spiffler33.github.io/yeslyf-wireframes/admin_wireframes.html?run=3000&screen=M03&person=P00530,false
P00531,Nidhi,Deshmukh,9000023664,,Ahmedabad,30 to 34,corporate_session,true,false,S1,free,,,Adviser 05,10 to 25 lakhs,25 lakhs to 1 crore,"More than 40%, I live well below my means",,2026-05-15,,,,,,,,,2026-05-16,0,not_started,,not_started,,,,,,,,,off,,50,https://spiffler33.github.io/yeslyf-wireframes/admin_wireframes.html?run=3000&screen=M03&person=P00531,false
P00533,Sanjana,Srivastava,9000005337,,Gurugram,30 to 34,community,true,false,S2,free,,,Adviser 05,25 to 50 lakhs,25 lakhs to 1 crore,"More than 40%, I live well below my means",Freedom,2026-05-17,2026-05-17,,,,,,,,2026-06-29,20,not_started,,not_started,,,,,,,,,off,,62,https://spiffler33.github.io/yeslyf-wireframes/admin_wireframes.html?run=3000&screen=M03&person=P00533,false
P00534,Yogesh,Pandya,9000013070,,Pune,35 to 39,community,true,false,S2,free,,,Adviser 02,10 to 25 lakhs,5 to 25 lakhs,"More than 40%, I live well below my means",Generosity,2026-05-15,2026-05-15,,,,,,,,2026-05-18,20,not_started,,not_started,,,,,,,,,off,,62,https://spiffler33.github.io/yeslyf-wireframes/admin_wireframes.html?run=3000&screen=M03&person=P00534,false
P00535,Amruta,Bhosale,9000011026,amruta.bhosale.599@example.com,Indore,25 to 29,community,true,false,S2,free,,,Adviser 01,10 to 25 lakhs,5 to 25 lakhs,"More than 40%, I live well below my means",Security,2026-05-16,2026-05-16,,,,,,,,2026-08-06,20,not_started,,not_started,,,,,,,,,off,,62,https://spiffler33.github.io/yeslyf-wireframes/admin_wireframes.html?run=3000&screen=M03&person=P00535,false
P00536,Sameer,Chitale,9000091787,sameer.chitale.168@example.com,Ahmedabad,30 to 34,community,true,false,S2,free,,,Adviser 04,10 to 25 lakhs,5 to 25 lakhs,"Around 25%, meaningful amounts",Generosity,2026-05-16,2026-05-16,,,,,,,,2026-08-07,20,not_started,,not_started,,,,,,,,,off,,62,https://spiffler33.github.io/yeslyf-wireframes/admin_wireframes.html?run=3000&screen=M03&person=P00536,false
P00537,Sameer,Kulkarni,9000082990,sameer.kulkarni.218@example.com,Pune,30 to 34,web_reveal,true,false,S2,free,,,Adviser 06,10 to 25 lakhs,5 to 25 lakhs,"Around 40%, some serious money",Freedom,2026-05-15,2026-05-15,,,,,,,,2026-08-05,20,not_started,,not_started,,,,,,,,,off,,62,https://spiffler33.github.io/yeslyf-wireframes/admin_wireframes.html?run=3000&screen=M03&person=P00537,false
P00541,Naina,Rathore,9000030614,,Gurugram,25 to 29,corporate_session,true,false,S2,free,,,Adviser 02,10 to 25 lakhs,5 to 25 lakhs,"More than 40%, I live well below my means",Generosity,2026-05-15,2026-05-16,,,,,,,,2026-05-19,20,not_started,,not_started,,,,,,,,,off,,62,https://spiffler33.github.io/yeslyf-wireframes/admin_wireframes.html?run=3000&screen=M03&person=P00541,false
P00542,Kinjal,Naik,9000092857,,Surat,30 to 34,community,false,false,S2,free,,,Adviser 05,10 to 25 lakhs,25 lakhs to 1 crore,"Around 25%, meaningful amounts",Family,2026-05-15,2026-05-16,,,,,,,,2026-05-17,20,not_started,,not_started,,,,,,,,,off,,62,https://spiffler33.github.io/yeslyf-wireframes/admin_wireframes.html?run=3000&screen=M03&person=P00542,false
P00543,Aravind,Subramanian,9000009857,aravind.subramanian.709@example.com,Bengaluru,25 to 29,community,true,false,S2,free,,,Adviser 05,10 to 25 lakhs,5 to 25 lakhs,"Around 25%, meaningful amounts",Security,2026-05-22,2026-05-23,,,,,,,,2026-08-13,20,not_started,,not_started,,,,,,,,,off,,62,https://spiffler33.github.io/yeslyf-wireframes/admin_wireframes.html?run=3000&screen=M03&person=P00543,false
P00544,Mihir,Mehta,9000097601,,Pune,30 to 34,community,true,false,S2,free,,,Adviser 06,10 to 25 lakhs,5 to 25 lakhs,"More than 40%, I live well below my means",Generosity,2026-05-18,2026-05-18,,,,,,,,2026-09-13,20,not_started,,not_started,,,,,,,,,off,,62,https://spiffler33.github.io/yeslyf-wireframes/admin_wireframes.html?run=3000&screen=M03&person=P00544,false
P00546,Tarun,Gupta,9000002041,,Delhi,35 to 39,community,true,true,S2,free,,,Adviser 01,50 lakhs to 1 crore,1 to 5 crores,"Around 40%, some serious money",Family,2026-05-18,2026-05-18,,,,,,,,2026-05-19,20,not_started,,not_started,,,,,,,,,off,,62,https://spiffler33.github.io/yeslyf-wireframes/admin_wireframes.html?run=3000&screen=M03&person=P00546,false
P00548,Sandeep,Pai,9000004384,,Ahmedabad,30 to 34,corporate_session,false,false,S2,free,,,Adviser 05,10 to 25 lakhs,5 to 25 lakhs,"More than 40%, I live well below my means",Generosity,2026-05-16,2026-05-16,,,,,,,,2026-05-17,20,not_started,,not_started,,,,,,,,,off,,62,https://spiffler33.github.io/yeslyf-wireframes/admin_wireframes.html?run=3000&screen=M03&person=P00548,false
P00549,Varun,Agarwal,9000022420,,Gurugram,30 to 34,organic,false,false,S1,free,,,Adviser 02,,,,,2026-05-19,,,,,,,,,2026-05-19,0,not_started,,not_started,,,,,,,,,off,,19,https://spiffler33.github.io/yeslyf-wireframes/admin_wireframes.html?run=3000&screen=M03&person=P00549,false
P00551,Pranav,Arora,9000015761,pranav.arora.397@example.com,Gurugram,30 to 34,web_reveal,true,false,S2,free,,,Adviser 04,25 to 50 lakhs,25 lakhs to 1 crore,"More than 40%, I live well below my means",Family,2026-05-18,2026-05-18,,,,,,,,2026-08-08,20,not_started,,not_started,,,,,,,,,off,,62,https://spiffler33.github.io/yeslyf-wireframes/admin_wireframes.html?run=3000&screen=M03&person=P00551,false
P00552,Harpreet,Pandey,9000004263,,Noida,25 to 29,community,true,false,S1,free,,,Adviser 01,,,,,2026-05-20,,,,,,,,,2026-05-21,0,not_started,,not_started,,,,,,,,,off,,25,https://spiffler33.github.io/yeslyf-wireframes/admin_wireframes.html?run=3000&screen=M03&person=P00552,false
P00553,Dhruv,Trivedi,9000057307,,Ahmedabad,25 to 29,organic,true,false,S1,free,,,Adviser 01,25 to 50 lakhs,5 to 25 lakhs,"More than 40%, I live well below my means",,2026-05-16,,,,,,,,,2026-05-17,0,not_started,,not_started,,,,,,,,,off,,44,https://spiffler33.github.io/yeslyf-wireframes/admin_wireframes.html?run=3000&screen=M03&person=P00553,false
P00555,Rajiv,Iyengar,9000080731,,Gurugram,35 to 39,corporate_session,true,false,S1,free,,,Adviser 05,25 to 50 lakhs,,,,2026-05-19,,,,,,,,,2026-05-21,0,not_started,,not_started,,,,,,,,,off,,31,https://spiffler33.github.io/yeslyf-wireframes/admin_wireframes.html?run=3000&screen=M03&person=P00555,false
P00557,Mansi,Kulkarni,9000059108,mansi.kulkarni.235@example.com,Mumbai,25 to 29,organic,true,false,S2b,free,,,Adviser 04,10 to 25 lakhs,5 to 25 lakhs,"More than 40%, I live well below my means",Family,2026-05-17,2026-05-18,,,,,,,,2026-08-08,20,verified,,not_started,,,,,,,,,off,,88,https://spiffler33.github.io/yeslyf-wireframes/admin_wireframes.html?run=3000&screen=M03&person=P00557,false
P00558,Riddhi,Trivedi,9000091262,,Nagpur,40 to 44,community,true,false,S2,free,,,Adviser 05,Under 10 lakhs,25 lakhs to 1 crore,"More than 40%, I live well below my means",Legacy,2026-05-18,2026-05-18,,,,,,,,2026-05-21,20,not_started,,not_started,,,,,,,,,off,,62,https://spiffler33.github.io/yeslyf-wireframes/admin_wireframes.html?run=3000&screen=M03&person=P00558,false
P00563,Arjun,Malhotra,9000085370,,Gurugram,35 to 39,community,true,false,S2,free,,,Adviser 02,25 to 50 lakhs,1 to 5 crores,"More than 40%, I live well below my means",Family,2026-05-16,2026-05-17,,,,,,,,2026-05-20,20,not_started,,not_started,,,,,,,,,off,,62,https://spiffler33.github.io/yeslyf-wireframes/admin_wireframes.html?run=3000&screen=M03&person=P00563,false
P00565,Sai,Iyengar,9000064850,,Bengaluru,25 to 29,organic,true,false,S2,free,,,Adviser 03,10 to 25 lakhs,5 to 25 lakhs,"More than 40%, I live well below my means",Security,2026-05-20,2026-05-20,,,,,,,,2026-05-24,20,not_started,,not_started,,,,,,,,,off,,62,https://spiffler33.github.io/yeslyf-wireframes/admin_wireframes.html?run=3000&screen=M03&person=P00565,false
P00567,Hardik,Desai,9000033661,,Ahmedabad,35 to 39,community,false,false,S2,free,,,Adviser 04,10 to 25 lakhs,5 to 25 lakhs,"More than 40%, I live well below my means",Family,2026-05-19,2026-05-20,,,,,,,,2026-05-21,20,not_started,,not_started,,,,,,,,,off,,62,https://spiffler33.github.io/yeslyf-wireframes/admin_wireframes.html?run=3000&screen=M03&person=P00567,false
P00569,Mihir,Jadhav,9000068301,mihir.jadhav.767@example.com,Pune,35 to 39,web_reveal,false,false,S1,free,,,Adviser 02,10 to 25 lakhs,25 lakhs to 1 crore,,,2026-05-22,,,,,,,,,2026-05-22,0,not_started,,not_started,,,,,,,,,off,,38,https://spiffler33.github.io/yeslyf-wireframes/admin_wireframes.html?run=3000&screen=M03&person=P00569,false
P00571,Shruti,Shinde,9000015418,,Mumbai,35 to 39,corporate_session,false,false,S2,free,,,Adviser 06,25 to 50 lakhs,25 lakhs to 1 crore,"Around 40%, some serious money",Freedom,2026-05-20,2026-05-20,,,,,,,,2026-05-22,20,not_started,,not_started,,,,,,,,,off,,62,https://spiffler33.github.io/yeslyf-wireframes/admin_wireframes.html?run=3000&screen=M03&person=P00571,false
P00572,Nidhi,Jadhav,9000014016,nidhi.jadhav.252@example.com,Mumbai,35 to 39,community,true,false,S2c,free,,,Adviser 02,10 to 25 lakhs,5 to 25 lakhs,"More than 40%, I live well below my means",Family,2026-05-18,2026-05-18,,,,,,,,2026-08-08,20,verified,,not_started,,,,,,,,,off,,94,https://spiffler33.github.io/yeslyf-wireframes/admin_wireframes.html?run=3000&screen=M03&person=P00572,false
P00574,Parth,Mehta,9000088770,parth.mehta.913@example.com,Indore,40 to 44,web_reveal,true,false,S1,free,,,Adviser 01,10 to 25 lakhs,25 lakhs to 1 crore,"More than 40%, I live well below my means",,2026-05-19,,,,,,,,,2026-05-20,0,not_started,,not_started,,,,,,,,,off,,44,https://spiffler33.github.io/yeslyf-wireframes/admin_wireframes.html?run=3000&screen=M03&person=P00574,false
P00575,Vidya,Hegde,9000092346,,Hyderabad,35 to 39,organic,true,false,S2,free,,,Adviser 02,Over 1 crore,1 to 5 crores,"Around 40%, some serious money",Freedom,2026-05-21,2026-05-21,,,,,,,,2026-05-25,20,not_started,,not_started,,,,,,,,,off,,62,https://spiffler33.github.io/yeslyf-wireframes/admin_wireframes.html?run=3000&screen=M03&person=P00575,false
P00576,Karthik,Subramanian,9000016238,,Bengaluru,30 to 34,community,true,false,S1,free,,,Adviser 02,10 to 25 lakhs,5 to 25 lakhs,"Around 25%, meaningful amounts",,2026-05-28,,,,,,,,,2026-05-29,0,not_started,,not_started,,,,,,,,,off,,50,https://spiffler33.github.io/yeslyf-wireframes/admin_wireframes.html?run=3000&screen=M03&person=P00576,false
P00577,Karthik,Reddy,9000055716,karthik.reddy.600@example.com,Ahmedabad,30 to 34,community,true,false,S2,free,,,Adviser 03,10 to 25 lakhs,25 lakhs to 1 crore,"Around 10%, small consistent chunks",Freedom,2026-05-19,2026-05-19,,,,,,,,2026-08-09,20,not_started,,not_started,,,,,,,,,off,,62,https://spiffler33.github.io/yeslyf-wireframes/admin_wireframes.html?run=3000&screen=M03&person=P00577,false
P00579,Sakshi,Sharma,9000062421,,Jaipur,40 to 44,organic,true,false,S2,free,,,Adviser 01,10 to 25 lakhs,5 to 25 lakhs,"More than 40%, I live well below my means",Legacy,2026-05-21,2026-05-21,,,,,,,,2026-05-24,20,not_started,,not_started,,,,,,,,,off,,62,https://spiffler33.github.io/yeslyf-wireframes/admin_wireframes.html?run=3000&screen=M03&person=P00579,false
P00580,Rituparna,Ghosh,9000017028,,Pune,30 to 34,community,false,true,S1,free,,,Adviser 04,,,,,2026-05-20,,,,,,,,,2026-05-20,0,not_started,,not_started,,,,,,,,,off,,19,https://spiffler33.github.io/yeslyf-wireframes/admin_wireframes.html?run=3000&screen=M03&person=P00580,false
P00581,Heena,Shah,9000012435,,Pune,25 to 29,corporate_session,false,false,S2,free,,,Adviser 03,10 to 25 lakhs,5 to 25 lakhs,"More than 40%, I live well below my means",Legacy,2026-05-22,2026-05-22,,,,,,,,2026-05-23,20,not_started,,not_started,,,,,,,,,off,,62,https://spiffler33.github.io/yeslyf-wireframes/admin_wireframes.html?run=3000&screen=M03&person=P00581,false
P00584,Anand,Raman,9000075443,anand.raman.437@example.com,Hyderabad,40 to 44,community,true,false,S13,diy,diy,lapsed,Adviser 04,25 to 50 lakhs,25 lakhs to 1 crore,"More than 40%, I live well below my means",Freedom,2026-05-19,2026-05-20,2026-05-27,2026-06-13,2026-06-13,2026-06-13,,2026-12-10,,2026-09-18,100,verified,partial,read,executing,2,6,2026-11-27,yes,0,2026-06-10T10:36:14+05:30,,off,,98,https://spiffler33.github.io/yeslyf-wireframes/admin_wireframes.html?run=3000&screen=M03&person=P00584,false
P00588,Rituparna,Mukherjee,9000046715,,Pune,35 to 39,community,true,true,S2,free,,,Adviser 03,10 to 25 lakhs,25 lakhs to 1 crore,"Around 40%, some serious money",Freedom,2026-05-20,2026-05-20,,,,,,,,2026-05-22,20,not_started,,not_started,,,,,,,,,off,,62,https://spiffler33.github.io/yeslyf-wireframes/admin_wireframes.html?run=3000&screen=M03&person=P00588,false
P00589,Priya,Agarwal,9000005233,priya.agarwal.707@example.com,Delhi,35 to 39,web_reveal,true,false,S2,free,,,Adviser 01,10 to 25 lakhs,5 to 25 lakhs,"More than 40%, I live well below my means",Security,2026-05-20,2026-05-21,,,,,,,,2026-08-11,20,not_started,,not_started,,,,,,,,,off,,62,https://spiffler33.github.io/yeslyf-wireframes/admin_wireframes.html?run=3000&screen=M03&person=P00589,false
P00590,Pooja,Chopra,9000041289,,Gurugram,35 to 39,community,false,false,S2,free,,,Adviser 03,25 to 50 lakhs,1 to 5 crores,"More than 40%, I live well below my means",Family,2026-05-23,2026-05-23,,,,,,,,2026-05-24,20,not_started,,not_started,,,,,,,,,off,,62,https://spiffler33.github.io/yeslyf-wireframes/admin_wireframes.html?run=3000&screen=M03&person=P00590,false
P00592,Swathi,Subramanian,9000016672,,Bengaluru,25 to 29,organic,true,false,S2,free,,,Adviser 06,Under 10 lakhs,5 to 25 lakhs,"Around 40%, some serious money",Security,2026-05-19,2026-05-19,,,,,,,,2026-05-23,20,not_started,,not_started,,,,,,,,,off,,62,https://spiffler33.github.io/yeslyf-wireframes/admin_wireframes.html?run=3000&screen=M03&person=P00592,false
P00594,Janani,Shetty,9000048722,,Hyderabad,35 to 39,corporate_session,true,true,S2,free,,,Adviser 02,50 lakhs to 1 crore,1 to 5 crores,"More than 40%, I live well below my means",Family,2026-05-20,2026-05-20,,,,,,,,2026-05-21,20,not_started,,not_started,,,,,,,,,off,,62,https://spiffler33.github.io/yeslyf-wireframes/admin_wireframes.html?run=3000&screen=M03&person=P00594,false
P00596,Janani,Nair,9000047806,,Chennai,35 to 39,corporate_session,true,false,S2,free,,,Adviser 03,10 to 25 lakhs,1 to 5 crores,"More than 40%, I live well below my means",Security,2026-05-19,2026-05-20,,,,,,,,2026-05-23,20,not_started,,not_started,,,,,,,,,off,,62,https://spiffler33.github.io/yeslyf-wireframes/admin_wireframes.html?run=3000&screen=M03&person=P00596,false
P00597,Pooja,Bansal,9000093546,,Noida,45 and over,corporate_session,true,false,S1,free,,,Adviser 02,,,,,2026-05-20,,,,,,,,,2026-05-21,0,not_started,,not_started,,,,,,,,,off,,12,https://spiffler33.github.io/yeslyf-wireframes/admin_wireframes.html?run=3000&screen=M03&person=P00597,false
P00598,Siddharth,Chitale,9000010029,,Pune,25 to 29,community,true,false,S1,free,,,Adviser 05,10 to 25 lakhs,25 lakhs to 1 crore,,,2026-05-19,,,,,,,,,2026-05-20,0,not_started,,not_started,,,,,,,,,off,,38,https://spiffler33.github.io/yeslyf-wireframes/admin_wireframes.html?run=3000&screen=M03&person=P00598,false
P00600,Ketan,Thakkar,9000049195,,Mumbai,30 to 34,corporate_session,true,false,S2,free,,,Adviser 05,25 to 50 lakhs,5 to 25 lakhs,"More than 40%, I live well below my means",Family,2026-05-20,2026-05-21,,,,,,,,2026-05-24,20,not_started,,not_started,,,,,,,,,off,,62,https://spiffler33.github.io/yeslyf-wireframes/admin_wireframes.html?run=3000&screen=M03&person=P00600,false
P00601,Naina,Chopra,9000074859,,Gurugram,30 to 34,community,true,false,S2,free,,,Adviser 01,25 to 50 lakhs,25 lakhs to 1 crore,"Around 25%, meaningful amounts",Freedom,2026-05-26,2026-05-26,,,,,,,,2026-05-29,20,not_started,,not_started,,,,,,,,,off,,62,https://spiffler33.github.io/yeslyf-wireframes/admin_wireframes.html?run=3000&screen=M03&person=P00601,false
P00602,Aparna,Natarajan,9000079948,,Bengaluru,25 to 29,corporate_session,true,false,S2,free,,,Adviser 01,10 to 25 lakhs,5 to 25 lakhs,"Around 25%, meaningful amounts",Freedom,2026-05-27,2026-05-27,,,,,,,,2026-05-30,20,not_started,,not_started,,,,,,,,,off,,62,https://spiffler33.github.io/yeslyf-wireframes/admin_wireframes.html?run=3000&screen=M03&person=P00602,false
P00603,Pranav,Chopra,9000062906,,Delhi,35 to 39,referral,false,false,S2,free,,,Adviser 01,Over 1 crore,1 to 5 crores,"More than 40%, I live well below my means",Freedom,2026-05-22,2026-05-23,,,,,,,,2026-05-24,20,not_started,,not_started,,,,,,,,,off,,62,https://spiffler33.github.io/yeslyf-wireframes/admin_wireframes.html?run=3000&screen=M03&person=P00603,false
P00605,Dhruv,Jadhav,9000022812,,Mumbai,30 to 34,organic,true,false,S2,free,,,Adviser 04,10 to 25 lakhs,5 to 25 lakhs,"Around 40%, some serious money",Freedom,2026-05-22,2026-05-23,,,,,,,,2026-05-26,20,not_started,,not_started,,,,,,,,,off,,62,https://spiffler33.github.io/yeslyf-wireframes/admin_wireframes.html?run=3000&screen=M03&person=P00605,false
P00606,Karthik,Kumar,9000092186,,Chennai,35 to 39,organic,true,false,S2,free,,,Adviser 01,10 to 25 lakhs,25 lakhs to 1 crore,"Around 25%, meaningful amounts",Security,2026-05-25,2026-05-25,,,,,,,,2026-05-28,20,not_started,,not_started,,,,,,,,,off,,62,https://spiffler33.github.io/yeslyf-wireframes/admin_wireframes.html?run=3000&screen=M03&person=P00606,false
P00608,Aravind,Rajan,9000086967,,Lucknow,30 to 34,corporate_session,true,false,S2,free,,,Adviser 04,10 to 25 lakhs,25 lakhs to 1 crore,"Around 40%, some serious money",Legacy,2026-05-20,2026-05-21,,,,,,,,2026-05-24,20,not_started,,not_started,,,,,,,,,off,,62,https://spiffler33.github.io/yeslyf-wireframes/admin_wireframes.html?run=3000&screen=M03&person=P00608,false
P00610,Vignesh,Prasad,9000059249,vignesh.prasad.686@example.com,Kochi,35 to 39,community,true,false,S1,free,,,Adviser 06,10 to 25 lakhs,,,,2026-05-21,,,,,,,,,2026-05-22,0,not_started,,not_started,,,,,,,,,off,,31,https://spiffler33.github.io/yeslyf-wireframes/admin_wireframes.html?run=3000&screen=M03&person=P00610,false
P00611,Sanjana,Bedi,9000016957,sanjana.bedi.683@example.com,Gurugram,35 to 39,community,true,false,S1,free,,,Adviser 06,25 to 50 lakhs,25 lakhs to 1 crore,"More than 40%, I live well below my means",,2026-05-19,,,,,,,,,2026-05-21,0,not_started,,not_started,,,,,,,,,off,,44,https://spiffler33.github.io/yeslyf-wireframes/admin_wireframes.html?run=3000&screen=M03&person=P00611,false
P00612,Yogesh,Dave,9000030830,yogesh.dave.382@example.com,Pune,25 to 29,referral,false,false,S10,diwm,diwm,active,Adviser 05,10 to 25 lakhs,Under 5 lakhs,"Around 25%, meaningful amounts",Freedom,2026-05-20,2026-05-20,2026-05-20,2026-06-04,2026-06-04,2026-06-13,2026-06-12,2026-12-01,2026-11-16,2026-09-22,100,verified,partial,read,done,3,3,2026-11-19,yes,3,2026-08-27T00:24:25+05:30,,off,Adviser 04,100,https://spiffler33.github.io/yeslyf-wireframes/admin_wireframes.html?run=3000&screen=M03&person=P00612,false
P00613,Tanushree,Dutta,9000051208,tanushree.dutta.415@example.com,Bengaluru,35 to 39,corporate_session,false,false,S15,diy,diy,active,Adviser 03,25 to 50 lakhs,1 to 5 crores,"Around 25%, meaningful amounts",Family,2026-05-27,2026-05-28,2026-05-28,2026-06-10,2026-06-10,2026-06-10,,2026-12-07,2026-09-25,2026-09-14,100,verified (address typed),expired,read,ready,0,5,2026-08-28,yes,0,2026-06-10T09:20:23+05:30,rule,off,,98,https://spiffler33.github.io/yeslyf-wireframes/admin_wireframes.html?run=3000&screen=M03&person=P00613,false
P00615,Nithya,Naidu,9000062751,,Hyderabad,35 to 39,corporate_session,true,false,S2,free,,,Adviser 05,25 to 50 lakhs,1 to 5 crores,"Around 25%, meaningful amounts",Family,2026-05-24,2026-05-24,,,,,,,,2026-05-27,20,not_started,,not_started,,,,,,,,,off,,62,https://spiffler33.github.io/yeslyf-wireframes/admin_wireframes.html?run=3000&screen=M03&person=P00615,false
P00616,Naina,Tiwari,9000096815,,Chandigarh,35 to 39,community,false,false,S2,free,,,Adviser 05,25 to 50 lakhs,25 lakhs to 1 crore,"Around 25%, meaningful amounts",Security,2026-05-25,2026-05-25,,,,,,,,2026-05-27,20,not_started,,not_started,,,,,,,,,off,,62,https://spiffler33.github.io/yeslyf-wireframes/admin_wireframes.html?run=3000&screen=M03&person=P00616,false
P00618,Ketan,Patel,9000078179,,Indore,35 to 39,corporate_session,true,false,S2,free,,,Adviser 03,10 to 25 lakhs,25 lakhs to 1 crore,"Around 40%, some serious money",Legacy,2026-05-23,2026-05-26,,,,,,,,2026-05-29,20,not_started,,not_started,,,,,,,,,off,,62,https://spiffler33.github.io/yeslyf-wireframes/admin_wireframes.html?run=3000&screen=M03&person=P00618,false
P00621,Rajiv,Rajan,9000032992,,Hyderabad,35 to 39,community,true,false,S2,free,,,Adviser 04,10 to 25 lakhs,5 to 25 lakhs,"Around 40%, some serious money",Legacy,2026-05-22,2026-05-22,,,,,,,,2026-05-25,20,not_started,,not_started,,,,,,,,,off,,62,https://spiffler33.github.io/yeslyf-wireframes/admin_wireframes.html?run=3000&screen=M03&person=P00621,false
P00622,Akshay,Bhatia,9000012055,akshay.bhatia.177@example.com,Noida,35 to 39,community,true,false,S2,free,,,Adviser 05,10 to 25 lakhs,25 lakhs to 1 crore,"Around 25%, meaningful amounts",Generosity,2026-05-23,2026-05-23,,,,,,,,2026-08-13,20,not_started,,not_started,,,,,,,,,off,,62,https://spiffler33.github.io/yeslyf-wireframes/admin_wireframes.html?run=3000&screen=M03&person=P00622,false
P00628,Mansi,Pawar,9000003054,mansi.pawar.339@example.com,Ahmedabad,30 to 34,community,true,false,S8,diwm,diwm,active,Adviser 04,10 to 25 lakhs,5 to 25 lakhs,"More than 40%, I live well below my means",Family,2026-05-23,2026-05-23,2026-05-30,2026-06-14,2026-06-14,2026-06-15,,2026-12-11,2026-09-27,2026-09-19,100,verified,partial,read,ready,0,3,2026-11-19,yes,1,2026-07-07T23:49:32+05:30,,off,,98,https://spiffler33.github.io/yeslyf-wireframes/admin_wireframes.html?run=3000&screen=M03&person=P00628,false
P00629,Revathi,Kamath,9000042526,revathi.kamath.651@example.com,Bengaluru,40 to 44,community,false,false,S1,free,,,Adviser 04,50 lakhs to 1 crore,Over 5 crores,,,2026-05-23,,,,,,,,,2026-05-24,0,not_started,,not_started,,,,,,,,,off,,38,https://spiffler33.github.io/yeslyf-wireframes/admin_wireframes.html?run=3000&screen=M03&person=P00629,false
P00630,Anand,Nair,9000084389,anand.nair.190@example.com,Hyderabad,30 to 34,web_reveal,true,false,S2,free,,,Adviser 04,25 to 50 lakhs,25 lakhs to 1 crore,"Around 25%, meaningful amounts",Security,2026-05-27,2026-05-27,,,,,,,,2026-08-18,20,not_started,,not_started,,,,,,,,,off,,62,https://spiffler33.github.io/yeslyf-wireframes/admin_wireframes.html?run=3000&screen=M03&person=P00630,false
P00636,Nithya,Kumar,9000080176,,Hyderabad,35 to 39,corporate_session,true,false,S2,free,,,Adviser 06,25 to 50 lakhs,25 lakhs to 1 crore,"More than 40%, I live well below my means",Security,2026-05-24,2026-05-24,,,,,,,,2026-05-27,20,not_started,,not_started,,,,,,,,,off,,62,https://spiffler33.github.io/yeslyf-wireframes/admin_wireframes.html?run=3000&screen=M03&person=P00636,false
P00637,Karthik,Rajan,9000056732,,Hyderabad,35 to 39,community,true,false,S2,free,,,Adviser 03,50 lakhs to 1 crore,25 lakhs to 1 crore,"More than 40%, I live well below my means",Security,2026-05-22,2026-05-22,,,,,,,,2026-05-26,20,not_started,,not_started,,,,,,,,,off,,62,https://spiffler33.github.io/yeslyf-wireframes/admin_wireframes.html?run=3000&screen=M03&person=P00637,false
P00638,Kabir,Kapoor,9000096776,,Delhi,25 to 29,referral,true,true,S2,free,,,Adviser 03,25 to 50 lakhs,Under 5 lakhs,"More than 40%, I live well below my means",Freedom,2026-05-25,2026-05-26,,,,,,,,2026-05-27,20,not_started,,not_started,,,,,,,,,off,,62,https://spiffler33.github.io/yeslyf-wireframes/admin_wireframes.html?run=3000&screen=M03&person=P00638,false
P00639,Vikram,Gupta,9000096019,,Gurugram,35 to 39,corporate_session,true,true,S2,free,,,Adviser 02,25 to 50 lakhs,1 to 5 crores,"More than 40%, I live well below my means",Family,2026-05-23,2026-05-23,,,,,,,,2026-05-25,20,not_started,,not_started,,,,,,,,,off,,62,https://spiffler33.github.io/yeslyf-wireframes/admin_wireframes.html?run=3000&screen=M03&person=P00639,false
P00640,Sudipta,Chakraborty,9000020885,,Kolkata,25 to 29,referral,false,false,S1,free,,,Adviser 06,25 to 50 lakhs,25 lakhs to 1 crore,"More than 40%, I live well below my means",,2026-05-22,,,,,,,,,2026-05-22,0,not_started,,not_started,,,,,,,,,off,,50,https://spiffler33.github.io/yeslyf-wireframes/admin_wireframes.html?run=3000&screen=M03&person=P00640,false
P00641,Varun,Sharma,9000039524,varun.sharma.475@example.com,Delhi,35 to 39,web_reveal,false,false,S2,free,,,Adviser 05,Over 1 crore,1 to 5 crores,"Around 40%, some serious money",Legacy,2026-05-23,2026-05-24,,,,,,,,2026-08-14,20,not_started,,not_started,,,,,,,,,off,,62,https://spiffler33.github.io/yeslyf-wireframes/admin_wireframes.html?run=3000&screen=M03&person=P00641,false
P00642,Sahil,Pandey,9000023107,sahil.pandey.262@example.com,Ahmedabad,30 to 34,community,true,false,S2c,free,,,Adviser 02,10 to 25 lakhs,1 to 5 crores,"Around 25%, meaningful amounts",Legacy,2026-05-25,2026-05-26,,,,,,,,2026-08-16,20,verified,,not_started,,,,,,,,,off,,94,https://spiffler33.github.io/yeslyf-wireframes/admin_wireframes.html?run=3000&screen=M03&person=P00642,false
P00643,Swathi,Krishnan,9000054785,,Hyderabad,35 to 39,community,false,false,S2,free,,,Adviser 06,50 lakhs to 1 crore,25 lakhs to 1 crore,"Around 40%, some serious money",Security,2026-05-23,2026-05-23,,,,,,,,2026-05-24,20,not_started,,not_started,,,,,,,,,off,,62,https://spiffler33.github.io/yeslyf-wireframes/admin_wireframes.html?run=3000&screen=M03&person=P00643,false
P00644,Arjun,Srivastava,9000007974,arjun.srivastava.584@example.com,Gurugram,30 to 34,community,true,false,S2,free,,,Adviser 04,25 to 50 lakhs,25 lakhs to 1 crore,"Around 40%, some serious money",Family,2026-05-25,2026-05-25,,,,,,,,2026-08-15,20,not_started,,not_started,,,,,,,,,off,,62,https://spiffler33.github.io/yeslyf-wireframes/admin_wireframes.html?run=3000&screen=M03&person=P00644,false
P00645,Rutuja,Mehta,9000046743,rutuja.mehta.906@example.com,Pune,25 to 29,web_reveal,false,false,S1,free,,,Adviser 05,,,,,2026-05-26,,,,,,,,,2026-05-27,0,not_started,,not_started,,,,,,,,,off,,12,https://spiffler33.github.io/yeslyf-wireframes/admin_wireframes.html?run=3000&screen=M03&person=P00645,false
P00646,Karthik,Murthy,9000053998,karthik.murthy.692@example.com,Bengaluru,30 to 34,web_reveal,true,false,S2,free,,,Adviser 01,25 to 50 lakhs,25 lakhs to 1 crore,"More than 40%, I live well below my means",Security,2026-05-24,2026-05-24,,,,,,,,2026-08-14,20,not_started,,not_started,,,,,,,,,off,,62,https://spiffler33.github.io/yeslyf-wireframes/admin_wireframes.html?run=3000&screen=M03&person=P00646,false
P00647,Revathi,Balakrishnan,9000058354,revathi.balakrishnan.767@example.com,Bengaluru,25 to 29,community,true,false,S1,free,,,Adviser 06,25 to 50 lakhs,Under 5 lakhs,"More than 40%, I live well below my means",,2026-05-23,,,,,,,,,2026-05-24,0,not_started,,not_started,,,,,,,,,off,,44,https://spiffler33.github.io/yeslyf-wireframes/admin_wireframes.html?run=3000&screen=M03&person=P00647,false
P00648,Deepa,Pillai,9000032614,,Bengaluru,25 to 29,organic,true,false,S2,free,,,Adviser 03,10 to 25 lakhs,Under 5 lakhs,"Around 25%, meaningful amounts",Legacy,2026-05-28,2026-05-28,,,,,,,,2026-05-31,20,not_started,,not_started,,,,,,,,,off,,62,https://spiffler33.github.io/yeslyf-wireframes/admin_wireframes.html?run=3000&screen=M03&person=P00648,false
P00650,Krupa,Kamat,9000070294,,Mumbai,25 to 29,corporate_session,true,false,S2,free,,,Adviser 02,25 to 50 lakhs,5 to 25 lakhs,"More than 40%, I live well below my means",Family,2026-05-24,2026-05-25,,,,,,,,2026-05-28,20,not_started,,not_started,,,,,,,,,off,,62,https://spiffler33.github.io/yeslyf-wireframes/admin_wireframes.html?run=3000&screen=M03&person=P00650,false
P00652,Heena,Kamat,9000010474,,Pune,30 to 34,referral,true,false,S2,free,,,Adviser 05,10 to 25 lakhs,5 to 25 lakhs,"More than 40%, I live well below my means",Freedom,2026-05-25,2026-05-25,,,,,,,,2026-05-28,20,not_started,,not_started,,,,,,,,,off,,62,https://spiffler33.github.io/yeslyf-wireframes/admin_wireframes.html?run=3000&screen=M03&person=P00652,false
P00653,Varun,Arora,9000086662,,Noida,35 to 39,community,true,false,S2,free,,,Adviser 01,50 lakhs to 1 crore,25 lakhs to 1 crore,"Around 25%, meaningful amounts",Family,2026-05-23,2026-05-23,,,,,,,,2026-05-26,20,not_started,,not_started,,,,,,,,,off,,62,https://spiffler33.github.io/yeslyf-wireframes/admin_wireframes.html?run=3000&screen=M03&person=P00653,false
P00654,Divakar,Kumar,9000021683,,Hyderabad,35 to 39,referral,true,false,S2,free,,,Adviser 05,25 to 50 lakhs,5 to 25 lakhs,"Around 40%, some serious money",Security,2026-05-27,2026-05-27,,,,,,,,2026-05-30,20,not_started,,not_started,,,,,,,,,off,,62,https://spiffler33.github.io/yeslyf-wireframes/admin_wireframes.html?run=3000&screen=M03&person=P00654,false
P00656,Ketan,Patil,9000001061,ketan.patil.343@example.com,Mumbai,30 to 34,community,true,false,S9,diwm,diwm,active,Adviser 01,25 to 50 lakhs,25 lakhs to 1 crore,"More than 40%, I live well below my means",Generosity,2026-05-23,2026-05-23,2026-05-23,2026-05-30,2026-05-30,2026-05-30,,2026-11-26,2026-10-20,2026-09-22,100,verified,cas_uploaded,read,executing,4,7,,yes,0,2026-05-30T06:59:12+05:30,,off,,100,https://spiffler33.github.io/yeslyf-wireframes/admin_wireframes.html?run=3000&screen=M03&person=P00656,false
P00657,Prasanna,Naidu,9000057734,,Mumbai,25 to 29,community,true,false,S1,free,,,Adviser 04,25 to 50 lakhs,5 to 25 lakhs,,,2026-05-26,,,,,,,,,2026-05-27,0,not_started,,not_started,,,,,,,,,off,,38,https://spiffler33.github.io/yeslyf-wireframes/admin_wireframes.html?run=3000&screen=M03&person=P00657,false
P00660,Pranav,Agarwal,9000044008,pranav.agarwal.637@example.com,Delhi,25 to 29,community,true,false,S2,free,,,Adviser 02,10 to 25 lakhs,5 to 25 lakhs,"Around 25%, meaningful amounts",Freedom,2026-05-27,2026-05-28,,,,,,,,2026-08-18,20,not_started,,not_started,,,,,,,,,off,,62,https://spiffler33.github.io/yeslyf-wireframes/admin_wireframes.html?run=3000&screen=M03&person=P00660,false
P00661,Shruti,Desai,9000027087,,Chennai,35 to 39,community,true,false,S2,free,,,Adviser 02,10 to 25 lakhs,25 lakhs to 1 crore,"Around 40%, some serious money",Security,2026-05-23,2026-05-24,,,,,,,,2026-05-27,20,not_started,,not_started,,,,,,,,,off,,62,https://spiffler33.github.io/yeslyf-wireframes/admin_wireframes.html?run=3000&screen=M03&person=P00661,false
P00662,Tejas,Vora,9000016402,,Mumbai,30 to 34,corporate_session,true,false,S2,free,,,Adviser 01,10 to 25 lakhs,25 lakhs to 1 crore,"More than 40%, I live well below my means",Security,2026-05-26,2026-05-27,,,,,,,,2026-05-30,20,not_started,,not_started,,,,,,,,,off,,62,https://spiffler33.github.io/yeslyf-wireframes/admin_wireframes.html?run=3000&screen=M03&person=P00662,false
P00664,Gayathri,Naidu,9000021500,gayathri.naidu.674@example.com,Bengaluru,35 to 39,web_reveal,false,false,S1,free,,,Adviser 06,,,,,2026-05-25,,,,,,,,,2026-05-25,0,not_started,,not_started,,,,,,,,,off,,19,https://spiffler33.github.io/yeslyf-wireframes/admin_wireframes.html?run=3000&screen=M03&person=P00664,false
P00667,Devika,Mehta,9000043145,,Mumbai,25 to 29,community,true,false,S2,free,,,Adviser 06,25 to 50 lakhs,25 lakhs to 1 crore,"More than 40%, I live well below my means",Family,2026-05-26,2026-05-27,,,,,,,,2026-05-30,20,not_started,,not_started,,,,,,,,,off,,62,https://spiffler33.github.io/yeslyf-wireframes/admin_wireframes.html?run=3000&screen=M03&person=P00667,false
P00669,Debasish,Das,9000020781,,Kolkata,30 to 34,organic,true,false,S2,free,,,Adviser 02,10 to 25 lakhs,25 lakhs to 1 crore,"Around 25%, meaningful amounts",Security,2026-05-27,2026-05-27,,,,,,,,2026-05-30,20,not_started,,not_started,,,,,,,,,off,,62,https://spiffler33.github.io/yeslyf-wireframes/admin_wireframes.html?run=3000&screen=M03&person=P00669,false
P00672,Priya,Agarwal,9000099309,priya.agarwal.252@example.com,Delhi,25 to 29,web_reveal,true,false,S2,free,,,Adviser 04,10 to 25 lakhs,5 to 25 lakhs,"Around 25%, meaningful amounts",Freedom,2026-05-25,2026-05-26,,,,,,,,2026-08-16,20,not_started,,not_started,,,,,,,,,off,,62,https://spiffler33.github.io/yeslyf-wireframes/admin_wireframes.html?run=3000&screen=M03&person=P00672,false
P00674,Ruchi,Mishra,9000000719,ruchi.mishra.390@example.com,Bengaluru,25 to 29,web_reveal,true,false,S2,free,,,Adviser 02,10 to 25 lakhs,5 to 25 lakhs,"More than 40%, I live well below my means",Freedom,2026-06-06,2026-06-06,,,,,,,,2026-08-27,20,not_started,,not_started,,,,,,,,,off,,62,https://spiffler33.github.io/yeslyf-wireframes/admin_wireframes.html?run=3000&screen=M03&person=P00674,false
P00675,Sourav,Sen,9000052168,sourav.sen.565@example.com,Mumbai,30 to 34,community,true,false,S2,free,,,Adviser 03,25 to 50 lakhs,25 lakhs to 1 crore,"More than 40%, I live well below my means",Generosity,2026-06-01,2026-06-01,,,,,,,,2026-08-22,20,not_started,,not_started,,,,,,,,,off,,62,https://spiffler33.github.io/yeslyf-wireframes/admin_wireframes.html?run=3000&screen=M03&person=P00675,false
P00679,Harpreet,Khanna,9000009228,,Noida,30 to 34,community,false,false,S1,free,,,Adviser 06,10 to 25 lakhs,25 lakhs to 1 crore,"Around 40%, some serious money",,2026-05-25,,,,,,,,,2026-05-26,0,not_started,,not_started,,,,,,,,,off,,50,https://spiffler33.github.io/yeslyf-wireframes/admin_wireframes.html?run=3000&screen=M03&person=P00679,false
P00680,Mehak,Bedi,9000091348,,Delhi,40 to 44,corporate_session,true,false,S14,difm,,adviser relationship,Harish,,,,,2026-05-30,,,,,,,2026-11-26,,2026-08-29,70,"verified (assisted onboarding, M12)",not_connected,not applicable (adviser relationship),,,,,,0,2026-06-20T18:04:19+05:30,,off,,77,https://spiffler33.github.io/yeslyf-wireframes/admin_wireframes.html?run=3000&screen=M03&person=P00680,false
P00682,Meenakshi,Menon,9000030811,meenakshi.menon.112@example.com,Bengaluru,30 to 34,web_reveal,false,false,S1,free,,,Adviser 06,,,,,2026-05-27,,,,,,,,,2026-05-28,0,not_started,,not_started,,,,,,,,,off,,12,https://spiffler33.github.io/yeslyf-wireframes/admin_wireframes.html?run=3000&screen=M03&person=P00682,false
P00684,Madhav,Iyengar,9000004621,madhav.iyengar.766@example.com,Chennai,30 to 34,community,true,true,S1,free,,,Adviser 06,10 to 25 lakhs,25 lakhs to 1 crore,,,2026-06-04,,,,,,,,,2026-06-04,0,not_started,,not_started,,,,,,,,,off,,38,https://spiffler33.github.io/yeslyf-wireframes/admin_wireframes.html?run=3000&screen=M03&person=P00684,false
P00685,Subhajit,Mohanty,9000079615,subhajit.mohanty.782@example.com,Gurugram,35 to 39,web_reveal,false,true,S2,free,,,Adviser 04,25 to 50 lakhs,25 lakhs to 1 crore,"More than 40%, I live well below my means",Security,2026-05-27,2026-05-27,,,,,,,,2026-08-17,20,not_started,,not_started,,,,,,,,,off,,62,https://spiffler33.github.io/yeslyf-wireframes/admin_wireframes.html?run=3000&screen=M03&person=P00685,false
P00686,Harini,Raman,9000055937,harini.raman.511@example.com,Bengaluru,25 to 29,web_reveal,false,false,S2,free,,,Adviser 02,10 to 25 lakhs,5 to 25 lakhs,"More than 40%, I live well below my means",Security,2026-05-28,2026-05-28,,,,,,,,2026-08-18,20,not_started,,not_started,,,,,,,,,off,,62,https://spiffler33.github.io/yeslyf-wireframes/admin_wireframes.html?run=3000&screen=M03&person=P00686,false
P00688,Sahil,Gill,9000086345,,Lucknow,35 to 39,corporate_session,true,true,S1,free,,,Adviser 02,10 to 25 lakhs,Under 5 lakhs,,,2026-05-30,,,,,,,,,2026-05-30,0,not_started,,not_started,,,,,,,,,off,,38,https://spiffler33.github.io/yeslyf-wireframes/admin_wireframes.html?run=3000&screen=M03&person=P00688,false
P00691,Ritika,Sethi,9000011307,,Gurugram,35 to 39,corporate_session,true,false,S2,free,,,Adviser 04,25 to 50 lakhs,25 lakhs to 1 crore,"More than 40%, I live well below my means",Generosity,2026-05-28,2026-05-28,,,,,,,,2026-05-31,20,not_started,,not_started,,,,,,,,,off,,62,https://spiffler33.github.io/yeslyf-wireframes/admin_wireframes.html?run=3000&screen=M03&person=P00691,false
P00692,Ishita,Bansal,9000023844,,Delhi,40 to 44,referral,true,false,S2,free,,,Adviser 02,50 lakhs to 1 crore,Over 5 crores,"More than 40%, I live well below my means",Legacy,2026-06-08,2026-06-08,,,,,,,,2026-06-11,20,not_started,,not_started,,,,,,,,,off,,62,https://spiffler33.github.io/yeslyf-wireframes/admin_wireframes.html?run=3000&screen=M03&person=P00692,false
P00693,Venkat,Balakrishnan,9000061929,,Bengaluru,25 to 29,community,true,false,S1,free,,,Adviser 03,,,,,2026-05-27,,,,,,,,,2026-05-28,0,not_started,,not_started,,,,,,,,,off,,12,https://spiffler33.github.io/yeslyf-wireframes/admin_wireframes.html?run=3000&screen=M03&person=P00693,false
P00694,Kunal,Sawant,9000000979,kunal.sawant.430@example.com,Pune,25 to 29,community,true,true,S12,diy,diy,failed,Adviser 02,10 to 25 lakhs,5 to 25 lakhs,"Around 25%, meaningful amounts",Legacy,2026-05-26,2026-05-26,2026-06-20,2026-06-24,2026-06-24,2026-06-24,,2026-12-21,,2026-09-22,100,verified,not_connected,read,executing,3,6,,yes,0,2026-06-24T10:05:07+05:30,,off,,100,https://spiffler33.github.io/yeslyf-wireframes/admin_wireframes.html?run=3000&screen=M03&person=P00694,false
P00697,Bhavin,Deshmukh,9000037740,,Mumbai,30 to 34,referral,true,false,S2,free,,,Adviser 03,25 to 50 lakhs,25 lakhs to 1 crore,"More than 40%, I live well below my means",Freedom,2026-05-26,2026-05-26,,,,,,,,2026-05-30,20,not_started,,not_started,,,,,,,,,off,,62,https://spiffler33.github.io/yeslyf-wireframes/admin_wireframes.html?run=3000&screen=M03&person=P00697,false
P00698,Dhruv,Bhosale,9000038293,,Mumbai,30 to 34,corporate_session,true,false,S2,free,,,Adviser 03,25 to 50 lakhs,25 lakhs to 1 crore,"More than 40%, I live well below my means",Freedom,2026-05-29,2026-05-29,,,,,,,,2026-06-01,20,not_started,,not_started,,,,,,,,,off,,62,https://spiffler33.github.io/yeslyf-wireframes/admin_wireframes.html?run=3000&screen=M03&person=P00698,false
P00700,Swathi,Iyer,9000017685,swathi.iyer.713@example.com,Bengaluru,25 to 29,community,true,false,S1,free,,,Adviser 06,10 to 25 lakhs,5 to 25 lakhs,"Around 40%, some serious money",,2026-05-28,,,,,,,,,2026-05-29,0,not_started,,not_started,,,,,,,,,off,,50,https://spiffler33.github.io/yeslyf-wireframes/admin_wireframes.html?run=3000&screen=M03&person=P00700,false
P00703,Keerthana,Menon,9000062663,keerthana.menon.334@example.com,Chennai,35 to 39,community,true,false,S2,free,,,Adviser 05,50 lakhs to 1 crore,1 to 5 crores,"More than 40%, I live well below my means",Generosity,2026-05-28,2026-05-28,,,,,,,,2026-08-18,20,not_started,,not_started,,,,,,,,,off,,62,https://spiffler33.github.io/yeslyf-wireframes/admin_wireframes.html?run=3000&screen=M03&person=P00703,false
P00704,Urvi,Trivedi,9000097995,urvi.trivedi.341@example.com,Mumbai,30 to 34,community,true,true,S2,free,,,Adviser 06,25 to 50 lakhs,5 to 25 lakhs,"Around 40%, some serious money",Security,2026-05-30,2026-05-31,,,,,,,,2026-08-21,20,not_started,,not_started,,,,,,,,,off,,62,https://spiffler33.github.io/yeslyf-wireframes/admin_wireframes.html?run=3000&screen=M03&person=P00704,false
P00705,Sameer,Pawar,9000098462,sameer.pawar.800@example.com,Mumbai,30 to 34,web_reveal,true,false,S2,free,,,Adviser 06,10 to 25 lakhs,5 to 25 lakhs,"More than 40%, I live well below my means",Family,2026-05-27,2026-05-27,,,,,,,,2026-08-18,20,not_started,,not_started,,,,,,,,,off,,62,https://spiffler33.github.io/yeslyf-wireframes/admin_wireframes.html?run=3000&screen=M03&person=P00705,false
P00706,Arjun,Malhotra,9000005930,arjun.malhotra.353@example.com,Noida,35 to 39,web_reveal,true,false,S2,free,,,Adviser 02,50 lakhs to 1 crore,1 to 5 crores,"More than 40%, I live well below my means",Family,2026-05-31,2026-05-31,,,,,,,,2026-08-21,20,not_started,,not_started,,,,,,,,,off,,62,https://spiffler33.github.io/yeslyf-wireframes/admin_wireframes.html?run=3000&screen=M03&person=P00706,false
P00708,Ganesh,Chandran,9000013699,ganesh.chandran.967@example.com,Hyderabad,25 to 29,web_reveal,true,false,S2,free,,,Adviser 01,10 to 25 lakhs,25 lakhs to 1 crore,"Around 40%, some serious money",Generosity,2026-05-28,2026-05-28,,,,,,,,2026-08-18,20,not_started,,not_started,,,,,,,,,off,,62,https://spiffler33.github.io/yeslyf-wireframes/admin_wireframes.html?run=3000&screen=M03&person=P00708,false
P00711,Anjali,Sharma,9000027589,,Gurugram,35 to 39,corporate_session,true,false,S1,free,,,Adviser 03,50 lakhs to 1 crore,1 to 5 crores,"More than 40%, I live well below my means",,2026-06-04,,,,,,,,,2026-06-05,0,not_started,,not_started,,,,,,,,,off,,50,https://spiffler33.github.io/yeslyf-wireframes/admin_wireframes.html?run=3000&screen=M03&person=P00711,false
P00714,Kavya,Arora,9000050173,,Gurugram,35 to 39,corporate_session,true,false,S1,free,,,Adviser 05,25 to 50 lakhs,1 to 5 crores,"Around 40%, some serious money",,2026-05-28,,,,,,,,,2026-05-30,0,not_started,,not_started,,,,,,,,,off,,50,https://spiffler33.github.io/yeslyf-wireframes/admin_wireframes.html?run=3000&screen=M03&person=P00714,false
P00715,Ankit,Gupta,9000022496,ankit.gupta.217@example.com,Gurugram,35 to 39,community,true,false,S2,free,,,Adviser 06,25 to 50 lakhs,5 to 25 lakhs,"Around 40%, some serious money",Legacy,2026-05-28,2026-05-29,,,,,,,,2026-08-19,20,not_started,,not_started,,,,,,,,,off,,62,https://spiffler33.github.io/yeslyf-wireframes/admin_wireframes.html?run=3000&screen=M03&person=P00715,false
P00716,Ayesha,Bedi,9000066362,ayesha.bedi.394@example.com,Delhi,25 to 29,web_reveal,true,false,S12,diy,diy,failed,Adviser 03,10 to 25 lakhs,5 to 25 lakhs,"Around 40%, some serious money",Freedom,2026-06-02,2026-06-02,2026-06-23,2026-06-24,2026-06-24,2026-07-01,,2026-12-21,,2026-09-23,100,verified,cas_uploaded,read,executing,3,5,,yes,2,2026-08-03T05:17:36+05:30,,off,,100,https://spiffler33.github.io/yeslyf-wireframes/admin_wireframes.html?run=3000&screen=M03&person=P00716,false
P00718,Keerthana,Hegde,9000021306,keerthana.hegde.472@example.com,Hyderabad,30 to 34,organic,false,false,S25,diy,diy,active,Adviser 05,10 to 25 lakhs,5 to 25 lakhs,"Around 40%, some serious money",Family,2026-05-27,2026-05-28,2026-06-04,2026-06-21,2026-06-21,2026-06-21,,2026-12-18,2026-10-02,2026-09-23,100,verified,failed,read,executing,3,5,,yes,0,2026-06-21T09:48:30+05:30,,off,,100,https://spiffler33.github.io/yeslyf-wireframes/admin_wireframes.html?run=3000&screen=M03&person=P00718,false
P00720,Karan,Bhatia,9000015475,karan.bhatia.819@example.com,Gurugram,30 to 34,community,true,false,S1,free,,,Adviser 06,,,,,2026-05-29,,,,,,,,,2026-05-30,0,not_started,,not_started,,,,,,,,,off,,12,https://spiffler33.github.io/yeslyf-wireframes/admin_wireframes.html?run=3000&screen=M03&person=P00720,false
P00721,Pavithra,Murthy,9000006286,,Chennai,25 to 29,organic,false,false,S2,free,,,Adviser 04,25 to 50 lakhs,25 lakhs to 1 crore,"More than 40%, I live well below my means",Legacy,2026-06-01,2026-06-01,,,,,,,,2026-06-03,20,not_started,,not_started,,,,,,,,,off,,62,https://spiffler33.github.io/yeslyf-wireframes/admin_wireframes.html?run=3000&screen=M03&person=P00721,false
P00722,Urvi,Mehta,9000013746,,Ahmedabad,30 to 34,community,false,false,S2,free,,,Adviser 03,50 lakhs to 1 crore,25 lakhs to 1 crore,"More than 40%, I live well below my means",Legacy,2026-06-04,2026-06-04,,,,,,,,2026-06-05,20,not_started,,not_started,,,,,,,,,off,,62,https://spiffler33.github.io/yeslyf-wireframes/admin_wireframes.html?run=3000&screen=M03&person=P00722,false
P00723,Indrani,Patnaik,9000009157,,Kolkata,30 to 34,corporate_session,true,false,S2,free,,,Adviser 01,25 to 50 lakhs,25 lakhs to 1 crore,"More than 40%, I live well below my means",Security,2026-05-28,2026-05-29,,,,,,,,2026-06-01,20,not_started,,not_started,,,,,,,,,off,,62,https://spiffler33.github.io/yeslyf-wireframes/admin_wireframes.html?run=3000&screen=M03&person=P00723,false
P00724,Vishnu,Menon,9000066021,vishnu.menon.542@example.com,Hyderabad,25 to 29,community,false,false,S2,free,,,Adviser 01,10 to 25 lakhs,Under 5 lakhs,"Around 25%, meaningful amounts",Freedom,2026-05-28,2026-05-28,,,,,,,,2026-08-18,20,not_started,,not_started,,,,,,,,,off,,62,https://spiffler33.github.io/yeslyf-wireframes/admin_wireframes.html?run=3000&screen=M03&person=P00724,false
P00725,Amruta,Patel,9000030084,,Pune,30 to 34,corporate_session,true,true,S2,free,,,Adviser 05,10 to 25 lakhs,Under 5 lakhs,"Around 25%, meaningful amounts",Freedom,2026-06-07,2026-06-07,,,,,,,,2026-06-08,20,not_started,,not_started,,,,,,,,,off,,62,https://spiffler33.github.io/yeslyf-wireframes/admin_wireframes.html?run=3000&screen=M03&person=P00725,false
P00727,Rajiv,Shetty,9000001439,,Hyderabad,35 to 39,organic,false,true,S2,free,,,Adviser 05,25 to 50 lakhs,25 lakhs to 1 crore,"More than 40%, I live well below my means",Generosity,2026-05-29,2026-05-29,,,,,,,,2026-05-30,20,not_started,,not_started,,,,,,,,,off,,62,https://spiffler33.github.io/yeslyf-wireframes/admin_wireframes.html?run=3000&screen=M03&person=P00727,false
P00728,Foram,Thakkar,9000016844,foram.thakkar.660@example.com,Pune,30 to 34,web_reveal,true,false,S2,free,,,Adviser 04,10 to 25 lakhs,5 to 25 lakhs,"More than 40%, I live well below my means",Freedom,2026-05-28,2026-05-29,,,,,,,,2026-08-19,20,not_started,,not_started,,,,,,,,,off,,62,https://spiffler33.github.io/yeslyf-wireframes/admin_wireframes.html?run=3000&screen=M03&person=P00728,false
P00729,Sameer,Deshmukh,9000043838,,Pune,25 to 29,community,true,false,S1,free,,,Adviser 02,Under 10 lakhs,5 to 25 lakhs,"Around 40%, some serious money",,2026-05-29,,,,,,,,,2026-05-30,0,not_started,,not_started,,,,,,,,,off,,44,https://spiffler33.github.io/yeslyf-wireframes/admin_wireframes.html?run=3000&screen=M03&person=P00729,false
P00730,Jay,Mehta,9000024196,jay.mehta.241@example.com,Mumbai,30 to 34,web_reveal,true,false,S2,free,,,Adviser 03,10 to 25 lakhs,5 to 25 lakhs,"More than 40%, I live well below my means",Family,2026-05-30,2026-05-31,,,,,,,,2026-08-21,20,not_started,,not_started,,,,,,,,,off,,62,https://spiffler33.github.io/yeslyf-wireframes/admin_wireframes.html?run=3000&screen=M03&person=P00730,false
P00733,Bhavin,Kulkarni,9000013454,,Mumbai,30 to 34,corporate_session,true,false,S2,free,,,Adviser 03,25 to 50 lakhs,25 lakhs to 1 crore,"More than 40%, I live well below my means",Generosity,2026-05-28,2026-05-28,,,,,,,,2026-06-01,20,not_started,,not_started,,,,,,,,,off,,62,https://spiffler33.github.io/yeslyf-wireframes/admin_wireframes.html?run=3000&screen=M03&person=P00733,false
P00734,Ishaan,Sharma,9000018689,ishaan.sharma.379@example.com,Noida,25 to 29,community,true,true,S10,diwm,diwm,active,Adviser 04,25 to 50 lakhs,5 to 25 lakhs,"More than 40%, I live well below my means",Family,2026-05-29,2026-05-29,2026-05-29,2026-06-12,2026-06-12,2026-06-12,2026-06-25,2026-12-09,2026-11-25,2026-09-17,100,verified,connected,read,done,3,3,2026-11-29,yes,0,2026-06-01T08:23:26+05:30,,off,Adviser 03,100,https://spiffler33.github.io/yeslyf-wireframes/admin_wireframes.html?run=3000&screen=M03&person=P00734,false
P00735,Arjun,Gupta,9000004530,,Gurugram,30 to 34,community,true,false,S2,free,,,Adviser 05,25 to 50 lakhs,25 lakhs to 1 crore,"Around 40%, some serious money",Security,2026-06-03,2026-06-03,,,,,,,,2026-06-06,20,not_started,,not_started,,,,,,,,,off,,62,https://spiffler33.github.io/yeslyf-wireframes/admin_wireframes.html?run=3000&screen=M03&person=P00735,false
P00737,Rohit,Desai,9000098574,rohit.desai.759@example.com,Nagpur,25 to 29,web_reveal,true,false,S1,free,,,Adviser 05,,,,,2026-06-02,,,,,,,,,2026-06-04,0,not_started,,not_started,,,,,,,,,off,,12,https://spiffler33.github.io/yeslyf-wireframes/admin_wireframes.html?run=3000&screen=M03&person=P00737,false
P00741,Naveen,Kamath,9000071593,naveen.kamath.359@example.com,Chennai,30 to 34,community,true,false,S9,diwm,diwm,active,Adviser 03,10 to 25 lakhs,5 to 25 lakhs,"Around 25%, meaningful amounts",Freedom,2026-05-31,2026-05-31,2026-05-31,2026-06-19,2026-06-19,2026-06-22,,2026-12-16,2026-11-27,2026-09-21,100,verified (address typed),not_connected,read,executing,4,6,,yes,0,2026-06-14T15:07:15+05:30,,off,,100,https://spiffler33.github.io/yeslyf-wireframes/admin_wireframes.html?run=3000&screen=M03&person=P00741,false
P00744,Sandeep,Prasad,9000025347,,Bengaluru,35 to 39,community,true,false,S2,free,,,Adviser 01,25 to 50 lakhs,25 lakhs to 1 crore,"More than 40%, I live well below my means",Security,2026-05-29,2026-05-30,,,,,,,,2026-06-02,20,not_started,,not_started,,,,,,,,,off,,62,https://spiffler33.github.io/yeslyf-wireframes/admin_wireframes.html?run=3000&screen=M03&person=P00744,false
P00745,Gauri,Desai,9000073981,gauri.desai.419@example.com,Mumbai,30 to 34,web_reveal,true,false,S2,free,,,Adviser 01,10 to 25 lakhs,25 lakhs to 1 crore,"More than 40%, I live well below my means",Family,2026-06-01,2026-06-01,,,,,,,,2026-08-22,20,not_started,,not_started,,,,,,,,,off,,62,https://spiffler33.github.io/yeslyf-wireframes/admin_wireframes.html?run=3000&screen=M03&person=P00745,false
P00747,Gayathri,Nair,9000076123,gayathri.nair.399@example.com,Hyderabad,35 to 39,community,true,false,S13,diy,diy,lapsed,Adviser 04,50 lakhs to 1 crore,1 to 5 crores,"More than 40%, I live well below my means",Security,2026-05-31,2026-05-31,2026-06-07,,,,,,,2026-09-12,90,verified,partial,in_progress,not_started,,,2026-11-30,no,0,2026-06-08T18:14:22+05:30,,off,,95,https://spiffler33.github.io/yeslyf-wireframes/admin_wireframes.html?run=3000&screen=M03&person=P00747,false
P00749,Ishita,Pandey,9000037738,ishita.pandey.443@example.com,Gurugram,30 to 34,corporate_session,false,false,S20,diwm,diwm,pending_mandate,Adviser 06,25 to 50 lakhs,25 lakhs to 1 crore,"Around 40%, some serious money",Security,2026-05-31,2026-06-01,2026-06-07,2026-06-15,2026-06-15,2026-06-19,,2026-12-12,,2026-09-21,100,verified,connected,read,ready,0,4,2026-11-29,yes,0,2026-06-15T06:59:45+05:30,,off,,100,https://spiffler33.github.io/yeslyf-wireframes/admin_wireframes.html?run=3000&screen=M03&person=P00749,false
P00750,Kavya,Kapoor,9000044792,,Delhi,40 to 44,corporate_session,true,false,S2,free,,,Adviser 06,25 to 50 lakhs,25 lakhs to 1 crore,"More than 40%, I live well below my means",Generosity,2026-06-06,2026-06-06,,,,,,,,2026-06-09,20,not_started,,not_started,,,,,,,,,off,,62,https://spiffler33.github.io/yeslyf-wireframes/admin_wireframes.html?run=3000&screen=M03&person=P00750,false
P00752,Mansi,Chitale,9000039883,,Pune,35 to 39,community,true,false,S2,free,,,Adviser 04,25 to 50 lakhs,25 lakhs to 1 crore,"Around 40%, some serious money",Freedom,2026-05-30,2026-05-30,,,,,,,,2026-06-03,20,not_started,,not_started,,,,,,,,,off,,62,https://spiffler33.github.io/yeslyf-wireframes/admin_wireframes.html?run=3000&screen=M03&person=P00752,false
P00753,Harini,Subramanian,9000047816,,Bengaluru,25 to 29,corporate_session,false,false,S1,free,,,Adviser 01,10 to 25 lakhs,,,,2026-06-08,,,,,,,,,2026-06-08,0,not_started,,not_started,,,,,,,,,off,,31,https://spiffler33.github.io/yeslyf-wireframes/admin_wireframes.html?run=3000&screen=M03&person=P00753,false
P00754,Vignesh,Pillai,9000011413,,Chennai,35 to 39,community,false,false,S2,free,,,Adviser 05,10 to 25 lakhs,25 lakhs to 1 crore,"Around 40%, some serious money",Security,2026-05-30,2026-05-30,,,,,,,,2026-05-31,20,not_started,,not_started,,,,,,,,,off,,62,https://spiffler33.github.io/yeslyf-wireframes/admin_wireframes.html?run=3000&screen=M03&person=P00754,false
P00757,Chaitanya,Shetty,9000006667,chaitanya.shetty.417@example.com,Hyderabad,35 to 39,community,true,false,S15,diwm,diwm,active,Adviser 01,25 to 50 lakhs,25 lakhs to 1 crore,"Around 40%, some serious money",Family,2026-05-30,2026-06-01,2026-06-04,2026-06-06,2026-06-06,2026-06-14,2026-06-17,2026-12-03,2026-10-02,2026-09-15,100,verified,expired,read,done,4,4,2026-09-02,yes,0,2026-06-06T12:08:46+05:30,,off,Adviser 05,98,https://spiffler33.github.io/yeslyf-wireframes/admin_wireframes.html?run=3000&screen=M03&person=P00757,false
P00758,Tanvi,Arora,9000050208,,Gurugram,30 to 34,corporate_session,true,false,S2,free,,,Adviser 01,25 to 50 lakhs,25 lakhs to 1 crore,"More than 40%, I live well below my means",Legacy,2026-06-03,2026-06-04,,,,,,,,2026-06-07,20,not_started,,not_started,,,,,,,,,off,,62,https://spiffler33.github.io/yeslyf-wireframes/admin_wireframes.html?run=3000&screen=M03&person=P00758,false
P00762,Keerthana,Natarajan,9000035587,,Bengaluru,25 to 29,corporate_session,false,false,S2,free,,,Adviser 05,10 to 25 lakhs,Under 5 lakhs,"More than 40%, I live well below my means",Freedom,2026-05-31,2026-05-31,,,,,,,,2026-06-01,20,not_started,,not_started,,,,,,,,,off,,62,https://spiffler33.github.io/yeslyf-wireframes/admin_wireframes.html?run=3000&screen=M03&person=P00762,false
P00766,Parth,Naik,9000042575,parth.naik.319@example.com,Mumbai,25 to 29,community,true,false,S7,diwm,diwm,active,Adviser 05,25 to 50 lakhs,5 to 25 lakhs,"More than 40%, I live well below my means",Freedom,2026-06-04,2026-06-05,2026-06-05,2026-06-16,2026-06-16,2026-06-21,,2026-12-13,2026-10-03,2026-09-23,100,verified,connected,read,ready,0,3,2026-11-28,yes,0,2026-06-05T18:05:24+05:30,,off,,98,https://spiffler33.github.io/yeslyf-wireframes/admin_wireframes.html?run=3000&screen=M03&person=P00766,false
P00769,Mihir,Mehta,9000006583,,Mumbai,25 to 29,organic,true,false,S1,free,,,Adviser 04,10 to 25 lakhs,5 to 25 lakhs,,,2026-06-09,,,,,,,,,2026-06-10,0,not_started,,not_started,,,,,,,,,off,,38,https://spiffler33.github.io/yeslyf-wireframes/admin_wireframes.html?run=3000&screen=M03&person=P00769,false
P00770,Harini,Kumar,9000022344,harini.kumar.769@example.com,Hyderabad,30 to 34,web_reveal,true,false,S1,free,,,Adviser 02,25 to 50 lakhs,25 lakhs to 1 crore,,,2026-06-08,,,,,,,,,2026-06-09,0,not_started,,not_started,,,,,,,,,off,,38,https://spiffler33.github.io/yeslyf-wireframes/admin_wireframes.html?run=3000&screen=M03&person=P00770,false
P00775,Vikram,Pandey,9000058161,vikram.pandey.793@example.com,Delhi,35 to 39,community,true,false,S1,free,,,Adviser 02,50 lakhs to 1 crore,,,,2026-06-03,,,,,,,,,2026-06-04,0,not_started,,not_started,,,,,,,,,off,,31,https://spiffler33.github.io/yeslyf-wireframes/admin_wireframes.html?run=3000&screen=M03&person=P00775,false
P00776,Kunal,Jadhav,9000092807,kunal.jadhav.187@example.com,Pune,30 to 34,community,true,true,S2,free,,,Adviser 01,10 to 25 lakhs,5 to 25 lakhs,"More than 40%, I live well below my means",Legacy,2026-06-02,2026-06-03,,,,,,,,2026-08-24,20,not_started,,not_started,,,,,,,,,off,,62,https://spiffler33.github.io/yeslyf-wireframes/admin_wireframes.html?run=3000&screen=M03&person=P00776,false
P00780,Riddhi,Mehta,9000094229,riddhi.mehta.116@example.com,Hyderabad,35 to 39,web_reveal,true,false,S2,free,,,Adviser 01,25 to 50 lakhs,1 to 5 crores,"Around 40%, some serious money",Generosity,2026-06-05,2026-06-06,,,,,,,,2026-08-27,20,not_started,,not_started,,,,,,,,,off,,62,https://spiffler33.github.io/yeslyf-wireframes/admin_wireframes.html?run=3000&screen=M03&person=P00780,false
P00781,Ritika,Sethi,9000004975,,Ahmedabad,25 to 29,community,true,false,S2,free,,,Adviser 02,10 to 25 lakhs,25 lakhs to 1 crore,"Around 40%, some serious money",Family,2026-06-01,2026-06-02,,,,,,,,2026-06-05,20,not_started,,not_started,,,,,,,,,off,,62,https://spiffler33.github.io/yeslyf-wireframes/admin_wireframes.html?run=3000&screen=M03&person=P00781,false
P00782,Mihir,Shinde,9000061566,,Mumbai,25 to 29,corporate_session,true,false,S1,free,,,Adviser 04,,,,,2026-06-04,,,,,,,,,2026-06-05,0,not_started,,not_started,,,,,,,,,off,,12,https://spiffler33.github.io/yeslyf-wireframes/admin_wireframes.html?run=3000&screen=M03&person=P00782,false
P00784,Devika,Chitale,9000087695,devika.chitale.714@example.com,Bengaluru,30 to 34,community,true,false,S2,free,,,Adviser 01,10 to 25 lakhs,5 to 25 lakhs,"Around 40%, some serious money",Freedom,2026-06-03,2026-06-03,,,,,,,,2026-08-24,20,not_started,,not_started,,,,,,,,,off,,62,https://spiffler33.github.io/yeslyf-wireframes/admin_wireframes.html?run=3000&screen=M03&person=P00784,false
P00785,Kinjal,Dave,9000078591,,Mumbai,30 to 34,community,true,false,S1,free,,,Adviser 03,10 to 25 lakhs,5 to 25 lakhs,"More than 40%, I live well below my means",,2026-06-08,,,,,,,,,2026-06-09,0,not_started,,not_started,,,,,,,,,off,,50,https://spiffler33.github.io/yeslyf-wireframes/admin_wireframes.html?run=3000&screen=M03&person=P00785,false
P00786,Sudipta,Saha,9000059722,,Chennai,40 to 44,organic,false,false,S1,free,,,Adviser 01,50 lakhs to 1 crore,1 to 5 crores,"Around 25%, meaningful amounts",,2026-06-02,,,,,,,,,2026-06-02,0,not_started,,not_started,,,,,,,,,off,,50,https://spiffler33.github.io/yeslyf-wireframes/admin_wireframes.html?run=3000&screen=M03&person=P00786,false
P00787,Shruti,Joshi,9000026231,shruti.joshi.450@example.com,Pune,35 to 39,web_reveal,false,false,S15,diwm,diwm,active,Adviser 04,50 lakhs to 1 crore,25 lakhs to 1 crore,"More than 40%, I live well below my means",Family,2026-06-03,2026-06-03,2026-06-03,2026-06-12,2026-06-12,2026-06-16,2026-06-29,2026-12-09,2026-11-30,2026-09-21,100,verified,expired,read,done,3,3,2026-09-02,yes,0,2026-06-29T17:40:00+05:30,,off,Adviser 06,98,https://spiffler33.github.io/yeslyf-wireframes/admin_wireframes.html?run=3000&screen=M03&person=P00787,false
P00790,Vikram,Chauhan,9000044375,,Noida,25 to 29,community,true,false,S2,free,,,Adviser 06,10 to 25 lakhs,5 to 25 lakhs,"Around 40%, some serious money",Legacy,2026-06-03,2026-06-03,,,,,,,,2026-06-06,20,not_started,,not_started,,,,,,,,,off,,62,https://spiffler33.github.io/yeslyf-wireframes/admin_wireframes.html?run=3000&screen=M03&person=P00790,false
P00792,Hardik,Vora,9000097668,,Mumbai,25 to 29,corporate_session,true,false,S2,free,,,Adviser 04,25 to 50 lakhs,25 lakhs to 1 crore,"More than 40%, I live well below my means",Freedom,2026-06-09,2026-06-10,,,,,,,,2026-06-13,20,not_started,,not_started,,,,,,,,,off,,62,https://spiffler33.github.io/yeslyf-wireframes/admin_wireframes.html?run=3000&screen=M03&person=P00792,false
P00794,Aravind,Chandran,9000061298,aravind.chandran.844@example.com,Bengaluru,35 to 39,community,true,false,S1,free,,,Adviser 05,,,,,2026-06-06,,,,,,,,,2026-06-07,0,not_started,,not_started,,,,,,,,,off,,25,https://spiffler33.github.io/yeslyf-wireframes/admin_wireframes.html?run=3000&screen=M03&person=P00794,false
P00795,Parth,Patel,9000095593,,Pune,30 to 34,organic,true,false,S2,free,,,Adviser 01,10 to 25 lakhs,Under 5 lakhs,"More than 40%, I live well below my means",Freedom,2026-06-06,2026-06-06,,,,,,,,2026-06-10,20,not_started,,not_started,,,,,,,,,off,,62,https://spiffler33.github.io/yeslyf-wireframes/admin_wireframes.html?run=3000&screen=M03&person=P00795,false
P00796,Arnab,Mitra,9000003697,,Bengaluru,25 to 29,organic,true,false,S2,free,,,Adviser 05,10 to 25 lakhs,5 to 25 lakhs,"Around 25%, meaningful amounts",Generosity,2026-06-01,2026-06-02,,,,,,,,2026-06-05,20,not_started,,not_started,,,,,,,,,off,,62,https://spiffler33.github.io/yeslyf-wireframes/admin_wireframes.html?run=3000&screen=M03&person=P00796,false
P00797,Sudipta,Chatterjee,9000005457,,Pune,30 to 34,community,true,false,S2,free,,,Adviser 04,10 to 25 lakhs,Under 5 lakhs,"Around 25%, meaningful amounts",Legacy,2026-06-02,2026-06-02,,,,,,,,2026-06-05,20,not_started,,not_started,,,,,,,,,off,,62,https://spiffler33.github.io/yeslyf-wireframes/admin_wireframes.html?run=3000&screen=M03&person=P00797,false
P00800,Anirban,Pradhan,9000076169,,Mumbai,25 to 29,community,true,false,S1,free,,,Adviser 02,25 to 50 lakhs,1 to 5 crores,"More than 40%, I live well below my means",,2026-06-03,,,,,,,,,2026-06-05,0,not_started,,not_started,,,,,,,,,off,,44,https://spiffler33.github.io/yeslyf-wireframes/admin_wireframes.html?run=3000&screen=M03&person=P00800,false
P00801,Ganesh,Varma,9000064616,,Hyderabad,25 to 29,corporate_session,true,false,S1,free,,,Adviser 06,,,,,2026-06-01,,,,,,,,,2026-06-03,0,not_started,,not_started,,,,,,,,,off,,12,https://spiffler33.github.io/yeslyf-wireframes/admin_wireframes.html?run=3000&screen=M03&person=P00801,false
P00802,Shreyasi,Chakraborty,9000028896,shreyasi.chakraborty.980@example.com,Kolkata,30 to 34,web_reveal,true,true,S1,free,,,Adviser 04,25 to 50 lakhs,25 lakhs to 1 crore,"Around 40%, some serious money",,2026-06-08,,,,,,,,,2026-06-08,0,not_started,,not_started,,,,,,,,,off,,44,https://spiffler33.github.io/yeslyf-wireframes/admin_wireframes.html?run=3000&screen=M03&person=P00802,false
P00806,Srinivas,Chandran,9000058308,,Bengaluru,35 to 39,corporate_session,true,false,S2,free,,,Adviser 01,10 to 25 lakhs,25 lakhs to 1 crore,"More than 40%, I live well below my means",Legacy,2026-06-04,2026-06-04,,,,,,,,2026-06-07,20,not_started,,not_started,,,,,,,,,off,,62,https://spiffler33.github.io/yeslyf-wireframes/admin_wireframes.html?run=3000&screen=M03&person=P00806,false
P00807,Sudipta,Dutta,9000032006,sudipta.dutta.418@example.com,Kolkata,25 to 29,community,true,false,S15,diy,diy,active,Adviser 02,10 to 25 lakhs,5 to 25 lakhs,"Around 25%, meaningful amounts",Security,2026-06-02,2026-06-03,2026-06-16,2026-07-01,2026-07-01,2026-07-01,,2026-09-29,2026-12-13,2026-09-20,100,verified,expired,read,executing,3,7,2026-09-16,yes,0,2026-06-24T02:53:28+05:30,,off,,100,https://spiffler33.github.io/yeslyf-wireframes/admin_wireframes.html?run=3000&screen=M03&person=P00807,false
P00808,Ishaan,Singh,9000054732,,Delhi,40 to 44,community,true,false,S2,free,,,Adviser 05,50 lakhs to 1 crore,1 to 5 crores,"Around 25%, meaningful amounts",Freedom,2026-06-13,2026-06-13,,,,,,,,2026-06-16,20,not_started,,not_started,,,,,,,,,off,,62,https://spiffler33.github.io/yeslyf-wireframes/admin_wireframes.html?run=3000&screen=M03&person=P00808,false
P00809,Ketan,Shinde,9000024451,ketan.shinde.391@example.com,Mumbai,30 to 34,community,true,false,S12,diwm,diwm,failed,Adviser 03,25 to 50 lakhs,25 lakhs to 1 crore,"More than 40%, I live well below my means",Security,2026-06-03,2026-06-03,2026-06-24,2026-06-27,2026-06-27,2026-07-03,,2026-09-25,,2026-09-22,100,verified,partial,read,done,3,3,2026-09-25,yes,3,2026-07-25T04:52:02+05:30,,off,,98,https://spiffler33.github.io/yeslyf-wireframes/admin_wireframes.html?run=3000&screen=M03&person=P00809,false
P00812,Omkar,Mehta,9000058091,,Mumbai,30 to 34,corporate_session,false,false,S2,free,,,Adviser 03,25 to 50 lakhs,5 to 25 lakhs,"Around 25%, meaningful amounts",Security,2026-06-12,2026-06-12,,,,,,,,2026-06-13,20,not_started,,not_started,,,,,,,,,off,,62,https://spiffler33.github.io/yeslyf-wireframes/admin_wireframes.html?run=3000&screen=M03&person=P00812,false
P00816,Siddharth,Deshmukh,9000098545,siddharth.deshmukh.381@example.com,Pune,25 to 29,community,true,false,S9,diwm,diwm,active,Adviser 06,10 to 25 lakhs,5 to 25 lakhs,"More than 40%, I live well below my means",Freedom,2026-06-02,2026-06-02,2026-06-23,2026-07-09,2026-07-09,2026-07-09,2026-08-09,2026-10-07,2026-10-21,2026-09-22,100,verified,failed,read,executing,2,3,,yes,0,2026-07-07T07:54:42+05:30,,off,Adviser 06,100,https://spiffler33.github.io/yeslyf-wireframes/admin_wireframes.html?run=3000&screen=M03&person=P00816,false
P00819,Prasanna,Chandran,9000070648,,Chennai,30 to 34,corporate_session,true,true,S1,free,,,Adviser 04,25 to 50 lakhs,25 lakhs to 1 crore,"More than 40%, I live well below my means",,2026-06-05,,,,,,,,,2026-06-06,0,not_started,,not_started,,,,,,,,,off,,50,https://spiffler33.github.io/yeslyf-wireframes/admin_wireframes.html?run=3000&screen=M03&person=P00819,false
P00820,Urvi,Chitale,9000037252,,Pune,30 to 34,organic,true,false,S2,free,,,Adviser 03,10 to 25 lakhs,5 to 25 lakhs,"Around 40%, some serious money",Freedom,2026-06-03,2026-06-03,,,,,,,,2026-06-06,20,not_started,,not_started,,,,,,,,,off,,62,https://spiffler33.github.io/yeslyf-wireframes/admin_wireframes.html?run=3000&screen=M03&person=P00820,false
P00821,Aakash,Sethi,9000097192,,Gurugram,35 to 39,organic,true,false,S2,free,,,Adviser 05,25 to 50 lakhs,5 to 25 lakhs,"Around 40%, some serious money",Security,2026-06-08,2026-06-08,,,,,,,,2026-06-11,20,not_started,,not_started,,,,,,,,,off,,62,https://spiffler33.github.io/yeslyf-wireframes/admin_wireframes.html?run=3000&screen=M03&person=P00821,false
P00822,Yogesh,Patil,9000028406,yogesh.patil.723@example.com,Pune,30 to 34,web_reveal,true,false,S1,free,,,Adviser 02,,,,,2026-06-02,,,,,,,,,2026-06-04,0,not_started,,not_started,,,,,,,,,off,,12,https://spiffler33.github.io/yeslyf-wireframes/admin_wireframes.html?run=3000&screen=M03&person=P00822,false
P00823,Aakash,Singh,9000054439,,Noida,25 to 29,community,true,false,S2,free,,,Adviser 05,10 to 25 lakhs,25 lakhs to 1 crore,"More than 40%, I live well below my means",Generosity,2026-06-03,2026-06-04,,,,,,,,2026-06-07,20,not_started,,not_started,,,,,,,,,off,,62,https://spiffler33.github.io/yeslyf-wireframes/admin_wireframes.html?run=3000&screen=M03&person=P00823,false
P00826,Sai,Balakrishnan,9000062300,,Chennai,40 to 44,corporate_session,false,false,S14,difm,,adviser relationship,Harish,,,,,2026-06-07,,,,,,,2026-12-04,,2026-09-08,75,"verified (assisted onboarding, M12)",connected,not applicable (adviser relationship),,,,2026-12-07,,0,2026-06-12T20:01:17+05:30,,off,,83,https://spiffler33.github.io/yeslyf-wireframes/admin_wireframes.html?run=3000&screen=M03&person=P00826,false
P00828,Ananya,Sahoo,9000072793,ananya.sahoo.751@example.com,Kolkata,30 to 34,community,true,false,S2,free,,,Adviser 05,10 to 25 lakhs,25 lakhs to 1 crore,"Around 25%, meaningful amounts",Legacy,2026-06-04,2026-06-04,,,,,,,,2026-08-25,20,not_started,,not_started,,,,,,,,,off,,62,https://spiffler33.github.io/yeslyf-wireframes/admin_wireframes.html?run=3000&screen=M03&person=P00828,false
P00830,Sowmya,Iyer,9000056093,,Hyderabad,30 to 34,community,true,true,S2,free,,,Adviser 04,50 lakhs to 1 crore,Over 5 crores,"More than 40%, I live well below my means",Security,2026-06-03,2026-06-04,,,,,,,,2026-06-05,20,not_started,,not_started,,,,,,,,,off,,62,https://spiffler33.github.io/yeslyf-wireframes/admin_wireframes.html?run=3000&screen=M03&person=P00830,false
P00831,Divya,Arora,9000071076,divya.arora.129@example.com,Delhi,30 to 34,web_reveal,true,false,S1,free,,,Adviser 06,,,,,2026-06-03,,,,,,,,,2026-06-04,0,not_started,,not_started,,,,,,,,,off,,19,https://spiffler33.github.io/yeslyf-wireframes/admin_wireframes.html?run=3000&screen=M03&person=P00831,false
P00834,Vidya,Prasad,9000032236,,Bengaluru,under 25,corporate_session,false,false,S1,free,,,Adviser 01,10 to 25 lakhs,5 to 25 lakhs,,,2026-06-09,,,,,,,,,2026-06-09,0,not_started,,not_started,,,,,,,,,off,,38,https://spiffler33.github.io/yeslyf-wireframes/admin_wireframes.html?run=3000&screen=M03&person=P00834,false
P00835,Anand,Raman,9000047418,,Hyderabad,35 to 39,referral,false,true,S2,free,,,Adviser 02,50 lakhs to 1 crore,1 to 5 crores,"Around 25%, meaningful amounts",Security,2026-06-07,2026-06-07,,,,,,,,2026-06-09,20,not_started,,not_started,,,,,,,,,off,,62,https://spiffler33.github.io/yeslyf-wireframes/admin_wireframes.html?run=3000&screen=M03&person=P00835,false
P00836,Amruta,Patil,9000032198,amruta.patil.946@example.com,Ahmedabad,30 to 34,community,true,false,S2,free,,,Adviser 03,10 to 25 lakhs,Under 5 lakhs,"More than 40%, I live well below my means",Family,2026-06-07,2026-06-07,,,,,,,,2026-08-28,20,not_started,,not_started,,,,,,,,,off,,62,https://spiffler33.github.io/yeslyf-wireframes/admin_wireframes.html?run=3000&screen=M03&person=P00836,false
P00837,Prasanna,Prasad,9000027526,prasanna.prasad.853@example.com,Bengaluru,25 to 29,community,true,false,S1,free,,,Adviser 02,10 to 25 lakhs,Under 5 lakhs,"Around 40%, some serious money",,2026-06-04,,,,,,,,,2026-06-05,0,not_started,,not_started,,,,,,,,,off,,44,https://spiffler33.github.io/yeslyf-wireframes/admin_wireframes.html?run=3000&screen=M03&person=P00837,false
P00838,Naveen,Murthy,9000065099,,Chennai,30 to 34,corporate_session,false,false,S2,free,,,Adviser 03,10 to 25 lakhs,25 lakhs to 1 crore,"Around 40%, some serious money",Family,2026-06-10,2026-06-10,,,,,,,,2026-06-11,20,not_started,,not_started,,,,,,,,,off,,62,https://spiffler33.github.io/yeslyf-wireframes/admin_wireframes.html?run=3000&screen=M03&person=P00838,false
P00839,Madhav,Kumar,9000019084,,Chennai,30 to 34,organic,true,false,S1,free,,,Adviser 04,25 to 50 lakhs,5 to 25 lakhs,"More than 40%, I live well below my means",,2026-06-04,,,,,,,,,2026-06-05,0,not_started,,not_started,,,,,,,,,off,,50,https://spiffler33.github.io/yeslyf-wireframes/admin_wireframes.html?run=3000&screen=M03&person=P00839,false
P00840,Rajarshi,Sahoo,9000024633,,Mumbai,under 25,community,true,false,S1,free,,,Adviser 03,10 to 25 lakhs,,,,2026-06-05,,,,,,,,,2026-06-06,0,not_started,,not_started,,,,,,,,,off,,31,https://spiffler33.github.io/yeslyf-wireframes/admin_wireframes.html?run=3000&screen=M03&person=P00840,false
P00841,Janani,Iyengar,9000003314,janani.iyengar.393@example.com,Bengaluru,25 to 29,web_reveal,false,false,S9,diwm,diwm,active,Adviser 03,Under 10 lakhs,1 to 5 crores,"Around 40%, some serious money",Legacy,2026-06-07,2026-06-07,2026-06-07,2026-06-24,2026-06-24,2026-06-28,,2026-12-21,2026-10-05,2026-09-23,100,verified,cas_uploaded,read,executing,3,4,,yes,0,2026-06-24T11:08:28+05:30,,off,,100,https://spiffler33.github.io/yeslyf-wireframes/admin_wireframes.html?run=3000&screen=M03&person=P00841,false
P00843,Arun,Pai,9000098734,,Chennai,35 to 39,organic,false,false,S1,free,,,Adviser 02,25 to 50 lakhs,25 lakhs to 1 crore,"Around 40%, some serious money",,2026-06-05,,,,,,,,,2026-06-05,0,not_started,,not_started,,,,,,,,,off,,44,https://spiffler33.github.io/yeslyf-wireframes/admin_wireframes.html?run=3000&screen=M03&person=P00843,false
P00844,Yogesh,Shinde,9000064176,,Pune,30 to 34,corporate_session,true,false,S2,free,,,Adviser 05,Under 10 lakhs,25 lakhs to 1 crore,"Around 40%, some serious money",Legacy,2026-06-06,2026-06-07,,,,,,,,2026-06-10,20,not_started,,not_started,,,,,,,,,off,,62,https://spiffler33.github.io/yeslyf-wireframes/admin_wireframes.html?run=3000&screen=M03&person=P00844,false
P00846,Aniket,Bhosale,9000056654,,Pune,30 to 34,referral,true,false,S2,free,,,Adviser 04,10 to 25 lakhs,5 to 25 lakhs,"More than 40%, I live well below my means",Security,2026-06-06,2026-06-06,,,,,,,,2026-06-09,20,not_started,,not_started,,,,,,,,,off,,62,https://spiffler33.github.io/yeslyf-wireframes/admin_wireframes.html?run=3000&screen=M03&person=P00846,false
P00847,Nirav,Apte,9000086960,,Pune,30 to 34,community,true,false,S2,free,,,Adviser 06,10 to 25 lakhs,5 to 25 lakhs,"Around 40%, some serious money",Freedom,2026-06-06,2026-06-06,,,,,,,,2026-07-03,20,not_started,,not_started,,,,,,,,,off,,62,https://spiffler33.github.io/yeslyf-wireframes/admin_wireframes.html?run=3000&screen=M03&person=P00847,false
P00848,Ganesh,Balakrishnan,9000088387,,Hyderabad,35 to 39,community,true,false,S2,free,,,Adviser 06,25 to 50 lakhs,1 to 5 crores,"Around 10%, small consistent chunks",Generosity,2026-06-05,2026-06-05,,,,,,,,2026-06-08,20,not_started,,not_started,,,,,,,,,off,,62,https://spiffler33.github.io/yeslyf-wireframes/admin_wireframes.html?run=3000&screen=M03&person=P00848,false
P00856,Saloni,Deshmukh,9000010867,,Ahmedabad,30 to 34,community,true,false,S2,free,,,Adviser 01,10 to 25 lakhs,1 to 5 crores,"More than 40%, I live well below my means",Legacy,2026-06-06,2026-06-07,,,,,,,,2026-06-10,20,not_started,,not_started,,,,,,,,,off,,62,https://spiffler33.github.io/yeslyf-wireframes/admin_wireframes.html?run=3000&screen=M03&person=P00856,false
P00858,Nirav,Dave,9000027163,,Pune,30 to 34,community,true,false,S1,free,,,Adviser 06,25 to 50 lakhs,5 to 25 lakhs,"Around 40%, some serious money",,2026-06-08,,,,,,,,,2026-06-09,0,not_started,,not_started,,,,,,,,,off,,50,https://spiffler33.github.io/yeslyf-wireframes/admin_wireframes.html?run=3000&screen=M03&person=P00858,false
P00864,Deepa,Chandran,9000017541,,Bengaluru,30 to 34,community,true,false,S2,free,,,Adviser 06,10 to 25 lakhs,5 to 25 lakhs,"Around 40%, some serious money",Generosity,2026-06-13,2026-06-14,,,,,,,,2026-06-17,20,not_started,,not_started,,,,,,,,,off,,62,https://spiffler33.github.io/yeslyf-wireframes/admin_wireframes.html?run=3000&screen=M03&person=P00864,false
P00865,Janani,Krishnan,9000021764,,Hyderabad,40 to 44,organic,true,false,S2,free,,,Adviser 03,50 lakhs to 1 crore,1 to 5 crores,"Around 40%, some serious money",Legacy,2026-06-06,2026-06-06,,,,,,,,2026-06-10,20,not_started,,not_started,,,,,,,,,off,,62,https://spiffler33.github.io/yeslyf-wireframes/admin_wireframes.html?run=3000&screen=M03&person=P00865,false
P00867,Shruti,Pawar,9000029387,,Pune,30 to 34,corporate_session,true,false,S2,free,,,Adviser 04,10 to 25 lakhs,25 lakhs to 1 crore,"Around 10%, small consistent chunks",Legacy,2026-06-07,2026-06-09,,,,,,,,2026-06-12,20,not_started,,not_started,,,,,,,,,off,,62,https://spiffler33.github.io/yeslyf-wireframes/admin_wireframes.html?run=3000&screen=M03&person=P00867,false
P00868,Jay,Bhosale,9000092994,,Ahmedabad,30 to 34,organic,true,false,S2,free,,,Adviser 04,10 to 25 lakhs,5 to 25 lakhs,"More than 40%, I live well below my means",Freedom,2026-06-13,2026-06-14,,,,,,,,2026-06-17,20,not_started,,not_started,,,,,,,,,off,,62,https://spiffler33.github.io/yeslyf-wireframes/admin_wireframes.html?run=3000&screen=M03&person=P00868,false
P00869,Hardik,Desai,9000036430,,Pune,30 to 34,community,true,false,S2,free,,,Adviser 06,10 to 25 lakhs,5 to 25 lakhs,"Around 25%, meaningful amounts",Legacy,2026-06-07,2026-06-08,,,,,,,,2026-06-11,20,not_started,,not_started,,,,,,,,,off,,62,https://spiffler33.github.io/yeslyf-wireframes/admin_wireframes.html?run=3000&screen=M03&person=P00869,false
P00873,Aravind,Nair,9000023922,,Bengaluru,30 to 34,community,false,false,S2,free,,,Adviser 01,10 to 25 lakhs,Under 5 lakhs,"Around 25%, meaningful amounts",Freedom,2026-06-07,2026-06-08,,,,,,,,2026-06-09,20,not_started,,not_started,,,,,,,,,off,,62,https://spiffler33.github.io/yeslyf-wireframes/admin_wireframes.html?run=3000&screen=M03&person=P00873,false
P00874,Gayathri,Subramanian,9000086630,,Gurugram,30 to 34,corporate_session,true,false,S2,free,,,Adviser 06,25 to 50 lakhs,25 lakhs to 1 crore,"More than 40%, I live well below my means",Family,2026-06-08,2026-06-10,,,,,,,,2026-06-13,20,not_started,,not_started,,,,,,,,,off,,62,https://spiffler33.github.io/yeslyf-wireframes/admin_wireframes.html?run=3000&screen=M03&person=P00874,false
P00875,Lakshmi,Shetty,9000071389,lakshmi.shetty.708@example.com,Hyderabad,30 to 34,web_reveal,true,false,S1,free,,,Adviser 01,25 to 50 lakhs,1 to 5 crores,"More than 40%, I live well below my means",,2026-06-09,,,,,,,,,2026-06-10,0,not_started,,not_started,,,,,,,,,off,,50,https://spiffler33.github.io/yeslyf-wireframes/admin_wireframes.html?run=3000&screen=M03&person=P00875,false
P00876,Saloni,Apte,9000070076,,Ahmedabad,30 to 34,community,true,false,S2,free,,,Adviser 04,10 to 25 lakhs,25 lakhs to 1 crore,"More than 40%, I live well below my means",Security,2026-06-07,2026-06-08,,,,,,,,2026-06-11,20,not_started,,not_started,,,,,,,,,off,,62,https://spiffler33.github.io/yeslyf-wireframes/admin_wireframes.html?run=3000&screen=M03&person=P00876,false
P00879,Meera,Tiwari,9000070742,meera.tiwari.227@example.com,Gurugram,35 to 39,web_reveal,true,false,S2b,free,,,Adviser 02,25 to 50 lakhs,25 lakhs to 1 crore,"More than 40%, I live well below my means",Legacy,2026-06-06,2026-06-07,,,,,,,,2026-08-28,20,verified (address typed),,not_started,,,,,,,,,off,,88,https://spiffler33.github.io/yeslyf-wireframes/admin_wireframes.html?run=3000&screen=M03&person=P00879,false
P00881,Riddhi,Sawant,9000052672,riddhi.sawant.398@example.com,Mumbai,30 to 34,community,true,false,S9,diy,diy,active,Adviser 01,10 to 25 lakhs,25 lakhs to 1 crore,"More than 40%, I live well below my means",Legacy,2026-06-10,2026-06-10,2026-06-17,2026-06-23,2026-06-23,2026-06-23,,2026-12-20,2026-10-15,2026-09-23,100,verified,connected,read,executing,2,7,2026-12-17,yes,2,2026-06-25T19:37:33+05:30,,off,,100,https://spiffler33.github.io/yeslyf-wireframes/admin_wireframes.html?run=3000&screen=M03&person=P00881,false
P00882,Sahil,Rathore,9000063954,,Gurugram,35 to 39,community,true,false,S2,free,,,Adviser 03,25 to 50 lakhs,1 to 5 crores,"More than 40%, I live well below my means",Family,2026-06-08,2026-06-10,,,,,,,,2026-06-13,20,not_started,,not_started,,,,,,,,,off,,62,https://spiffler33.github.io/yeslyf-wireframes/admin_wireframes.html?run=3000&screen=M03&person=P00882,false
P00885,Keerthana,Rao,9000090502,,Bengaluru,25 to 29,community,true,false,S2,free,,,Adviser 05,Under 10 lakhs,5 to 25 lakhs,"More than 40%, I live well below my means",Generosity,2026-06-08,2026-06-09,,,,,,,,2026-06-12,20,not_started,,not_started,,,,,,,,,off,,62,https://spiffler33.github.io/yeslyf-wireframes/admin_wireframes.html?run=3000&screen=M03&person=P00885,false
P00891,Ishaan,Singh,9000044984,ishaan.singh.267@example.com,Gurugram,30 to 34,community,true,true,S2,free,,,Adviser 05,25 to 50 lakhs,25 lakhs to 1 crore,"More than 40%, I live well below my means",Security,2026-06-09,2026-06-10,,,,,,,,2026-08-31,20,not_started,,not_started,,,,,,,,,off,,62,https://spiffler33.github.io/yeslyf-wireframes/admin_wireframes.html?run=3000&screen=M03&person=P00891,false
P00892,Ritika,Agarwal,9000038705,ritika.agarwal.274@example.com,Gurugram,under 25,web_reveal,true,false,S2,free,,,Adviser 06,10 to 25 lakhs,5 to 25 lakhs,"Around 25%, meaningful amounts",Freedom,2026-06-09,2026-06-09,,,,,,,,2026-08-30,20,not_started,,not_started,,,,,,,,,off,,62,https://spiffler33.github.io/yeslyf-wireframes/admin_wireframes.html?run=3000&screen=M03&person=P00892,false
P00893,Kavya,Malhotra,9000045530,kavya.malhotra.453@example.com,Noida,30 to 34,community,true,false,S15,diwm,diwm,active,Adviser 02,25 to 50 lakhs,25 lakhs to 1 crore,"More than 40%, I live well below my means",Security,2026-06-09,2026-06-09,2026-06-10,2026-06-20,2026-06-20,2026-06-27,,2026-12-17,2026-10-21,2026-09-21,100,verified,expired,read,executing,2,5,2026-09-10,yes,0,2026-06-15T15:03:30+05:30,,off,,100,https://spiffler33.github.io/yeslyf-wireframes/admin_wireframes.html?run=3000&screen=M03&person=P00893,false
P00894,Heena,Kulkarni,9000026516,,Pune,25 to 29,referral,true,false,S2,free,,,Adviser 05,10 to 25 lakhs,5 to 25 lakhs,"More than 40%, I live well below my means",Freedom,2026-06-11,2026-06-11,,,,,,,,2026-06-14,20,not_started,,not_started,,,,,,,,,off,,62,https://spiffler33.github.io/yeslyf-wireframes/admin_wireframes.html?run=3000&screen=M03&person=P00894,false
P00897,Hardik,Kulkarni,9000018942,,Mumbai,35 to 39,community,true,false,S2,free,,,Adviser 06,50 lakhs to 1 crore,5 to 25 lakhs,"More than 40%, I live well below my means",Security,2026-06-09,2026-06-09,,,,,,,,2026-06-12,20,not_started,,not_started,,,,,,,,,off,,62,https://spiffler33.github.io/yeslyf-wireframes/admin_wireframes.html?run=3000&screen=M03&person=P00897,false
P00899,Nidhi,Jain,9000062983,nidhi.jain.351@example.com,Surat,35 to 39,web_reveal,true,false,S9,diy,diy,active,Adviser 03,Under 10 lakhs,25 lakhs to 1 crore,"More than 40%, I live well below my means",Security,2026-06-09,2026-06-10,2026-06-13,2026-06-15,2026-06-15,2026-06-19,,2026-12-12,2026-12-10,2026-09-18,100,verified,cas_uploaded,read,executing,3,5,,yes,3,2026-08-18T09:17:49+05:30,,off,,100,https://spiffler33.github.io/yeslyf-wireframes/admin_wireframes.html?run=3000&screen=M03&person=P00899,false
P00901,Siddharth,Shinde,9000048388,siddharth.shinde.210@example.com,Pune,25 to 29,community,true,false,S2,free,,,Adviser 05,10 to 25 lakhs,Under 5 lakhs,"More than 40%, I live well below my means",Freedom,2026-06-10,2026-06-10,,,,,,,,2026-08-31,20,not_started,,not_started,,,,,,,,,off,,62,https://spiffler33.github.io/yeslyf-wireframes/admin_wireframes.html?run=3000&screen=M03&person=P00901,false
P00902,Tanmoy,Nayak,9000099295,,Kolkata,30 to 34,corporate_session,true,false,S2,free,,,Adviser 01,25 to 50 lakhs,25 lakhs to 1 crore,"More than 40%, I live well below my means",Family,2026-06-08,2026-06-09,,,,,,,,2026-06-13,20,not_started,,not_started,,,,,,,,,off,,62,https://spiffler33.github.io/yeslyf-wireframes/admin_wireframes.html?run=3000&screen=M03&person=P00902,false
P00904,Nishant,Mehta,9000053629,nishant.mehta.446@example.com,Mumbai,25 to 29,community,true,false,S2,free,,,Adviser 03,Under 10 lakhs,5 to 25 lakhs,"More than 40%, I live well below my means",Family,2026-06-09,2026-06-09,,,,,,,,2026-08-30,20,not_started,,not_started,,,,,,,,,off,,62,https://spiffler33.github.io/yeslyf-wireframes/admin_wireframes.html?run=3000&screen=M03&person=P00904,false
P00911,Sameer,Gokhale,9000024660,,Nagpur,25 to 29,corporate_session,true,false,S2,free,,,Adviser 04,10 to 25 lakhs,5 to 25 lakhs,"More than 40%, I live well below my means",Generosity,2026-06-12,2026-06-13,,,,,,,,2026-06-16,20,not_started,,not_started,,,,,,,,,off,,62,https://spiffler33.github.io/yeslyf-wireframes/admin_wireframes.html?run=3000&screen=M03&person=P00911,false
P00912,Sakshi,Kohli,9000027065,sakshi.kohli.452@example.com,Gurugram,40 to 44,corporate_session,true,false,S21,diy,diy,active,Adviser 05,25 to 50 lakhs,1 to 5 crores,"More than 40%, I live well below my means",Freedom,2026-06-09,2026-06-09,2026-06-09,2026-06-25,2026-06-25,2026-06-25,2026-06-30,2026-12-22,2026-10-07,2026-09-23,100,verified,not_connected,read,ready,0,4,,yes,2,2026-07-31T03:58:28+05:30,,off,Adviser 05,100,https://spiffler33.github.io/yeslyf-wireframes/admin_wireframes.html?run=3000&screen=M03&person=P00912,false
P00915,Venkat,Naidu,9000098507,venkat.naidu.663@example.com,Bengaluru,25 to 29,web_reveal,true,false,S1,free,,,Adviser 02,,,,,2026-06-10,,,,,,,,,2026-06-12,0,not_started,,not_started,,,,,,,,,off,,19,https://spiffler33.github.io/yeslyf-wireframes/admin_wireframes.html?run=3000&screen=M03&person=P00915,false
P00921,Gayathri,Krishnan,9000093392,,Hyderabad,30 to 34,corporate_session,true,false,S1,free,,,Adviser 04,25 to 50 lakhs,,,,2026-06-10,,,,,,,,,2026-06-11,0,not_started,,not_started,,,,,,,,,off,,31,https://spiffler33.github.io/yeslyf-wireframes/admin_wireframes.html?run=3000&screen=M03&person=P00921,false
P00928,Aniket,Kamat,9000096461,aniket.kamat.366@example.com,Mumbai,30 to 34,web_reveal,true,false,S9,diwm,diwm,active,Adviser 06,10 to 25 lakhs,25 lakhs to 1 crore,"More than 40%, I live well below my means",Family,2026-06-11,2026-06-11,2026-06-11,2026-06-30,2026-06-30,2026-07-09,2026-07-11,2026-09-28,2026-10-09,2026-09-22,100,verified,cas_uploaded,read,executing,3,4,,yes,1,2026-08-18T04:40:07+05:30,,off,Adviser 02,100,https://spiffler33.github.io/yeslyf-wireframes/admin_wireframes.html?run=3000&screen=M03&person=P00928,false
P00929,Meera,Verma,9000096752,meera.verma.429@example.com,Noida,25 to 29,community,true,false,S18,diwm,diwm,active,Adviser 04,10 to 25 lakhs,5 to 25 lakhs,"More than 40%, I live well below my means",Family,2026-06-17,2026-06-17,2026-06-20,,2026-07-15,2026-07-15,,2026-10-13,2026-10-18,2026-09-22,100,verified (address typed),connected,read,ready,0,3,2026-12-16,yes,1,2026-08-05T04:44:49+05:30,,off,,98,https://spiffler33.github.io/yeslyf-wireframes/admin_wireframes.html?run=3000&screen=M03&person=P00929,false
P00930,Naveen,Subramanian,9000010177,,Hyderabad,35 to 39,referral,true,false,S2,free,,,Adviser 02,25 to 50 lakhs,1 to 5 crores,"Around 40%, some serious money",Security,2026-06-13,2026-06-13,,,,,,,,2026-06-17,20,not_started,,not_started,,,,,,,,,off,,62,https://spiffler33.github.io/yeslyf-wireframes/admin_wireframes.html?run=3000&screen=M03&person=P00930,false
P00931,Sindhu,Krishnan,9000038177,,Hyderabad,35 to 39,organic,true,false,S2,free,,,Adviser 01,50 lakhs to 1 crore,1 to 5 crores,"More than 40%, I live well below my means",Security,2026-06-14,2026-06-15,,,,,,,,2026-06-18,20,not_started,,not_started,,,,,,,,,off,,62,https://spiffler33.github.io/yeslyf-wireframes/admin_wireframes.html?run=3000&screen=M03&person=P00931,false
P00932,Pranav,Agarwal,9000086736,,Gurugram,30 to 34,community,true,false,S2,free,,,Adviser 01,50 lakhs to 1 crore,25 lakhs to 1 crore,"More than 40%, I live well below my means",Freedom,2026-06-13,2026-06-13,,,,,,,,2026-06-16,20,not_started,,not_started,,,,,,,,,off,,62,https://spiffler33.github.io/yeslyf-wireframes/admin_wireframes.html?run=3000&screen=M03&person=P00932,false
P00933,Nithya,Varma,9000008067,nithya.varma.329@example.com,Hyderabad,40 to 44,web_reveal,true,true,S8,diwm,diwm,active,Adviser 06,25 to 50 lakhs,25 lakhs to 1 crore,"More than 40%, I live well below my means",Freedom,2026-06-19,2026-06-19,2026-06-22,2026-07-14,2026-07-14,2026-07-21,,2026-10-12,2026-10-20,2026-09-16,100,verified,failed,read,ready,0,5,,yes,0,2026-07-08T07:52:25+05:30,,off,,100,https://spiffler33.github.io/yeslyf-wireframes/admin_wireframes.html?run=3000&screen=M03&person=P00933,false
P00934,Karthik,Naidu,9000050295,,Bengaluru,30 to 34,organic,true,false,S2,free,,,Adviser 06,10 to 25 lakhs,25 lakhs to 1 crore,"More than 40%, I live well below my means",Freedom,2026-06-10,2026-06-10,,,,,,,,2026-06-13,20,not_started,,not_started,,,,,,,,,off,,62,https://spiffler33.github.io/yeslyf-wireframes/admin_wireframes.html?run=3000&screen=M03&person=P00934,false
P00935,Arun,Hegde,9000045769,,Bengaluru,25 to 29,community,true,false,S2,free,,,Adviser 06,25 to 50 lakhs,5 to 25 lakhs,"More than 40%, I live well below my means",Security,2026-06-12,2026-06-12,,,,,,,,2026-06-15,20,not_started,,not_started,,,,,,,,,off,,62,https://spiffler33.github.io/yeslyf-wireframes/admin_wireframes.html?run=3000&screen=M03&person=P00935,false
P00936,Gauri,Vora,9000005653,,Chennai,30 to 34,corporate_session,false,true,S2,free,,,Adviser 02,10 to 25 lakhs,5 to 25 lakhs,"Around 40%, some serious money",Family,2026-06-19,2026-06-19,,,,,,,,2026-06-20,20,not_started,,not_started,,,,,,,,,off,,62,https://spiffler33.github.io/yeslyf-wireframes/admin_wireframes.html?run=3000&screen=M03&person=P00936,false
P00938,Karan,Mehra,9000089063,,Noida,25 to 29,community,true,false,S2,free,,,Adviser 03,10 to 25 lakhs,Under 5 lakhs,"Around 40%, some serious money",Freedom,2026-06-11,2026-06-11,,,,,,,,2026-06-14,20,not_started,,not_started,,,,,,,,,off,,62,https://spiffler33.github.io/yeslyf-wireframes/admin_wireframes.html?run=3000&screen=M03&person=P00938,false
P00939,Yogesh,Shah,9000076246,,Pune,25 to 29,corporate_session,false,false,S2,free,,,Adviser 04,10 to 25 lakhs,Under 5 lakhs,"Around 40%, some serious money",Family,2026-06-21,2026-06-22,,,,,,,,2026-06-23,20,not_started,,not_started,,,,,,,,,off,,62,https://spiffler33.github.io/yeslyf-wireframes/admin_wireframes.html?run=3000&screen=M03&person=P00939,false
P00941,Bhavana,Reddy,9000024165,,Delhi,35 to 39,community,true,false,S2,free,,,Adviser 04,50 lakhs to 1 crore,1 to 5 crores,"Around 40%, some serious money",Freedom,2026-06-12,2026-06-12,,,,,,,,2026-06-15,20,not_started,,not_started,,,,,,,,,off,,62,https://spiffler33.github.io/yeslyf-wireframes/admin_wireframes.html?run=3000&screen=M03&person=P00941,false
P00945,Venkat,Iyengar,9000090725,,Bengaluru,25 to 29,community,true,false,S2,free,,,Adviser 02,Under 10 lakhs,5 to 25 lakhs,"More than 40%, I live well below my means",Generosity,2026-06-12,2026-06-12,,,,,,,,2026-06-15,20,not_started,,not_started,,,,,,,,,off,,62,https://spiffler33.github.io/yeslyf-wireframes/admin_wireframes.html?run=3000&screen=M03&person=P00945,false
P00946,Sneha,Vora,9000009699,sneha.vora.639@example.com,Mumbai,30 to 34,web_reveal,false,false,S1,free,,,Adviser 02,,,,,2026-06-16,,,,,,,,,2026-06-16,0,not_started,,not_started,,,,,,,,,off,,12,https://spiffler33.github.io/yeslyf-wireframes/admin_wireframes.html?run=3000&screen=M03&person=P00946,false
P00948,Yash,Agarwal,9000087527,yash.agarwal.127@example.com,Noida,35 to 39,web_reveal,false,false,S1,free,,,Adviser 01,25 to 50 lakhs,25 lakhs to 1 crore,"Around 40%, some serious money",,2026-06-13,,,,,,,,,2026-06-13,0,not_started,,not_started,,,,,,,,,off,,44,https://spiffler33.github.io/yeslyf-wireframes/admin_wireframes.html?run=3000&screen=M03&person=P00948,false
P00949,Rohit,Desai,9000023648,,Pune,35 to 39,referral,true,false,S2,free,,,Adviser 03,25 to 50 lakhs,25 lakhs to 1 crore,"More than 40%, I live well below my means",Family,2026-06-12,2026-06-13,,,,,,,,2026-06-16,20,not_started,,not_started,,,,,,,,,off,,62,https://spiffler33.github.io/yeslyf-wireframes/admin_wireframes.html?run=3000&screen=M03&person=P00949,false
P00950,Chaitanya,Reddy,9000043955,,Bengaluru,25 to 29,corporate_session,false,false,S2,free,,,Adviser 06,10 to 25 lakhs,Under 5 lakhs,"Around 40%, some serious money",Freedom,2026-06-22,2026-06-22,,,,,,,,2026-06-23,20,not_started,,not_started,,,,,,,,,off,,62,https://spiffler33.github.io/yeslyf-wireframes/admin_wireframes.html?run=3000&screen=M03&person=P00950,false
P00954,Anirban,Saha,9000042463,,Gurugram,40 to 44,organic,true,false,S2,free,,,Adviser 04,50 lakhs to 1 crore,1 to 5 crores,"More than 40%, I live well below my means",Security,2026-06-11,2026-06-11,,,,,,,,2026-06-14,20,not_started,,not_started,,,,,,,,,off,,62,https://spiffler33.github.io/yeslyf-wireframes/admin_wireframes.html?run=3000&screen=M03&person=P00954,false
P00956,Nidhi,Pandya,9000055673,,Mumbai,30 to 34,organic,true,false,S2,free,,,Adviser 06,25 to 50 lakhs,25 lakhs to 1 crore,"More than 40%, I live well below my means",Generosity,2026-06-14,2026-06-14,,,,,,,,2026-06-17,20,not_started,,not_started,,,,,,,,,off,,62,https://spiffler33.github.io/yeslyf-wireframes/admin_wireframes.html?run=3000&screen=M03&person=P00956,false
P00957,Kavitha,Reddy,9000084461,kavitha.reddy.436@example.com,Chennai,40 to 44,corporate_session,true,true,S19,diwm,diwm,active,Adviser 05,25 to 50 lakhs,1 to 5 crores,"Around 40%, some serious money",Freedom,2026-06-17,2026-06-18,2026-08-06,,,,,,2026-10-05,2026-09-22,47,verified,not_connected,in_progress,not_started,,,,no,0,2026-08-12T01:06:09+05:30,,off,,65,https://spiffler33.github.io/yeslyf-wireframes/admin_wireframes.html?run=3000&screen=M03&person=P00957,false
P00962,Neha,Gill,9000036678,,Noida,30 to 34,community,true,false,S1,free,,,Adviser 06,,,,,2026-06-13,,,,,,,,,2026-06-14,0,not_started,,not_started,,,,,,,,,off,,25,https://spiffler33.github.io/yeslyf-wireframes/admin_wireframes.html?run=3000&screen=M03&person=P00962,false
P00963,Omkar,Jain,9000048897,omkar.jain.589@example.com,Pune,30 to 34,community,true,false,S2,free,,,Adviser 01,10 to 25 lakhs,25 lakhs to 1 crore,"Around 25%, meaningful amounts",Freedom,2026-06-11,2026-06-11,,,,,,,,2026-09-01,20,not_started,,not_started,,,,,,,,,off,,62,https://spiffler33.github.io/yeslyf-wireframes/admin_wireframes.html?run=3000&screen=M03&person=P00963,false
P00964,Ganesh,Subramanian,9000080091,ganesh.subramanian.256@example.com,Mumbai,40 to 44,community,true,false,S2c,free,,,Adviser 02,50 lakhs to 1 crore,1 to 5 crores,"Around 10%, small consistent chunks",Family,2026-06-13,2026-06-14,,,,,,,,2026-09-04,20,verified,,not_started,,,,,,,,,off,,94,https://spiffler33.github.io/yeslyf-wireframes/admin_wireframes.html?run=3000&screen=M03&person=P00964,false
P00965,Aniket,Jadhav,9000076252,,Pune,30 to 34,community,true,false,S2,free,,,Adviser 04,10 to 25 lakhs,1 to 5 crores,"More than 40%, I live well below my means",Freedom,2026-06-17,2026-06-17,,,,,,,,2026-06-21,20,not_started,,not_started,,,,,,,,,off,,62,https://spiffler33.github.io/yeslyf-wireframes/admin_wireframes.html?run=3000&screen=M03&person=P00965,false
P00970,Ritika,Saxena,9000026284,,Gurugram,35 to 39,community,true,false,S2,free,,,Adviser 02,25 to 50 lakhs,25 lakhs to 1 crore,"Around 25%, meaningful amounts",Generosity,2026-06-12,2026-06-12,,,,,,,,2026-06-15,20,not_started,,not_started,,,,,,,,,off,,62,https://spiffler33.github.io/yeslyf-wireframes/admin_wireframes.html?run=3000&screen=M03&person=P00970,false
P00972,Aman,Sharma,9000005310,,Mumbai,30 to 34,community,true,false,S2,free,,,Adviser 05,25 to 50 lakhs,5 to 25 lakhs,"More than 40%, I live well below my means",Security,2026-06-12,2026-06-12,,,,,,,,2026-06-15,20,not_started,,not_started,,,,,,,,,off,,62,https://spiffler33.github.io/yeslyf-wireframes/admin_wireframes.html?run=3000&screen=M03&person=P00972,false
P00974,Tarun,Singh,9000087586,tarun.singh.369@example.com,Gurugram,35 to 39,organic,true,false,S9,diwm,diwm,active,Adviser 01,25 to 50 lakhs,25 lakhs to 1 crore,"More than 40%, I live well below my means",Legacy,2026-06-12,2026-06-13,2026-07-04,2026-07-18,2026-07-18,2026-07-20,,2026-10-16,2026-10-02,2026-09-19,100,verified,cas_uploaded,read,executing,1,7,,yes,2,2026-08-03T23:18:12+05:30,,off,,98,https://spiffler33.github.io/yeslyf-wireframes/admin_wireframes.html?run=3000&screen=M03&person=P00974,false
P00975,Omkar,Chitale,9000087845,omkar.chitale.158@example.com,Ahmedabad,30 to 34,community,true,false,S2,free,,,Adviser 05,10 to 25 lakhs,25 lakhs to 1 crore,"More than 40%, I live well below my means",Legacy,2026-06-14,2026-06-14,,,,,,,,2026-09-04,20,not_started,,not_started,,,,,,,,,off,,62,https://spiffler33.github.io/yeslyf-wireframes/admin_wireframes.html?run=3000&screen=M03&person=P00975,false
P00976,Neha,Tandon,9000031776,,Gurugram,30 to 34,organic,true,false,S2,free,,,Adviser 06,50 lakhs to 1 crore,25 lakhs to 1 crore,"Around 40%, some serious money",Family,2026-06-16,2026-06-16,,,,,,,,2026-06-19,20,not_started,,not_started,,,,,,,,,off,,62,https://spiffler33.github.io/yeslyf-wireframes/admin_wireframes.html?run=3000&screen=M03&person=P00976,false
P00977,Saloni,Jadhav,9000023688,,Mumbai,40 to 44,community,true,false,S2,free,,,Adviser 03,50 lakhs to 1 crore,1 to 5 crores,"Around 40%, some serious money",Legacy,2026-06-14,2026-06-15,,,,,,,,2026-06-18,20,not_started,,not_started,,,,,,,,,off,,62,https://spiffler33.github.io/yeslyf-wireframes/admin_wireframes.html?run=3000&screen=M03&person=P00977,false
P00979,Divakar,Kumar,9000034207,divakar.kumar.224@example.com,Chennai,35 to 39,web_reveal,true,false,S2,free,,,Adviser 04,10 to 25 lakhs,25 lakhs to 1 crore,"Around 40%, some serious money",Freedom,2026-06-18,2026-06-18,,,,,,,,2026-09-09,20,not_started,,not_started,,,,,,,,,off,,62,https://spiffler33.github.io/yeslyf-wireframes/admin_wireframes.html?run=3000&screen=M03&person=P00979,false
P00982,Deepak,Verma,9000035172,,Gurugram,30 to 34,corporate_session,true,false,S2,free,,,Adviser 05,10 to 25 lakhs,25 lakhs to 1 crore,"Around 40%, some serious money",Generosity,2026-06-13,2026-06-13,,,,,,,,2026-06-17,20,not_started,,not_started,,,,,,,,,off,,62,https://spiffler33.github.io/yeslyf-wireframes/admin_wireframes.html?run=3000&screen=M03&person=P00982,false
P00983,Bhavana,Kamath,9000040724,,Bengaluru,25 to 29,community,true,false,S2,free,,,Adviser 03,25 to 50 lakhs,25 lakhs to 1 crore,"Around 25%, meaningful amounts",Security,2026-06-13,2026-06-13,,,,,,,,2026-06-16,20,not_started,,not_started,,,,,,,,,off,,62,https://spiffler33.github.io/yeslyf-wireframes/admin_wireframes.html?run=3000&screen=M03&person=P00983,false
P00985,Gayathri,Balakrishnan,9000003947,gayathri.balakrishnan.611@example.com,Chennai,35 to 39,community,true,true,S2,free,,,Adviser 01,10 to 25 lakhs,25 lakhs to 1 crore,"Around 25%, meaningful amounts",Security,2026-06-17,2026-06-17,,,,,,,,2026-09-07,20,not_started,,not_started,,,,,,,,,off,,62,https://spiffler33.github.io/yeslyf-wireframes/admin_wireframes.html?run=3000&screen=M03&person=P00985,false
P00989,Kabir,Kapoor,9000067525,,Delhi,35 to 39,referral,true,false,S1,free,,,Adviser 01,50 lakhs to 1 crore,,,,2026-06-16,,,,,,,,,2026-06-17,0,not_started,,not_started,,,,,,,,,off,,31,https://spiffler33.github.io/yeslyf-wireframes/admin_wireframes.html?run=3000&screen=M03&person=P00989,false
P00990,Revathi,Rao,9000053544,,Hyderabad,35 to 39,community,true,false,S1,free,,,Adviser 02,,,,,2026-06-17,,,,,,,,,2026-06-18,0,not_started,,not_started,,,,,,,,,off,,19,https://spiffler33.github.io/yeslyf-wireframes/admin_wireframes.html?run=3000&screen=M03&person=P00990,false
P00991,Zoya,Sethi,9000085908,zoya.sethi.347@example.com,Pune,30 to 34,corporate_session,true,false,S9,diwm,diwm,active,Adviser 06,10 to 25 lakhs,Under 5 lakhs,"Around 40%, some serious money",Generosity,2026-06-15,2026-06-15,2026-06-22,2026-07-02,2026-07-02,2026-07-02,2026-07-23,2026-09-30,2026-10-20,2026-09-22,100,verified,connected,read,executing,2,5,2026-12-18,yes,0,2026-07-23T15:40:00+05:30,manual,off,Adviser 01,100,https://spiffler33.github.io/yeslyf-wireframes/admin_wireframes.html?run=3000&screen=M03&person=P00991,false
P00993,Nandini,Rajan,9000025863,nandini.rajan.930@example.com,Hyderabad,35 to 39,community,true,false,S1,free,,,Adviser 01,,,,,2026-06-25,,,,,,,,,2026-06-27,0,not_started,,not_started,,,,,,,,,off,,19,https://spiffler33.github.io/yeslyf-wireframes/admin_wireframes.html?run=3000&screen=M03&person=P00993,false
P00995,Meera,Verma,9000045653,,Delhi,35 to 39,community,true,false,S2,free,,,Adviser 06,50 lakhs to 1 crore,1 to 5 crores,"More than 40%, I live well below my means",Freedom,2026-06-17,2026-06-18,,,,,,,,2026-06-21,20,not_started,,not_started,,,,,,,,,off,,62,https://spiffler33.github.io/yeslyf-wireframes/admin_wireframes.html?run=3000&screen=M03&person=P00995,false
P00997,Rajiv,Natarajan,9000040362,,Bengaluru,30 to 34,organic,true,false,S2,free,,,Adviser 03,10 to 25 lakhs,5 to 25 lakhs,"Around 25%, meaningful amounts",Legacy,2026-06-14,2026-06-14,,,,,,,,2026-06-18,20,not_started,,not_started,,,,,,,,,off,,62,https://spiffler33.github.io/yeslyf-wireframes/admin_wireframes.html?run=3000&screen=M03&person=P00997,false
P01001,Gayathri,Varma,9000025903,,Coimbatore,35 to 39,corporate_session,true,false,S2,free,,,Adviser 04,10 to 25 lakhs,5 to 25 lakhs,"Around 40%, some serious money",Family,2026-06-14,2026-06-14,,,,,,,,2026-06-17,20,not_started,,not_started,,,,,,,,,off,,62,https://spiffler33.github.io/yeslyf-wireframes/admin_wireframes.html?run=3000&screen=M03&person=P01001,false
P01004,Prasanna,Iyengar,9000075333,,Bengaluru,30 to 34,community,true,false,S2,free,,,Adviser 01,10 to 25 lakhs,5 to 25 lakhs,"Around 40%, some serious money",Freedom,2026-06-17,2026-06-17,,,,,,,,2026-06-21,20,not_started,,not_started,,,,,,,,,off,,62,https://spiffler33.github.io/yeslyf-wireframes/admin_wireframes.html?run=3000&screen=M03&person=P01004,false
P01006,Hetal,Pandya,9000044564,hetal.pandya.343@example.com,Pune,25 to 29,community,true,false,S2,free,,,Adviser 01,10 to 25 lakhs,5 to 25 lakhs,"Around 40%, some serious money",Family,2026-06-15,2026-06-16,,,,,,,,2026-09-06,20,not_started,,not_started,,,,,,,,,off,,62,https://spiffler33.github.io/yeslyf-wireframes/admin_wireframes.html?run=3000&screen=M03&person=P01006,false
P01007,Dhruv,Trivedi,9000035504,dhruv.trivedi.464@example.com,Ahmedabad,30 to 34,web_reveal,false,false,S2,free,,,Adviser 03,10 to 25 lakhs,5 to 25 lakhs,"Around 25%, meaningful amounts",Freedom,2026-06-19,2026-06-19,,,,,,,,2026-09-09,20,not_started,,not_started,,,,,,,,,off,,62,https://spiffler33.github.io/yeslyf-wireframes/admin_wireframes.html?run=3000&screen=M03&person=P01007,false
P01008,Nitin,Gupta,9000018420,nitin.gupta.102@example.com,Gurugram,30 to 34,web_reveal,true,false,S2,free,,,Adviser 04,10 to 25 lakhs,Under 5 lakhs,"Around 25%, meaningful amounts",Legacy,2026-06-15,2026-06-15,,,,,,,,2026-09-05,20,not_started,,not_started,,,,,,,,,off,,62,https://spiffler33.github.io/yeslyf-wireframes/admin_wireframes.html?run=3000&screen=M03&person=P01008,false
P01010,Zoya,Tandon,9000051635,,Delhi,40 to 44,referral,true,false,S2,free,,,Adviser 05,Over 1 crore,1 to 5 crores,"More than 40%, I live well below my means",Legacy,2026-06-15,2026-06-15,,,,,,,,2026-06-18,20,not_started,,not_started,,,,,,,,,off,,62,https://spiffler33.github.io/yeslyf-wireframes/admin_wireframes.html?run=3000&screen=M03&person=P01010,false
P01013,Omkar,Desai,9000035053,,Ahmedabad,30 to 34,corporate_session,false,false,S1,free,,,Adviser 02,,,,,2026-06-14,,,,,,,,,2026-06-15,0,not_started,,not_started,,,,,,,,,off,,25,https://spiffler33.github.io/yeslyf-wireframes/admin_wireframes.html?run=3000&screen=M03&person=P01013,false
P01014,Shalini,Murthy,9000055446,,Chennai,30 to 34,community,true,false,S2,free,,,Adviser 06,25 to 50 lakhs,1 to 5 crores,"More than 40%, I live well below my means",Family,2026-06-17,2026-06-17,,,,,,,,2026-06-20,20,not_started,,not_started,,,,,,,,,off,,62,https://spiffler33.github.io/yeslyf-wireframes/admin_wireframes.html?run=3000&screen=M03&person=P01014,false
P01015,Siddharth,Thakkar,9000056173,siddharth.thakkar.582@example.com,Pune,30 to 34,community,true,false,S2,free,,,Adviser 01,10 to 25 lakhs,5 to 25 lakhs,"More than 40%, I live well below my means",Freedom,2026-06-20,2026-06-20,,,,,,,,2026-09-10,20,not_started,,not_started,,,,,,,,,off,,62,https://spiffler33.github.io/yeslyf-wireframes/admin_wireframes.html?run=3000&screen=M03&person=P01015,false
P01020,Tanmoy,Mohanty,9000012381,,Kolkata,40 to 44,referral,false,false,S1,free,,,Adviser 02,10 to 25 lakhs,25 lakhs to 1 crore,"Around 40%, some serious money",,2026-06-20,,,,,,,,,2026-06-20,0,not_started,,not_started,,,,,,,,,off,,44,https://spiffler33.github.io/yeslyf-wireframes/admin_wireframes.html?run=3000&screen=M03&person=P01020,false
P01021,Poulami,Saha,9000055988,poulami.saha.659@example.com,Chennai,30 to 34,web_reveal,false,false,S1,free,,,Adviser 05,10 to 25 lakhs,25 lakhs to 1 crore,"More than 40%, I live well below my means",,2026-06-16,,,,,,,,,2026-06-16,0,not_started,,not_started,,,,,,,,,off,,44,https://spiffler33.github.io/yeslyf-wireframes/admin_wireframes.html?run=3000&screen=M03&person=P01021,false
P01023,Karan,Pandey,9000086018,karan.pandey.372@example.com,Mumbai,35 to 39,web_reveal,true,false,S9,diy,diy,active,Adviser 03,10 to 25 lakhs,25 lakhs to 1 crore,"More than 40%, I live well below my means",Security,2026-06-15,2026-06-15,2026-06-18,2026-06-30,2026-06-30,2026-06-30,,2026-09-28,2026-12-15,2026-09-20,100,verified,not_connected,read,executing,3,4,,yes,3,2026-07-24T08:33:59+05:30,,off,,100,https://spiffler33.github.io/yeslyf-wireframes/admin_wireframes.html?run=3000&screen=M03&person=P01023,false
P01024,Rajiv,Reddy,9000075689,,Bengaluru,30 to 34,community,true,false,S2,free,,,Adviser 02,10 to 25 lakhs,25 lakhs to 1 crore,"Around 40%, some serious money",Security,2026-06-15,2026-06-16,,,,,,,,2026-06-19,20,not_started,,not_started,,,,,,,,,off,,62,https://spiffler33.github.io/yeslyf-wireframes/admin_wireframes.html?run=3000&screen=M03&person=P01024,false
P01025,Priyanka,Saha,9000084370,priyanka.saha.926@example.com,Kolkata,25 to 29,community,true,false,S2,free,,,Adviser 02,25 to 50 lakhs,25 lakhs to 1 crore,"More than 40%, I live well below my means",Security,2026-06-18,2026-06-18,,,,,,,,2026-09-08,20,not_started,,not_started,,,,,,,,,off,,62,https://spiffler33.github.io/yeslyf-wireframes/admin_wireframes.html?run=3000&screen=M03&person=P01025,false
P01026,Aravind,Iyer,9000086938,aravind.iyer.725@example.com,Bengaluru,25 to 29,web_reveal,true,false,S2,free,,,Adviser 04,10 to 25 lakhs,5 to 25 lakhs,"Around 40%, some serious money",Generosity,2026-06-15,2026-06-16,,,,,,,,2026-09-06,20,not_started,,not_started,,,,,,,,,off,,62,https://spiffler33.github.io/yeslyf-wireframes/admin_wireframes.html?run=3000&screen=M03&person=P01026,false
P01027,Saloni,Joshi,9000080843,saloni.joshi.304@example.com,Pune,30 to 34,web_reveal,true,false,S2,free,,,Adviser 03,10 to 25 lakhs,25 lakhs to 1 crore,"Around 40%, some serious money",Freedom,2026-06-20,2026-06-20,,,,,,,,2026-09-10,20,not_started,,not_started,,,,,,,,,off,,62,https://spiffler33.github.io/yeslyf-wireframes/admin_wireframes.html?run=3000&screen=M03&person=P01027,false
P01029,Riddhi,Apte,9000094005,,Pune,30 to 34,community,true,true,S2,free,,,Adviser 03,25 to 50 lakhs,25 lakhs to 1 crore,"Around 25%, meaningful amounts",Freedom,2026-06-17,2026-06-17,,,,,,,,2026-06-18,20,not_started,,not_started,,,,,,,,,off,,62,https://spiffler33.github.io/yeslyf-wireframes/admin_wireframes.html?run=3000&screen=M03&person=P01029,false
P01032,Nishant,Vora,9000027511,,Pune,30 to 34,community,false,false,S1,free,,,Adviser 04,,,,,2026-06-18,,,,,,,,,2026-06-18,0,not_started,,not_started,,,,,,,,,off,,12,https://spiffler33.github.io/yeslyf-wireframes/admin_wireframes.html?run=3000&screen=M03&person=P01032,false
P01034,Janani,Kumar,9000088515,janani.kumar.377@example.com,Coimbatore,30 to 34,community,true,false,S8,diwm,diwm,active,Adviser 05,10 to 25 lakhs,25 lakhs to 1 crore,"Around 40%, some serious money",Generosity,2026-06-18,2026-06-18,2026-07-08,2026-07-20,2026-07-20,2026-07-26,2026-07-12,2026-10-18,2026-10-06,2026-09-22,100,verified,connected,read,ready,0,4,2026-10-06,yes,1,2026-08-03T01:12:57+05:30,,off,Adviser 04,100,https://spiffler33.github.io/yeslyf-wireframes/admin_wireframes.html?run=3000&screen=M03&person=P01034,false
P01035,Saloni,Pandya,9000066118,,Mumbai,30 to 34,community,true,false,S2,free,,,Adviser 06,10 to 25 lakhs,5 to 25 lakhs,"More than 40%, I live well below my means",Freedom,2026-06-18,2026-06-18,,,,,,,,2026-06-21,20,not_started,,not_started,,,,,,,,,off,,62,https://spiffler33.github.io/yeslyf-wireframes/admin_wireframes.html?run=3000&screen=M03&person=P01035,false
P01038,Gayathri,Raman,9000065524,gayathri.raman.998@example.com,Mumbai,25 to 29,community,true,false,S1,free,,,Adviser 06,,,,,2026-06-25,,,,,,,,,2026-06-27,0,not_started,,not_started,,,,,,,,,off,,25,https://spiffler33.github.io/yeslyf-wireframes/admin_wireframes.html?run=3000&screen=M03&person=P01038,false
P01039,Siddharth,Trivedi,9000092462,siddharth.trivedi.926@example.com,Ahmedabad,30 to 34,web_reveal,true,false,S1,free,,,Adviser 05,,,,,2026-06-17,,,,,,,,,2026-06-18,0,not_started,,not_started,,,,,,,,,off,,25,https://spiffler33.github.io/yeslyf-wireframes/admin_wireframes.html?run=3000&screen=M03&person=P01039,false
P01044,Gauri,Dave,9000016739,,Mumbai,25 to 29,corporate_session,true,false,S2,free,,,Adviser 04,25 to 50 lakhs,5 to 25 lakhs,"More than 40%, I live well below my means",Generosity,2026-06-20,2026-06-20,,,,,,,,2026-06-24,20,not_started,,not_started,,,,,,,,,off,,62,https://spiffler33.github.io/yeslyf-wireframes/admin_wireframes.html?run=3000&screen=M03&person=P01044,false
P01045,Yogesh,Deshmukh,9000052451,yogesh.deshmukh.917@example.com,Pune,30 to 34,community,true,false,S1,free,,,Adviser 01,10 to 25 lakhs,5 to 25 lakhs,,,2026-06-18,,,,,,,,,2026-06-19,0,not_started,,not_started,,,,,,,,,off,,38,https://spiffler33.github.io/yeslyf-wireframes/admin_wireframes.html?run=3000&screen=M03&person=P01045,false
P01046,Ramya,Murthy,9000012989,ramya.murthy.314@example.com,Bengaluru,25 to 29,community,true,false,S2,free,,,Adviser 03,Under 10 lakhs,Under 5 lakhs,"Around 40%, some serious money",Freedom,2026-06-17,2026-06-18,,,,,,,,2026-09-08,20,not_started,,not_started,,,,,,,,,off,,62,https://spiffler33.github.io/yeslyf-wireframes/admin_wireframes.html?run=3000&screen=M03&person=P01046,false
P01047,Bhavin,Gokhale,9000000954,,Mumbai,30 to 34,organic,true,true,S2,free,,,Adviser 06,25 to 50 lakhs,25 lakhs to 1 crore,"More than 40%, I live well below my means",Freedom,2026-06-18,2026-06-18,,,,,,,,2026-06-19,20,not_started,,not_started,,,,,,,,,off,,62,https://spiffler33.github.io/yeslyf-wireframes/admin_wireframes.html?run=3000&screen=M03&person=P01047,false
P01048,Srinivas,Rao,9000088460,,Chennai,35 to 39,community,true,false,S2,free,,,Adviser 02,10 to 25 lakhs,25 lakhs to 1 crore,"Around 40%, some serious money",Security,2026-06-21,2026-06-22,,,,,,,,2026-06-25,20,not_started,,not_started,,,,,,,,,off,,62,https://spiffler33.github.io/yeslyf-wireframes/admin_wireframes.html?run=3000&screen=M03&person=P01048,false
P01052,Pranali,Gokhale,9000058548,pranali.gokhale.191@example.com,Pune,30 to 34,community,true,false,S2,free,,,Adviser 01,25 to 50 lakhs,25 lakhs to 1 crore,"Around 40%, some serious money",Legacy,2026-06-20,2026-06-20,,,,,,,,2026-09-11,20,not_started,,not_started,,,,,,,,,off,,62,https://spiffler33.github.io/yeslyf-wireframes/admin_wireframes.html?run=3000&screen=M03&person=P01052,false
P01054,Payal,Tandon,9000094417,,Hyderabad,35 to 39,community,false,false,S2,free,,,Adviser 01,50 lakhs to 1 crore,25 lakhs to 1 crore,"Around 10%, small consistent chunks",Legacy,2026-06-21,2026-06-22,,,,,,,,2026-06-23,20,not_started,,not_started,,,,,,,,,off,,62,https://spiffler33.github.io/yeslyf-wireframes/admin_wireframes.html?run=3000&screen=M03&person=P01054,false
P01055,Keerthana,Kamath,9000038005,,Chennai,35 to 39,community,true,false,S2,free,,,Adviser 02,10 to 25 lakhs,25 lakhs to 1 crore,"More than 40%, I live well below my means",Security,2026-06-22,2026-06-22,,,,,,,,2026-06-25,20,not_started,,not_started,,,,,,,,,off,,62,https://spiffler33.github.io/yeslyf-wireframes/admin_wireframes.html?run=3000&screen=M03&person=P01055,false
P01056,Rituparna,Ghosh,9000002184,,Kolkata,25 to 29,organic,true,false,S2,free,,,Adviser 05,10 to 25 lakhs,5 to 25 lakhs,"More than 40%, I live well below my means",Security,2026-06-19,2026-06-19,,,,,,,,2026-06-22,20,not_started,,not_started,,,,,,,,,off,,62,https://spiffler33.github.io/yeslyf-wireframes/admin_wireframes.html?run=3000&screen=M03&person=P01056,false
P01058,Nishant,Patil,9000024155,,Pune,30 to 34,community,true,false,S2,free,,,Adviser 06,10 to 25 lakhs,Under 5 lakhs,"Around 25%, meaningful amounts",Freedom,2026-06-27,2026-06-28,,,,,,,,2026-07-01,20,not_started,,not_started,,,,,,,,,off,,62,https://spiffler33.github.io/yeslyf-wireframes/admin_wireframes.html?run=3000&screen=M03&person=P01058,false
P01062,Varun,Tandon,9000012046,,Gurugram,25 to 29,corporate_session,true,false,S2,free,,,Adviser 06,10 to 25 lakhs,5 to 25 lakhs,"More than 40%, I live well below my means",Generosity,2026-06-20,2026-06-21,,,,,,,,2026-06-24,20,not_started,,not_started,,,,,,,,,off,,62,https://spiffler33.github.io/yeslyf-wireframes/admin_wireframes.html?run=3000&screen=M03&person=P01062,false
P01063,Gauri,Gokhale,9000030511,gauri.gokhale.142@example.com,Pune,30 to 34,web_reveal,false,true,S2,free,,,Adviser 03,10 to 25 lakhs,5 to 25 lakhs,"Around 40%, some serious money",Freedom,2026-06-18,2026-06-18,,,,,,,,2026-09-08,20,not_started,,not_started,,,,,,,,,off,,62,https://spiffler33.github.io/yeslyf-wireframes/admin_wireframes.html?run=3000&screen=M03&person=P01063,false
P01065,Harini,Krishnan,9000015865,harini.krishnan.594@example.com,Bengaluru,25 to 29,community,true,true,S2,free,,,Adviser 03,25 to 50 lakhs,5 to 25 lakhs,"Around 40%, some serious money",Security,2026-06-18,2026-06-20,,,,,,,,2026-09-10,20,not_started,,not_started,,,,,,,,,off,,62,https://spiffler33.github.io/yeslyf-wireframes/admin_wireframes.html?run=3000&screen=M03&person=P01065,false
P01066,Vishnu,Pai,9000070074,,Hyderabad,35 to 39,organic,true,false,S2,free,,,Adviser 03,10 to 25 lakhs,25 lakhs to 1 crore,"More than 40%, I live well below my means",Security,2026-06-22,2026-06-22,,,,,,,,2026-06-26,20,not_started,,not_started,,,,,,,,,off,,62,https://spiffler33.github.io/yeslyf-wireframes/admin_wireframes.html?run=3000&screen=M03&person=P01066,false
P01067,Prachi,Chitale,9000044406,,Pune,35 to 39,community,true,false,S2,free,,,Adviser 05,10 to 25 lakhs,25 lakhs to 1 crore,"Around 25%, meaningful amounts",Family,2026-06-23,2026-06-23,,,,,,,,2026-06-26,20,not_started,,not_started,,,,,,,,,off,,62,https://spiffler33.github.io/yeslyf-wireframes/admin_wireframes.html?run=3000&screen=M03&person=P01067,false
P01069,Bhavana,Gowda,9000070922,,Chennai,30 to 34,community,true,false,S2,free,,,Adviser 02,10 to 25 lakhs,5 to 25 lakhs,"Around 40%, some serious money",Security,2026-06-18,2026-06-18,,,,,,,,2026-06-22,20,not_started,,not_started,,,,,,,,,off,,62,https://spiffler33.github.io/yeslyf-wireframes/admin_wireframes.html?run=3000&screen=M03&person=P01069,false
P01072,Sindhu,Murthy,9000017181,sindhu.murthy.855@example.com,Hyderabad,35 to 39,community,true,false,S1,free,,,Adviser 05,,,,,2026-06-18,,,,,,,,,2026-06-20,0,not_started,,not_started,,,,,,,,,off,,12,https://spiffler33.github.io/yeslyf-wireframes/admin_wireframes.html?run=3000&screen=M03&person=P01072,false
P01073,Suresh,Varma,9000002146,,Bengaluru,25 to 29,corporate_session,true,false,S2,free,,,Adviser 05,10 to 25 lakhs,5 to 25 lakhs,"Around 40%, some serious money",Security,2026-06-20,2026-06-20,,,,,,,,2026-06-23,20,not_started,,not_started,,,,,,,,,off,,62,https://spiffler33.github.io/yeslyf-wireframes/admin_wireframes.html?run=3000&screen=M03&person=P01073,false
P01075,Yogesh,Jain,9000017428,,Ahmedabad,30 to 34,corporate_session,false,false,S2,free,,,Adviser 01,10 to 25 lakhs,5 to 25 lakhs,"More than 40%, I live well below my means",Family,2026-06-24,2026-06-24,,,,,,,,2026-06-25,20,not_started,,not_started,,,,,,,,,off,,62,https://spiffler33.github.io/yeslyf-wireframes/admin_wireframes.html?run=3000&screen=M03&person=P01075,false
P01077,Nirav,Mehta,9000099956,,Pune,25 to 29,community,true,false,S2,free,,,Adviser 06,10 to 25 lakhs,5 to 25 lakhs,"Around 40%, some serious money",Freedom,2026-06-23,2026-06-24,,,,,,,,2026-06-27,20,not_started,,not_started,,,,,,,,,off,,62,https://spiffler33.github.io/yeslyf-wireframes/admin_wireframes.html?run=3000&screen=M03&person=P01077,false
P01078,Nitin,Mishra,9000076321,nitin.mishra.999@example.com,Gurugram,30 to 34,community,true,false,S1,free,,,Adviser 06,25 to 50 lakhs,25 lakhs to 1 crore,,,2026-06-21,,,,,,,,,2026-06-22,0,not_started,,not_started,,,,,,,,,off,,38,https://spiffler33.github.io/yeslyf-wireframes/admin_wireframes.html?run=3000&screen=M03&person=P01078,false
P01080,Kaushik,Das,9000091735,,Kolkata,40 to 44,organic,true,false,S1,free,,,Adviser 04,50 lakhs to 1 crore,,,,2026-06-19,,,,,,,,,2026-06-20,0,not_started,,not_started,,,,,,,,,off,,31,https://spiffler33.github.io/yeslyf-wireframes/admin_wireframes.html?run=3000&screen=M03&person=P01080,false
P01081,Arun,Shetty,9000081344,,Chennai,35 to 39,corporate_session,false,false,S2,free,,,Adviser 01,25 to 50 lakhs,5 to 25 lakhs,"Around 25%, meaningful amounts",Family,2026-06-19,2026-06-19,,,,,,,,2026-06-20,20,not_started,,not_started,,,,,,,,,off,,62,https://spiffler33.github.io/yeslyf-wireframes/admin_wireframes.html?run=3000&screen=M03&person=P01081,false
P01082,Karan,Singh,9000015529,karan.singh.783@example.com,Gurugram,35 to 39,web_reveal,true,false,S2,free,,,Adviser 01,50 lakhs to 1 crore,25 lakhs to 1 crore,"More than 40%, I live well below my means",Family,2026-06-23,2026-06-23,,,,,,,,2026-09-13,20,not_started,,not_started,,,,,,,,,off,,62,https://spiffler33.github.io/yeslyf-wireframes/admin_wireframes.html?run=3000&screen=M03&person=P01082,false
P01084,Bhavana,Gowda,9000099292,bhavana.gowda.133@example.com,Hyderabad,40 to 44,community,true,false,S2,free,,,Adviser 04,25 to 50 lakhs,1 to 5 crores,"More than 40%, I live well below my means",Family,2026-06-22,2026-06-22,,,,,,,,2026-09-12,20,not_started,,not_started,,,,,,,,,off,,62,https://spiffler33.github.io/yeslyf-wireframes/admin_wireframes.html?run=3000&screen=M03&person=P01084,false
P01085,Janani,Kumar,9000034756,,Bengaluru,25 to 29,corporate_session,true,false,S2,free,,,Adviser 05,10 to 25 lakhs,5 to 25 lakhs,"Around 40%, some serious money",Freedom,2026-06-21,2026-06-21,,,,,,,,2026-06-24,20,not_started,,not_started,,,,,,,,,off,,62,https://spiffler33.github.io/yeslyf-wireframes/admin_wireframes.html?run=3000&screen=M03&person=P01085,false
P01091,Yash,Khanna,9000026404,,Jaipur,35 to 39,community,true,false,S2,free,,,Adviser 04,10 to 25 lakhs,25 lakhs to 1 crore,"Around 40%, some serious money",Security,2026-06-25,2026-06-25,,,,,,,,2026-06-28,20,not_started,,not_started,,,,,,,,,off,,62,https://spiffler33.github.io/yeslyf-wireframes/admin_wireframes.html?run=3000&screen=M03&person=P01091,false
P01092,Vignesh,Pillai,9000024129,vignesh.pillai.136@example.com,Hyderabad,30 to 34,community,true,false,S2,free,,,Adviser 02,25 to 50 lakhs,25 lakhs to 1 crore,"Around 25%, meaningful amounts",Family,2026-06-23,2026-06-23,,,,,,,,2026-09-13,20,not_started,,not_started,,,,,,,,,off,,62,https://spiffler33.github.io/yeslyf-wireframes/admin_wireframes.html?run=3000&screen=M03&person=P01092,false
P01095,Srinivas,Naidu,9000023509,,Bengaluru,25 to 29,corporate_session,false,false,S2,free,,,Adviser 01,10 to 25 lakhs,5 to 25 lakhs,"More than 40%, I live well below my means",Freedom,2026-06-22,2026-06-22,,,,,,,,2026-06-23,20,not_started,,not_started,,,,,,,,,off,,62,https://spiffler33.github.io/yeslyf-wireframes/admin_wireframes.html?run=3000&screen=M03&person=P01095,false
P01096,Divakar,Kumar,9000094791,,Chennai,40 to 44,community,true,false,S1,free,,,Adviser 02,,,,,2026-06-25,,,,,,,,,2026-06-26,0,not_started,,not_started,,,,,,,,,off,,25,https://spiffler33.github.io/yeslyf-wireframes/admin_wireframes.html?run=3000&screen=M03&person=P01096,false
P01097,Bhavin,Naik,9000078877,,Ahmedabad,30 to 34,community,true,false,S2,free,,,Adviser 06,10 to 25 lakhs,25 lakhs to 1 crore,"More than 40%, I live well below my means",Family,2026-06-26,2026-06-26,,,,,,,,2026-06-29,20,not_started,,not_started,,,,,,,,,off,,62,https://spiffler33.github.io/yeslyf-wireframes/admin_wireframes.html?run=3000&screen=M03&person=P01097,false
P01098,Madhav,Chandran,9000031867,madhav.chandran.326@example.com,Chennai,35 to 39,web_reveal,false,false,S2,free,,,Adviser 02,10 to 25 lakhs,5 to 25 lakhs,"More than 40%, I live well below my means",Family,2026-06-26,2026-06-26,,,,,,,,2026-09-16,20,not_started,,not_started,,,,,,,,,off,,62,https://spiffler33.github.io/yeslyf-wireframes/admin_wireframes.html?run=3000&screen=M03&person=P01098,false
P01099,Tanvi,Sethi,9000057877,tanvi.sethi.345@example.com,Gurugram,35 to 39,community,true,false,S9,diwm,diwm,active,Adviser 03,25 to 50 lakhs,25 lakhs to 1 crore,"More than 40%, I live well below my means",Family,2026-06-23,2026-06-24,2026-06-27,2026-07-15,2026-07-15,2026-07-15,2026-09-21,2026-10-13,2026-09-25,2026-09-22,100,verified,not_connected,read,executing,2,3,,yes,0,2026-08-05T12:40:00+05:30,,off,Adviser 05,100,https://spiffler33.github.io/yeslyf-wireframes/admin_wireframes.html?run=3000&screen=M03&person=P01099,false
P01104,Vaibhav,Bhosale,9000010011,,Mumbai,30 to 34,corporate_session,true,false,S2,free,,,Adviser 02,10 to 25 lakhs,5 to 25 lakhs,"More than 40%, I live well below my means",Freedom,2026-06-21,2026-06-21,,,,,,,,2026-06-24,20,not_started,,not_started,,,,,,,,,off,,62,https://spiffler33.github.io/yeslyf-wireframes/admin_wireframes.html?run=3000&screen=M03&person=P01104,false
P01106,Ishaan,Bansal,9000088529,,Gurugram,25 to 29,organic,true,false,S2,free,,,Adviser 03,10 to 25 lakhs,5 to 25 lakhs,"Around 40%, some serious money",Family,2026-06-21,2026-06-21,,,,,,,,2026-06-25,20,not_started,,not_started,,,,,,,,,off,,62,https://spiffler33.github.io/yeslyf-wireframes/admin_wireframes.html?run=3000&screen=M03&person=P01106,false
P01107,Sneha,Gokhale,9000060320,sneha.gokhale.179@example.com,Mumbai,30 to 34,web_reveal,true,false,S2,free,,,Adviser 03,25 to 50 lakhs,Over 5 crores,"More than 40%, I live well below my means",Freedom,2026-06-21,2026-06-22,,,,,,,,2026-09-12,20,not_started,,not_started,,,,,,,,,off,,62,https://spiffler33.github.io/yeslyf-wireframes/admin_wireframes.html?run=3000&screen=M03&person=P01107,false
P01112,Shreya,Sharma,9000011472,,Noida,35 to 39,organic,true,true,S2,free,,,Adviser 05,25 to 50 lakhs,25 lakhs to 1 crore,"More than 40%, I live well below my means",Family,2026-06-23,2026-06-23,,,,,,,,2026-06-24,20,not_started,,not_started,,,,,,,,,off,,62,https://spiffler33.github.io/yeslyf-wireframes/admin_wireframes.html?run=3000&screen=M03&person=P01112,false
P01115,Prachi,Shah,9000046043,prachi.shah.686@example.com,Pune,30 to 34,community,true,false,S2,free,,,Adviser 04,10 to 25 lakhs,1 to 5 crores,"Around 25%, meaningful amounts",Family,2026-06-21,2026-06-21,,,,,,,,2026-09-11,20,not_started,,not_started,,,,,,,,,off,,62,https://spiffler33.github.io/yeslyf-wireframes/admin_wireframes.html?run=3000&screen=M03&person=P01115,false
P01118,Pavithra,Kamath,9000063482,pavithra.kamath.577@example.com,Hyderabad,40 to 44,web_reveal,true,false,S2,free,,,Adviser 06,25 to 50 lakhs,25 lakhs to 1 crore,"More than 40%, I live well below my means",Freedom,2026-06-25,2026-06-25,,,,,,,,2026-09-15,20,not_started,,not_started,,,,,,,,,off,,62,https://spiffler33.github.io/yeslyf-wireframes/admin_wireframes.html?run=3000&screen=M03&person=P01118,false
P01119,Swathi,Subramanian,9000028350,,Hyderabad,35 to 39,corporate_session,true,false,S2,free,,,Adviser 05,50 lakhs to 1 crore,1 to 5 crores,"More than 40%, I live well below my means",Security,2026-06-25,2026-06-25,,,,,,,,2026-06-29,20,not_started,,not_started,,,,,,,,,off,,62,https://spiffler33.github.io/yeslyf-wireframes/admin_wireframes.html?run=3000&screen=M03&person=P01119,false
P01121,Revathi,Krishnan,9000019822,revathi.krishnan.221@example.com,Hyderabad,35 to 39,web_reveal,false,false,S2,free,,,Adviser 04,25 to 50 lakhs,25 lakhs to 1 crore,"Around 25%, meaningful amounts",Security,2026-06-24,2026-06-24,,,,,,,,2026-09-15,20,not_started,,not_started,,,,,,,,,off,,62,https://spiffler33.github.io/yeslyf-wireframes/admin_wireframes.html?run=3000&screen=M03&person=P01121,false
P01122,Rutuja,Kamat,9000023894,,Indore,30 to 34,corporate_session,false,false,S2,free,,,Adviser 04,10 to 25 lakhs,25 lakhs to 1 crore,"More than 40%, I live well below my means",Legacy,2026-06-23,2026-06-24,,,,,,,,2026-06-25,20,not_started,,not_started,,,,,,,,,off,,62,https://spiffler33.github.io/yeslyf-wireframes/admin_wireframes.html?run=3000&screen=M03&person=P01122,false
P01123,Kavya,Singh,9000030815,,Mumbai,30 to 34,community,true,false,S2,free,,,Adviser 05,25 to 50 lakhs,25 lakhs to 1 crore,"More than 40%, I live well below my means",Generosity,2026-06-22,2026-06-22,,,,,,,,2026-06-25,20,not_started,,not_started,,,,,,,,,off,,62,https://spiffler33.github.io/yeslyf-wireframes/admin_wireframes.html?run=3000&screen=M03&person=P01123,false
P01125,Bhavin,Kulkarni,9000052628,,Pune,30 to 34,organic,true,false,S2,free,,,Adviser 06,25 to 50 lakhs,25 lakhs to 1 crore,"Around 40%, some serious money",Generosity,2026-06-27,2026-06-27,,,,,,,,2026-06-30,20,not_started,,not_started,,,,,,,,,off,,62,https://spiffler33.github.io/yeslyf-wireframes/admin_wireframes.html?run=3000&screen=M03&person=P01125,false
P01126,Ramya,Balakrishnan,9000036332,ramya.balakrishnan.704@example.com,Mumbai,30 to 34,web_reveal,false,false,S1,free,,,Adviser 03,25 to 50 lakhs,5 to 25 lakhs,,,2026-06-23,,,,,,,,,2026-06-24,0,not_started,,not_started,,,,,,,,,off,,38,https://spiffler33.github.io/yeslyf-wireframes/admin_wireframes.html?run=3000&screen=M03&person=P01126,false
P01127,Arjun,Sethi,9000088560,arjun.sethi.672@example.com,Delhi,40 to 44,web_reveal,false,false,S1,free,,,Adviser 01,50 lakhs to 1 crore,1 to 5 crores,,,2026-06-25,,,,,,,,,2026-06-25,0,not_started,,not_started,,,,,,,,,off,,38,https://spiffler33.github.io/yeslyf-wireframes/admin_wireframes.html?run=3000&screen=M03&person=P01127,false
P01128,Tanmoy,Mitra,9000014400,,Kolkata,40 to 44,corporate_session,false,false,S1,free,,,Adviser 03,10 to 25 lakhs,25 lakhs to 1 crore,"More than 40%, I live well below my means",,2026-06-29,,,,,,,,,2026-06-29,0,not_started,,not_started,,,,,,,,,off,,50,https://spiffler33.github.io/yeslyf-wireframes/admin_wireframes.html?run=3000&screen=M03&person=P01128,false
P01131,Ayesha,Malhotra,9000028109,ayesha.malhotra.852@example.com,Gurugram,30 to 34,community,true,false,S1,free,,,Adviser 02,,,,,2026-06-23,,,,,,,,,2026-06-24,0,not_started,,not_started,,,,,,,,,off,,25,https://spiffler33.github.io/yeslyf-wireframes/admin_wireframes.html?run=3000&screen=M03&person=P01131,false
P01132,Kinjal,Dave,9000087089,,Mumbai,30 to 34,organic,true,false,S1,free,,,Adviser 04,,,,,2026-06-26,,,,,,,,,2026-06-27,0,not_started,,not_started,,,,,,,,,off,,19,https://spiffler33.github.io/yeslyf-wireframes/admin_wireframes.html?run=3000&screen=M03&person=P01132,false
P01134,Sandeep,Balakrishnan,9000072505,,Bengaluru,25 to 29,organic,true,false,S2,free,,,Adviser 05,10 to 25 lakhs,5 to 25 lakhs,"Around 40%, some serious money",Security,2026-06-30,2026-06-30,,,,,,,,2026-07-03,20,not_started,,not_started,,,,,,,,,off,,62,https://spiffler33.github.io/yeslyf-wireframes/admin_wireframes.html?run=3000&screen=M03&person=P01134,false
P01135,Divakar,Iyer,9000095374,,Bengaluru,30 to 34,corporate_session,true,false,S2,free,,,Adviser 03,25 to 50 lakhs,5 to 25 lakhs,"More than 40%, I live well below my means",Freedom,2026-06-24,2026-06-25,,,,,,,,2026-06-28,20,not_started,,not_started,,,,,,,,,off,,62,https://spiffler33.github.io/yeslyf-wireframes/admin_wireframes.html?run=3000&screen=M03&person=P01135,false
P01136,Rajiv,Murthy,9000043818,,Visakhapatnam,30 to 34,community,false,false,S1,free,,,Adviser 06,,,,,2026-06-23,,,,,,,,,2026-06-23,0,not_started,,not_started,,,,,,,,,off,,12,https://spiffler33.github.io/yeslyf-wireframes/admin_wireframes.html?run=3000&screen=M03&person=P01136,false
P01142,Hardik,Deshmukh,9000047498,,Pune,25 to 29,community,true,true,S1,free,,,Adviser 03,10 to 25 lakhs,,,,2026-06-24,,,,,,,,,2026-06-24,0,not_started,,not_started,,,,,,,,,off,,31,https://spiffler33.github.io/yeslyf-wireframes/admin_wireframes.html?run=3000&screen=M03&person=P01142,false
P01144,Harini,Murthy,9000098238,,Chennai,30 to 34,corporate_session,false,false,S2,free,,,Adviser 05,10 to 25 lakhs,25 lakhs to 1 crore,"Around 40%, some serious money",Legacy,2026-06-24,2026-06-25,,,,,,,,2026-06-26,20,not_started,,not_started,,,,,,,,,off,,62,https://spiffler33.github.io/yeslyf-wireframes/admin_wireframes.html?run=3000&screen=M03&person=P01144,false
P01146,Yogesh,Sawant,9000007151,yogesh.sawant.468@example.com,Pune,30 to 34,web_reveal,true,false,S2,free,,,Adviser 04,10 to 25 lakhs,5 to 25 lakhs,"More than 40%, I live well below my means",Legacy,2026-06-23,2026-06-24,,,,,,,,2026-09-14,20,not_started,,not_started,,,,,,,,,off,,62,https://spiffler33.github.io/yeslyf-wireframes/admin_wireframes.html?run=3000&screen=M03&person=P01146,false
P01147,Ganesh,Nair,9000099813,,Hyderabad,40 to 44,corporate_session,true,false,S2,free,,,Adviser 06,50 lakhs to 1 crore,25 lakhs to 1 crore,"Around 40%, some serious money",Freedom,2026-06-24,2026-06-24,,,,,,,,2026-06-27,20,not_started,,not_started,,,,,,,,,off,,62,https://spiffler33.github.io/yeslyf-wireframes/admin_wireframes.html?run=3000&screen=M03&person=P01147,false
P01148,Gauri,Jain,9000065126,,Pune,30 to 34,referral,true,false,S1,free,,,Adviser 01,,,,,2026-06-24,,,,,,,,,2026-06-26,0,not_started,,not_started,,,,,,,,,off,,19,https://spiffler33.github.io/yeslyf-wireframes/admin_wireframes.html?run=3000&screen=M03&person=P01148,false
P01151,Ishani,Roy,9000029170,ishani.roy.158@example.com,Chennai,25 to 29,community,true,false,S2,free,,,Adviser 05,10 to 25 lakhs,25 lakhs to 1 crore,"More than 40%, I live well below my means",Freedom,2026-06-23,2026-06-25,,,,,,,,2026-09-15,20,not_started,,not_started,,,,,,,,,off,,62,https://spiffler33.github.io/yeslyf-wireframes/admin_wireframes.html?run=3000&screen=M03&person=P01151,false
P01152,Ruchi,Gill,9000094340,ruchi.gill.126@example.com,Gurugram,35 to 39,web_reveal,false,false,S2,free,,,Adviser 04,25 to 50 lakhs,5 to 25 lakhs,"Around 40%, some serious money",Family,2026-06-29,2026-06-29,,,,,,,,2026-09-20,20,not_started,,not_started,,,,,,,,,off,,62,https://spiffler33.github.io/yeslyf-wireframes/admin_wireframes.html?run=3000&screen=M03&person=P01152,false
P01153,Revathi,Iyengar,9000066733,revathi.iyengar.782@example.com,Chennai,35 to 39,web_reveal,true,true,S1,free,,,Adviser 02,,,,,2026-06-24,,,,,,,,,2026-06-24,0,not_started,,not_started,,,,,,,,,off,,12,https://spiffler33.github.io/yeslyf-wireframes/admin_wireframes.html?run=3000&screen=M03&person=P01153,false
P01155,Divya,Tandon,9000079433,divya.tandon.476@example.com,Hyderabad,40 to 44,corporate_session,true,false,S20,diwm,diwm,active,Adviser 01,50 lakhs to 1 crore,25 lakhs to 1 crore,"Around 40%, some serious money",Family,2026-06-23,2026-06-25,2026-08-02,2026-08-18,2026-08-18,2026-08-18,,2026-11-16,2026-10-01,2026-09-20,100,verified,not_connected,read,executing,0,7,,yes,1,2026-09-12T23:01:04+05:30,,off,,100,https://spiffler33.github.io/yeslyf-wireframes/admin_wireframes.html?run=3000&screen=M03&person=P01155,false
P01157,Nandini,Kamath,9000039560,,Bengaluru,25 to 29,organic,true,false,S2,free,,,Adviser 03,10 to 25 lakhs,5 to 25 lakhs,"Around 40%, some serious money",Legacy,2026-06-25,2026-06-25,,,,,,,,2026-06-28,20,not_started,,not_started,,,,,,,,,off,,62,https://spiffler33.github.io/yeslyf-wireframes/admin_wireframes.html?run=3000&screen=M03&person=P01157,false
P01159,Kavitha,Chandran,9000006004,,Bengaluru,30 to 34,community,true,false,S2,free,,,Adviser 06,10 to 25 lakhs,5 to 25 lakhs,"Around 10%, small consistent chunks",Security,2026-06-23,2026-06-24,,,,,,,,2026-06-27,20,not_started,,not_started,,,,,,,,,off,,62,https://spiffler33.github.io/yeslyf-wireframes/admin_wireframes.html?run=3000&screen=M03&person=P01159,false
P01161,Manish,Kapoor,9000049275,,Noida,30 to 34,corporate_session,true,false,S2,free,,,Adviser 04,50 lakhs to 1 crore,25 lakhs to 1 crore,"More than 40%, I live well below my means",Family,2026-06-25,2026-06-25,,,,,,,,2026-06-28,20,not_started,,not_started,,,,,,,,,off,,62,https://spiffler33.github.io/yeslyf-wireframes/admin_wireframes.html?run=3000&screen=M03&person=P01161,false
P01163,Ramya,Rajan,9000008286,,Pune,30 to 34,community,true,false,S1,free,,,Adviser 02,,,,,2026-06-24,,,,,,,,,2026-06-25,0,not_started,,not_started,,,,,,,,,off,,12,https://spiffler33.github.io/yeslyf-wireframes/admin_wireframes.html?run=3000&screen=M03&person=P01163,false
P01164,Omkar,Pawar,9000060148,,Mumbai,25 to 29,corporate_session,true,false,S1,free,,,Adviser 03,Under 10 lakhs,,,,2026-07-03,,,,,,,,,2026-07-04,0,not_started,,not_started,,,,,,,,,off,,31,https://spiffler33.github.io/yeslyf-wireframes/admin_wireframes.html?run=3000&screen=M03&person=P01164,false
P01167,Siddharth,Naik,9000099221,,Mumbai,30 to 34,community,true,false,S2,free,,,Adviser 05,10 to 25 lakhs,25 lakhs to 1 crore,"More than 40%, I live well below my means",Family,2026-06-25,2026-06-25,,,,,,,,2026-06-28,20,not_started,,not_started,,,,,,,,,off,,62,https://spiffler33.github.io/yeslyf-wireframes/admin_wireframes.html?run=3000&screen=M03&person=P01167,false
P01173,Nithya,Rajan,9000000618,,Hyderabad,35 to 39,community,true,false,S2,free,,,Adviser 02,25 to 50 lakhs,25 lakhs to 1 crore,"Around 25%, meaningful amounts",Security,2026-06-29,2026-06-29,,,,,,,,2026-07-02,20,not_started,,not_started,,,,,,,,,off,,62,https://spiffler33.github.io/yeslyf-wireframes/admin_wireframes.html?run=3000&screen=M03&person=P01173,false
P01175,Tarun,Rathore,9000081293,,Delhi,25 to 29,referral,false,false,S2,free,,,Adviser 05,10 to 25 lakhs,5 to 25 lakhs,"Around 40%, some serious money",Security,2026-06-26,2026-06-26,,,,,,,,2026-06-27,20,not_started,,not_started,,,,,,,,,off,,62,https://spiffler33.github.io/yeslyf-wireframes/admin_wireframes.html?run=3000&screen=M03&person=P01175,false
P01179,Deepak,Tandon,9000023334,,Delhi,40 to 44,corporate_session,true,false,S2,free,,,Adviser 03,50 lakhs to 1 crore,1 to 5 crores,"More than 40%, I live well below my means",Freedom,2026-06-26,2026-06-26,,,,,,,,2026-06-29,20,not_started,,not_started,,,,,,,,,off,,62,https://spiffler33.github.io/yeslyf-wireframes/admin_wireframes.html?run=3000&screen=M03&person=P01179,false
P01180,Naveen,Naidu,9000067016,naveen.naidu.676@example.com,Chennai,25 to 29,web_reveal,true,false,S2,free,,,Adviser 05,10 to 25 lakhs,5 to 25 lakhs,"Around 40%, some serious money",Legacy,2026-07-05,2026-07-06,,,,,,,,2026-07-27,20,not_started,,not_started,,,,,,,,,off,,62,https://spiffler33.github.io/yeslyf-wireframes/admin_wireframes.html?run=3000&screen=M03&person=P01180,false
P01183,Tanvi,Bedi,9000062160,tanvi.bedi.675@example.com,Gurugram,35 to 39,web_reveal,true,false,S2,free,,,Adviser 06,25 to 50 lakhs,25 lakhs to 1 crore,"More than 40%, I live well below my means",Family,2026-07-08,2026-07-10,,,,,,,,2026-07-31,20,not_started,,not_started,,,,,,,,,off,,62,https://spiffler33.github.io/yeslyf-wireframes/admin_wireframes.html?run=3000&screen=M03&person=P01183,false
P01184,Pranav,Khanna,9000071787,,Chandigarh,30 to 34,community,true,false,S1,free,,,Adviser 03,,,,,2026-06-28,,,,,,,,,2026-06-29,0,not_started,,not_started,,,,,,,,,off,,19,https://spiffler33.github.io/yeslyf-wireframes/admin_wireframes.html?run=3000&screen=M03&person=P01184,false
P01185,Rahul,Bansal,9000002234,,Delhi,40 to 44,community,false,false,S1,free,,,Adviser 02,50 lakhs to 1 crore,1 to 5 crores,"More than 40%, I live well below my means",,2026-06-26,,,,,,,,,2026-06-26,0,not_started,,not_started,,,,,,,,,off,,50,https://spiffler33.github.io/yeslyf-wireframes/admin_wireframes.html?run=3000&screen=M03&person=P01185,false
P01186,Karan,Bhatia,9000046527,karan.bhatia.880@example.com,Noida,30 to 34,community,true,false,S1,free,,,Adviser 04,,,,,2026-06-28,,,,,,,,,2026-06-29,0,not_started,,not_started,,,,,,,,,off,,19,https://spiffler33.github.io/yeslyf-wireframes/admin_wireframes.html?run=3000&screen=M03&person=P01186,false
P01187,Saloni,Sawant,9000003330,,Delhi,40 to 44,community,false,false,S2,free,,,Adviser 01,Under 10 lakhs,5 to 25 lakhs,"More than 40%, I live well below my means",Security,2026-06-27,2026-06-28,,,,,,,,2026-06-29,20,not_started,,not_started,,,,,,,,,off,,62,https://spiffler33.github.io/yeslyf-wireframes/admin_wireframes.html?run=3000&screen=M03&person=P01187,false
P01189,Nishant,Thakkar,9000080816,,Ahmedabad,30 to 34,organic,false,false,S1,free,,,Adviser 05,,,,,2026-06-27,,,,,,,,,2026-06-27,0,not_started,,not_started,,,,,,,,,off,,19,https://spiffler33.github.io/yeslyf-wireframes/admin_wireframes.html?run=3000&screen=M03&person=P01189,false
P01190,Sudipta,Majumdar,9000037544,sudipta.majumdar.915@example.com,Bengaluru,30 to 34,community,true,false,S1,free,,,Adviser 02,,,,,2026-06-27,,,,,,,,,2026-06-28,0,not_started,,not_started,,,,,,,,,off,,25,https://spiffler33.github.io/yeslyf-wireframes/admin_wireframes.html?run=3000&screen=M03&person=P01190,false
P01192,Varsha,Pai,9000078885,varsha.pai.523@example.com,Bengaluru,35 to 39,web_reveal,false,false,S2,free,,,Adviser 03,25 to 50 lakhs,25 lakhs to 1 crore,"More than 40%, I live well below my means",Legacy,2026-06-30,2026-07-01,,,,,,,,2026-09-21,20,not_started,,not_started,,,,,,,,,off,,62,https://spiffler33.github.io/yeslyf-wireframes/admin_wireframes.html?run=3000&screen=M03&person=P01192,false
P01193,Hardik,Desai,9000095031,hardik.desai.820@example.com,Chennai,30 to 34,community,true,false,S1,free,,,Adviser 01,10 to 25 lakhs,,,,2026-06-26,,,,,,,,,2026-06-27,0,not_started,,not_started,,,,,,,,,off,,31,https://spiffler33.github.io/yeslyf-wireframes/admin_wireframes.html?run=3000&screen=M03&person=P01193,false
P01194,Chaitanya,Naidu,9000081005,,Bengaluru,25 to 29,community,true,false,S1,free,,,Adviser 01,,,,,2026-06-30,,,,,,,,,2026-07-01,0,not_started,,not_started,,,,,,,,,off,,25,https://spiffler33.github.io/yeslyf-wireframes/admin_wireframes.html?run=3000&screen=M03&person=P01194,false
P01195,Pranav,Singh,9000036088,pranav.singh.968@example.com,Gurugram,30 to 34,web_reveal,true,false,S2,free,,,Adviser 03,25 to 50 lakhs,25 lakhs to 1 crore,"More than 40%, I live well below my means",Family,2026-06-29,2026-06-30,,,,,,,,2026-09-20,20,not_started,,not_started,,,,,,,,,off,,62,https://spiffler33.github.io/yeslyf-wireframes/admin_wireframes.html?run=3000&screen=M03&person=P01195,false
P01196,Ankit,Bhatia,9000097414,ankit.bhatia.261@example.com,Delhi,40 to 44,community,true,false,S2c,free,,,Adviser 04,25 to 50 lakhs,25 lakhs to 1 crore,"Around 25%, meaningful amounts",Legacy,2026-06-26,2026-06-27,,,,,,,,2026-09-17,20,verified,,not_started,,,,,,,,,off,,94,https://spiffler33.github.io/yeslyf-wireframes/admin_wireframes.html?run=3000&screen=M03&person=P01196,false
P01198,Kinjal,Patel,9000022604,,Mumbai,30 to 34,community,true,false,S1,free,,,Adviser 04,,,,,2026-06-27,,,,,,,,,2026-06-28,0,not_started,,not_started,,,,,,,,,off,,19,https://spiffler33.github.io/yeslyf-wireframes/admin_wireframes.html?run=3000&screen=M03&person=P01198,false
P01202,Ishaan,Gill,9000022697,ishaan.gill.448@example.com,Gurugram,30 to 34,corporate_session,true,false,S21,diy,diy,active,Adviser 01,25 to 50 lakhs,25 lakhs to 1 crore,"More than 40%, I live well below my means",Security,2026-07-01,2026-07-02,2026-07-09,2026-07-20,2026-07-20,2026-07-20,2026-08-10,2026-10-18,2026-10-07,2026-09-21,100,verified,not_connected,read,ready,0,3,,yes,0,2026-07-16T09:19:56+05:30,,off,Adviser 05,100,https://spiffler33.github.io/yeslyf-wireframes/admin_wireframes.html?run=3000&screen=M03&person=P01202,false
P01203,Shalini,Rajan,9000073958,,Chennai,30 to 34,community,true,false,S2,free,,,Adviser 05,10 to 25 lakhs,5 to 25 lakhs,"Around 25%, meaningful amounts",Family,2026-06-28,2026-06-29,,,,,,,,2026-07-02,20,not_started,,not_started,,,,,,,,,off,,62,https://spiffler33.github.io/yeslyf-wireframes/admin_wireframes.html?run=3000&screen=M03&person=P01203,false
P01204,Arun,Srinivasan,9000010737,,Chennai,30 to 34,corporate_session,true,false,S2,free,,,Adviser 05,10 to 25 lakhs,5 to 25 lakhs,"Around 40%, some serious money",Family,2026-06-27,2026-06-28,,,,,,,,2026-07-01,20,not_started,,not_started,,,,,,,,,off,,62,https://spiffler33.github.io/yeslyf-wireframes/admin_wireframes.html?run=3000&screen=M03&person=P01204,false
P01205,Bhavana,Iyengar,9000013295,,Bengaluru,30 to 34,organic,true,false,S2,free,,,Adviser 03,10 to 25 lakhs,Under 5 lakhs,"More than 40%, I live well below my means",Freedom,2026-06-27,2026-06-27,,,,,,,,2026-06-30,20,not_started,,not_started,,,,,,,,,off,,62,https://spiffler33.github.io/yeslyf-wireframes/admin_wireframes.html?run=3000&screen=M03&person=P01205,false
P01206,Gurpreet,Kapoor,9000081872,,Delhi,35 to 39,corporate_session,true,true,S2,free,,,Adviser 05,50 lakhs to 1 crore,1 to 5 crores,"More than 40%, I live well below my means",Legacy,2026-07-08,2026-07-08,,,,,,,,2026-07-10,20,not_started,,not_started,,,,,,,,,off,,62,https://spiffler33.github.io/yeslyf-wireframes/admin_wireframes.html?run=3000&screen=M03&person=P01206,false
P01207,Keerthana,Srinivasan,9000096259,,Hyderabad,35 to 39,organic,false,false,S2,free,,,Adviser 03,25 to 50 lakhs,25 lakhs to 1 crore,"More than 40%, I live well below my means",Security,2026-06-26,2026-06-26,,,,,,,,2026-06-28,20,not_started,,not_started,,,,,,,,,off,,62,https://spiffler33.github.io/yeslyf-wireframes/admin_wireframes.html?run=3000&screen=M03&person=P01207,false
P01213,Krupa,Jain,9000000234,,Ahmedabad,30 to 34,organic,true,false,S1,free,,,Adviser 04,10 to 25 lakhs,5 to 25 lakhs,"Around 40%, some serious money",,2026-06-29,,,,,,,,,2026-06-30,0,not_started,,not_started,,,,,,,,,off,,50,https://spiffler33.github.io/yeslyf-wireframes/admin_wireframes.html?run=3000&screen=M03&person=P01213,false
P01214,Priya,Kapoor,9000018285,,Gurugram,30 to 34,corporate_session,true,false,S2,free,,,Adviser 01,25 to 50 lakhs,25 lakhs to 1 crore,"More than 40%, I live well below my means",Family,2026-06-27,2026-06-27,,,,,,,,2026-07-01,20,not_started,,not_started,,,,,,,,,off,,62,https://spiffler33.github.io/yeslyf-wireframes/admin_wireframes.html?run=3000&screen=M03&person=P01214,false
P01215,Urvi,Kamat,9000020625,urvi.kamat.132@example.com,Pune,30 to 34,community,true,false,S1,free,,,Adviser 01,10 to 25 lakhs,5 to 25 lakhs,"Around 10%, small consistent chunks",,2026-06-28,,,,,,,,,2026-06-30,0,not_started,,not_started,,,,,,,,,off,,50,https://spiffler33.github.io/yeslyf-wireframes/admin_wireframes.html?run=3000&screen=M03&person=P01215,false
P01216,Vignesh,Shetty,9000017718,,Chennai,30 to 34,corporate_session,false,false,S1,free,,,Adviser 02,10 to 25 lakhs,25 lakhs to 1 crore,"More than 40%, I live well below my means",,2026-07-02,,,,,,,,,2026-07-02,0,not_started,,not_started,,,,,,,,,off,,44,https://spiffler33.github.io/yeslyf-wireframes/admin_wireframes.html?run=3000&screen=M03&person=P01216,false
P01217,Gurpreet,Tiwari,9000070048,,Delhi,40 to 44,corporate_session,true,false,S2,free,,,Adviser 02,50 lakhs to 1 crore,1 to 5 crores,"Around 25%, meaningful amounts",Legacy,2026-06-27,2026-06-28,,,,,,,,2026-07-01,20,not_started,,not_started,,,,,,,,,off,,62,https://spiffler33.github.io/yeslyf-wireframes/admin_wireframes.html?run=3000&screen=M03&person=P01217,false
P01219,Keerthana,Krishnan,9000095440,,Bengaluru,30 to 34,community,true,false,S2,free,,,Adviser 05,25 to 50 lakhs,5 to 25 lakhs,"More than 40%, I live well below my means",Freedom,2026-07-06,2026-07-06,,,,,,,,2026-07-09,20,not_started,,not_started,,,,,,,,,off,,62,https://spiffler33.github.io/yeslyf-wireframes/admin_wireframes.html?run=3000&screen=M03&person=P01219,false
P01222,Chinmay,Patel,9000089893,,Pune,30 to 34,community,true,true,S2,free,,,Adviser 05,10 to 25 lakhs,5 to 25 lakhs,"More than 40%, I live well below my means",Generosity,2026-07-04,2026-07-04,,,,,,,,2026-07-05,20,not_started,,not_started,,,,,,,,,off,,62,https://spiffler33.github.io/yeslyf-wireframes/admin_wireframes.html?run=3000&screen=M03&person=P01222,false
P01223,Hardik,Sawant,9000084812,,Pune,30 to 34,community,true,false,S2,free,,,Adviser 05,10 to 25 lakhs,25 lakhs to 1 crore,"Around 25%, meaningful amounts",Legacy,2026-06-29,2026-06-29,,,,,,,,2026-07-02,20,not_started,,not_started,,,,,,,,,off,,62,https://spiffler33.github.io/yeslyf-wireframes/admin_wireframes.html?run=3000&screen=M03&person=P01223,false
P01224,Gayathri,Gowda,9000077961,gayathri.gowda.862@example.com,Hyderabad,35 to 39,web_reveal,true,true,S1,free,,,Adviser 04,,,,,2026-07-04,,,,,,,,,2026-07-04,0,not_started,,not_started,,,,,,,,,off,,12,https://spiffler33.github.io/yeslyf-wireframes/admin_wireframes.html?run=3000&screen=M03&person=P01224,false
P01228,Jay,Trivedi,9000038561,,Mumbai,25 to 29,community,true,false,S2,free,,,Adviser 05,10 to 25 lakhs,5 to 25 lakhs,"Around 25%, meaningful amounts",Security,2026-07-01,2026-07-01,,,,,,,,2026-07-04,20,not_started,,not_started,,,,,,,,,off,,62,https://spiffler33.github.io/yeslyf-wireframes/admin_wireframes.html?run=3000&screen=M03&person=P01228,false
P01229,Revathi,Kumar,9000051812,,Bengaluru,30 to 34,community,true,false,S2,free,,,Adviser 01,25 to 50 lakhs,25 lakhs to 1 crore,"Around 40%, some serious money",Security,2026-06-29,2026-06-29,,,,,,,,2026-07-03,20,not_started,,not_started,,,,,,,,,off,,62,https://spiffler33.github.io/yeslyf-wireframes/admin_wireframes.html?run=3000&screen=M03&person=P01229,false
P01230,Pranav,Verma,9000048019,pranav.verma.348@example.com,Gurugram,40 to 44,community,false,false,S9,diy,diy,active,Adviser 03,50 lakhs to 1 crore,Over 5 crores,"More than 40%, I live well below my means",Legacy,2026-06-29,2026-06-29,2026-07-20,2026-07-30,2026-07-30,2026-07-31,,2026-10-28,2026-10-18,2026-09-18,100,verified,cas_uploaded,read,executing,2,4,,yes,3,2026-09-18T11:54:17+05:30,rule,off,,100,https://spiffler33.github.io/yeslyf-wireframes/admin_wireframes.html?run=3000&screen=M03&person=P01230,false
P01231,Harini,Balakrishnan,9000055536,,Hyderabad,35 to 39,organic,true,false,S1,free,,,Adviser 04,,,,,2026-07-01,,,,,,,,,2026-07-02,0,not_started,,not_started,,,,,,,,,off,,25,https://spiffler33.github.io/yeslyf-wireframes/admin_wireframes.html?run=3000&screen=M03&person=P01231,false
P01232,Meenakshi,Murthy,9000087012,,Bengaluru,40 to 44,community,true,false,S1,free,,,Adviser 02,,,,,2026-07-03,,,,,,,,,2026-07-04,0,not_started,,not_started,,,,,,,,,off,,19,https://spiffler33.github.io/yeslyf-wireframes/admin_wireframes.html?run=3000&screen=M03&person=P01232,false
P01233,Ankit,Gupta,9000043511,ankit.gupta.423@example.com,Delhi,25 to 29,community,true,false,S11,diy,diy,active,Adviser 05,10 to 25 lakhs,5 to 25 lakhs,"Around 25%, meaningful amounts",Security,2026-06-29,2026-06-29,2026-07-01,2026-07-10,2026-07-10,2026-07-10,,2026-10-08,2026-09-29,2026-09-22,100,verified,connected,read,ready,0,5,2026-09-29,yes,0,2026-07-10T21:54:05+05:30,,off,,100,https://spiffler33.github.io/yeslyf-wireframes/admin_wireframes.html?run=3000&screen=M03&person=P01233,false
P01236,Shalini,Menon,9000081049,,Bengaluru,30 to 34,corporate_session,true,false,S2,free,,,Adviser 02,10 to 25 lakhs,5 to 25 lakhs,"Around 40%, some serious money",Freedom,2026-06-30,2026-07-01,,,,,,,,2026-07-04,20,not_started,,not_started,,,,,,,,,off,,62,https://spiffler33.github.io/yeslyf-wireframes/admin_wireframes.html?run=3000&screen=M03&person=P01236,false
P01237,Suresh,Murthy,9000075030,,Ahmedabad,30 to 34,corporate_session,true,false,S2,free,,,Adviser 06,25 to 50 lakhs,25 lakhs to 1 crore,"Around 10%, small consistent chunks",Generosity,2026-06-29,2026-06-29,,,,,,,,2026-07-02,20,not_started,,not_started,,,,,,,,,off,,62,https://spiffler33.github.io/yeslyf-wireframes/admin_wireframes.html?run=3000&screen=M03&person=P01237,false
P01238,Aman,Pandey,9000012317,aman.pandey.384@example.com,Delhi,35 to 39,community,true,false,S11,diy,diy,active,Adviser 06,25 to 50 lakhs,25 lakhs to 1 crore,"Around 25%, meaningful amounts",Family,2026-06-28,2026-06-28,2026-07-01,2026-07-15,2026-07-15,2026-07-15,,2026-10-13,2026-09-29,2026-09-15,100,verified,connected,read,ready,0,3,2026-09-29,yes,0,2026-07-15T15:22:01+05:30,,off,,100,https://spiffler33.github.io/yeslyf-wireframes/admin_wireframes.html?run=3000&screen=M03&person=P01238,false
P01239,Riddhi,Dave,9000012744,,Mumbai,30 to 34,corporate_session,true,false,S2,free,,,Adviser 02,25 to 50 lakhs,25 lakhs to 1 crore,"More than 40%, I live well below my means",Legacy,2026-06-29,2026-06-29,,,,,,,,2026-07-02,20,not_started,,not_started,,,,,,,,,off,,62,https://spiffler33.github.io/yeslyf-wireframes/admin_wireframes.html?run=3000&screen=M03&person=P01239,false
P01240,Sai,Rajan,9000072299,,Hyderabad,25 to 29,organic,true,false,S1,free,,,Adviser 06,10 to 25 lakhs,25 lakhs to 1 crore,,,2026-06-29,,,,,,,,,2026-06-30,0,not_started,,not_started,,,,,,,,,off,,38,https://spiffler33.github.io/yeslyf-wireframes/admin_wireframes.html?run=3000&screen=M03&person=P01240,false
P01241,Foram,Bhosale,9000061591,,Mumbai,25 to 29,community,true,false,S2,free,,,Adviser 01,25 to 50 lakhs,5 to 25 lakhs,"More than 40%, I live well below my means",Freedom,2026-07-03,2026-07-03,,,,,,,,2026-07-07,20,not_started,,not_started,,,,,,,,,off,,62,https://spiffler33.github.io/yeslyf-wireframes/admin_wireframes.html?run=3000&screen=M03&person=P01241,false
P01242,Prachi,Pawar,9000089257,,Ahmedabad,30 to 34,community,true,false,S2,free,,,Adviser 04,10 to 25 lakhs,5 to 25 lakhs,"More than 40%, I live well below my means",Freedom,2026-06-30,2026-07-01,,,,,,,,2026-07-04,20,not_started,,not_started,,,,,,,,,off,,62,https://spiffler33.github.io/yeslyf-wireframes/admin_wireframes.html?run=3000&screen=M03&person=P01242,false
P01243,Prachi,Patel,9000028582,,Ahmedabad,30 to 34,organic,true,false,S2,free,,,Adviser 01,10 to 25 lakhs,5 to 25 lakhs,"More than 40%, I live well below my means",Security,2026-06-29,2026-06-29,,,,,,,,2026-07-02,20,not_started,,not_started,,,,,,,,,off,,62,https://spiffler33.github.io/yeslyf-wireframes/admin_wireframes.html?run=3000&screen=M03&person=P01243,false
P01244,Sameer,Jadhav,9000023694,,Mumbai,25 to 29,organic,true,false,S2,free,,,Adviser 04,Under 10 lakhs,Under 5 lakhs,"Around 40%, some serious money",Freedom,2026-07-02,2026-07-02,,,,,,,,2026-07-05,20,not_started,,not_started,,,,,,,,,off,,62,https://spiffler33.github.io/yeslyf-wireframes/admin_wireframes.html?run=3000&screen=M03&person=P01244,false
P01246,Tarun,Verma,9000080036,,Delhi,35 to 39,corporate_session,false,false,S2,free,,,Adviser 04,50 lakhs to 1 crore,1 to 5 crores,"More than 40%, I live well below my means",Legacy,2026-06-29,2026-06-30,,,,,,,,2026-07-01,20,not_started,,not_started,,,,,,,,,off,,62,https://spiffler33.github.io/yeslyf-wireframes/admin_wireframes.html?run=3000&screen=M03&person=P01246,false
P01249,Chaitanya,Iyengar,9000060996,chaitanya.iyengar.438@example.com,Bengaluru,25 to 29,community,true,false,S19,diy,diy,active,Adviser 06,10 to 25 lakhs,5 to 25 lakhs,"Around 25%, meaningful amounts",Legacy,2026-07-01,2026-07-01,2026-07-08,,,,,,2026-10-06,2026-09-22,91,verified,cas_uploaded,in_progress,not_started,,,,no,0,2026-07-10T07:47:11+05:30,,off,,98,https://spiffler33.github.io/yeslyf-wireframes/admin_wireframes.html?run=3000&screen=M03&person=P01249,false
P01252,Hetal,Thakkar,9000096443,,Pune,30 to 34,corporate_session,false,true,S2,free,,,Adviser 02,25 to 50 lakhs,25 lakhs to 1 crore,"More than 40%, I live well below my means",Security,2026-06-29,2026-06-30,,,,,,,,2026-07-01,20,not_started,,not_started,,,,,,,,,off,,62,https://spiffler33.github.io/yeslyf-wireframes/admin_wireframes.html?run=3000&screen=M03&person=P01252,false
P01255,Jay,Pandya,9000076251,jay.pandya.697@example.com,Mumbai,40 to 44,web_reveal,true,false,S1,free,,,Adviser 02,Under 10 lakhs,,,,2026-06-30,,,,,,,,,2026-07-01,0,not_started,,not_started,,,,,,,,,off,,31,https://spiffler33.github.io/yeslyf-wireframes/admin_wireframes.html?run=3000&screen=M03&person=P01255,false
P01257,Riddhi,Joshi,9000006858,,Mumbai,25 to 29,community,false,false,S2,free,,,Adviser 03,25 to 50 lakhs,5 to 25 lakhs,"More than 40%, I live well below my means",Security,2026-07-04,2026-07-04,,,,,,,,2026-07-05,20,not_started,,not_started,,,,,,,,,off,,62,https://spiffler33.github.io/yeslyf-wireframes/admin_wireframes.html?run=3000&screen=M03&person=P01257,false
P01258,Naina,Agarwal,9000007818,,Chandigarh,25 to 29,organic,true,false,S2,free,,,Adviser 01,10 to 25 lakhs,5 to 25 lakhs,"More than 40%, I live well below my means",Family,2026-06-30,2026-07-01,,,,,,,,2026-07-04,20,not_started,,not_started,,,,,,,,,off,,62,https://spiffler33.github.io/yeslyf-wireframes/admin_wireframes.html?run=3000&screen=M03&person=P01258,false
P01259,Srinivas,Naidu,9000088568,,Bengaluru,25 to 29,corporate_session,true,true,S2,free,,,Adviser 03,10 to 25 lakhs,5 to 25 lakhs,"Around 25%, meaningful amounts",Freedom,2026-06-30,2026-06-30,,,,,,,,2026-07-02,20,not_started,,not_started,,,,,,,,,off,,62,https://spiffler33.github.io/yeslyf-wireframes/admin_wireframes.html?run=3000&screen=M03&person=P01259,false
P01262,Divakar,Subramanian,9000047439,divakar.subramanian.253@example.com,Bengaluru,25 to 29,community,true,false,S2,free,,,Adviser 03,Under 10 lakhs,5 to 25 lakhs,"Around 25%, meaningful amounts",Freedom,2026-07-01,2026-07-01,,,,,,,,2026-09-22,20,not_started,,not_started,,,,,,,,,off,,62,https://spiffler33.github.io/yeslyf-wireframes/admin_wireframes.html?run=3000&screen=M03&person=P01262,false
P01263,Sandeep,Pillai,9000068843,,Chennai,35 to 39,community,true,false,S1,free,,,Adviser 06,25 to 50 lakhs,25 lakhs to 1 crore,"More than 40%, I live well below my means",,2026-07-01,,,,,,,,,2026-07-03,0,not_started,,not_started,,,,,,,,,off,,44,https://spiffler33.github.io/yeslyf-wireframes/admin_wireframes.html?run=3000&screen=M03&person=P01263,false
P01264,Naina,Singh,9000060755,,Delhi,40 to 44,community,true,false,S2,free,,,Adviser 06,50 lakhs to 1 crore,25 lakhs to 1 crore,"More than 40%, I live well below my means",Legacy,2026-06-30,2026-06-30,,,,,,,,2026-07-03,20,not_started,,not_started,,,,,,,,,off,,62,https://spiffler33.github.io/yeslyf-wireframes/admin_wireframes.html?run=3000&screen=M03&person=P01264,false
P01266,Ayesha,Mishra,9000068579,ayesha.mishra.831@example.com,Delhi,35 to 39,web_reveal,true,true,S1,free,,,Adviser 02,,,,,2026-07-01,,,,,,,,,2026-07-01,0,not_started,,not_started,,,,,,,,,off,,19,https://spiffler33.github.io/yeslyf-wireframes/admin_wireframes.html?run=3000&screen=M03&person=P01266,false
P01268,Deepak,Singh,9000001836,,Jaipur,30 to 34,organic,true,false,S1,free,,,Adviser 06,,,,,2026-06-30,,,,,,,,,2026-07-02,0,not_started,,not_started,,,,,,,,,off,,25,https://spiffler33.github.io/yeslyf-wireframes/admin_wireframes.html?run=3000&screen=M03&person=P01268,false
P01270,Rohan,Agarwal,9000081592,rohan.agarwal.786@example.com,Gurugram,30 to 34,web_reveal,true,false,S2,free,,,Adviser 05,10 to 25 lakhs,5 to 25 lakhs,"Around 25%, meaningful amounts",Freedom,2026-07-01,2026-07-01,,,,,,,,2026-09-21,20,not_started,,not_started,,,,,,,,,off,,62,https://spiffler33.github.io/yeslyf-wireframes/admin_wireframes.html?run=3000&screen=M03&person=P01270,false
P01276,Swathi,Naidu,9000027931,swathi.naidu.773@example.com,Kochi,30 to 34,web_reveal,false,false,S2,free,,,Adviser 05,10 to 25 lakhs,5 to 25 lakhs,"Around 40%, some serious money",Freedom,2026-06-30,2026-07-01,,,,,,,,2026-09-21,20,not_started,,not_started,,,,,,,,,off,,62,https://spiffler33.github.io/yeslyf-wireframes/admin_wireframes.html?run=3000&screen=M03&person=P01276,false
P01277,Hardik,Bhosale,9000004031,,Chennai,35 to 39,community,true,false,S1,free,,,Adviser 04,10 to 25 lakhs,25 lakhs to 1 crore,"More than 40%, I live well below my means",,2026-06-30,,,,,,,,,2026-07-02,0,not_started,,not_started,,,,,,,,,off,,50,https://spiffler33.github.io/yeslyf-wireframes/admin_wireframes.html?run=3000&screen=M03&person=P01277,false
P01279,Vishnu,Raman,9000025862,,Bengaluru,35 to 39,community,false,false,S1,free,,,Adviser 06,10 to 25 lakhs,25 lakhs to 1 crore,,,2026-07-07,,,,,,,,,2026-07-07,0,not_started,,not_started,,,,,,,,,off,,38,https://spiffler33.github.io/yeslyf-wireframes/admin_wireframes.html?run=3000&screen=M03&person=P01279,false
P01280,Bhavin,Joshi,9000053023,,Ahmedabad,30 to 34,corporate_session,true,false,S2,free,,,Adviser 01,10 to 25 lakhs,25 lakhs to 1 crore,"More than 40%, I live well below my means",Generosity,2026-07-01,2026-07-01,,,,,,,,2026-07-05,20,not_started,,not_started,,,,,,,,,off,,62,https://spiffler33.github.io/yeslyf-wireframes/admin_wireframes.html?run=3000&screen=M03&person=P01280,false
P01283,Nitin,Chauhan,9000082798,nitin.chauhan.150@example.com,Gurugram,25 to 29,web_reveal,true,false,S2,free,,,Adviser 04,10 to 25 lakhs,5 to 25 lakhs,"Around 40%, some serious money",Family,2026-07-03,2026-07-04,,,,,,,,2026-07-25,20,not_started,,not_started,,,,,,,,,off,,62,https://spiffler33.github.io/yeslyf-wireframes/admin_wireframes.html?run=3000&screen=M03&person=P01283,false
P01284,Mehak,Rathore,9000088230,,Bengaluru,25 to 29,community,true,false,S1,free,,,Adviser 05,,,,,2026-07-07,,,,,,,,,2026-07-08,0,not_started,,not_started,,,,,,,,,off,,12,https://spiffler33.github.io/yeslyf-wireframes/admin_wireframes.html?run=3000&screen=M03&person=P01284,false
P01286,Aakash,Gill,9000078205,aakash.gill.532@example.com,Gurugram,30 to 34,community,true,false,S2,free,,,Adviser 02,25 to 50 lakhs,25 lakhs to 1 crore,"More than 40%, I live well below my means",Generosity,2026-07-05,2026-07-06,,,,,,,,2026-07-28,20,not_started,,not_started,,,,,,,,,off,,62,https://spiffler33.github.io/yeslyf-wireframes/admin_wireframes.html?run=3000&screen=M03&person=P01286,false
P01289,Shalini,Pai,9000010316,,Hyderabad,40 to 44,community,true,true,S1,free,,,Adviser 05,25 to 50 lakhs,25 lakhs to 1 crore,"More than 40%, I live well below my means",,2026-07-02,,,,,,,,,2026-07-02,0,not_started,,not_started,,,,,,,,,off,,44,https://spiffler33.github.io/yeslyf-wireframes/admin_wireframes.html?run=3000&screen=M03&person=P01289,false
P01291,Rohit,Shah,9000060298,,Pune,30 to 34,community,true,false,S1,free,,,Adviser 03,10 to 25 lakhs,5 to 25 lakhs,"More than 40%, I live well below my means",,2026-07-02,,,,,,,,,2026-07-03,0,not_started,,not_started,,,,,,,,,off,,44,https://spiffler33.github.io/yeslyf-wireframes/admin_wireframes.html?run=3000&screen=M03&person=P01291,false
P01294,Jigar,Jain,9000083342,,Pune,30 to 34,community,true,false,S2,free,,,Adviser 06,25 to 50 lakhs,1 to 5 crores,"Around 40%, some serious money",Freedom,2026-07-06,2026-07-06,,,,,,,,2026-07-09,20,not_started,,not_started,,,,,,,,,off,,62,https://spiffler33.github.io/yeslyf-wireframes/admin_wireframes.html?run=3000&screen=M03&person=P01294,false
P01298,Nidhi,Gokhale,9000097274,,Pune,30 to 34,community,false,false,S2,free,,,Adviser 03,10 to 25 lakhs,Under 5 lakhs,"Around 25%, meaningful amounts",Freedom,2026-07-06,2026-07-06,,,,,,,,2026-07-07,20,not_started,,not_started,,,,,,,,,off,,62,https://spiffler33.github.io/yeslyf-wireframes/admin_wireframes.html?run=3000&screen=M03&person=P01298,false
P01300,Sandeep,Iyer,9000004664,,Hyderabad,25 to 29,corporate_session,true,false,S1,free,,,Adviser 06,10 to 25 lakhs,5 to 25 lakhs,"Around 40%, some serious money",,2026-07-03,,,,,,,,,2026-07-04,0,not_started,,not_started,,,,,,,,,off,,44,https://spiffler33.github.io/yeslyf-wireframes/admin_wireframes.html?run=3000&screen=M03&person=P01300,false
P01301,Gayathri,Balakrishnan,9000029535,gayathri.balakrishnan.668@example.com,Bengaluru,under 25,web_reveal,true,false,S2,free,,,Adviser 01,10 to 25 lakhs,Under 5 lakhs,"Around 40%, some serious money",Freedom,2026-07-05,2026-07-06,,,,,,,,2026-07-27,20,not_started,,not_started,,,,,,,,,off,,62,https://spiffler33.github.io/yeslyf-wireframes/admin_wireframes.html?run=3000&screen=M03&person=P01301,false
P01303,Sowmya,Prasad,9000086841,,Chennai,35 to 39,community,true,false,S2,free,,,Adviser 03,25 to 50 lakhs,25 lakhs to 1 crore,"Around 25%, meaningful amounts",Security,2026-07-05,2026-07-06,,,,,,,,2026-07-09,20,not_started,,not_started,,,,,,,,,off,,62,https://spiffler33.github.io/yeslyf-wireframes/admin_wireframes.html?run=3000&screen=M03&person=P01303,false
P01306,Srinivas,Reddy,9000029887,,Hyderabad,35 to 39,organic,true,false,S1,free,,,Adviser 06,25 to 50 lakhs,25 lakhs to 1 crore,"More than 40%, I live well below my means",,2026-07-02,,,,,,,,,2026-07-04,0,not_started,,not_started,,,,,,,,,off,,44,https://spiffler33.github.io/yeslyf-wireframes/admin_wireframes.html?run=3000&screen=M03&person=P01306,false
P01310,Venkat,Prasad,9000098689,,Bengaluru,25 to 29,organic,false,false,S2,free,,,Adviser 02,10 to 25 lakhs,5 to 25 lakhs,"Around 25%, meaningful amounts",Freedom,2026-07-05,2026-07-06,,,,,,,,2026-07-07,20,not_started,,not_started,,,,,,,,,off,,62,https://spiffler33.github.io/yeslyf-wireframes/admin_wireframes.html?run=3000&screen=M03&person=P01310,false
P01314,Tarun,Kohli,9000012152,tarun.kohli.230@example.com,Gurugram,30 to 34,community,true,false,S2b,free,,,Adviser 02,50 lakhs to 1 crore,1 to 5 crores,"Around 40%, some serious money",Family,2026-07-06,2026-07-06,,,,,,,,2026-07-27,20,verified,,not_started,,,,,,,,,off,,88,https://spiffler33.github.io/yeslyf-wireframes/admin_wireframes.html?run=3000&screen=M03&person=P01314,false
P01317,Pavithra,Naidu,9000003858,,Bengaluru,25 to 29,community,false,false,S1,free,,,Adviser 03,,,,,2026-07-05,,,,,,,,,2026-07-05,0,not_started,,not_started,,,,,,,,,off,,19,https://spiffler33.github.io/yeslyf-wireframes/admin_wireframes.html?run=3000&screen=M03&person=P01317,false
P01319,Sourav,Ghosh,9000066323,,Hyderabad,40 to 44,community,true,false,S1,free,,,Adviser 05,25 to 50 lakhs,,,,2026-07-03,,,,,,,,,2026-07-05,0,not_started,,not_started,,,,,,,,,off,,31,https://spiffler33.github.io/yeslyf-wireframes/admin_wireframes.html?run=3000&screen=M03&person=P01319,false
P01320,Ishita,Pandey,9000032059,ishita.pandey.397@example.com,Gurugram,30 to 34,corporate_session,true,false,S9,diwm,diwm,active,Adviser 04,25 to 50 lakhs,25 lakhs to 1 crore,"More than 40%, I live well below my means",Generosity,2026-07-06,2026-07-06,2026-07-06,2026-07-15,2026-07-15,2026-07-16,2026-08-04,2026-10-13,2026-10-04,2026-09-21,100,verified,not_connected,read,executing,2,5,,yes,3,2026-09-21T00:41:14+05:30,,off,Adviser 05,100,https://spiffler33.github.io/yeslyf-wireframes/admin_wireframes.html?run=3000&screen=M03&person=P01320,false
P01321,Manish,Chopra,9000019670,manish.chopra.680@example.com,Pune,30 to 34,community,true,false,S2,free,,,Adviser 06,25 to 50 lakhs,25 lakhs to 1 crore,"More than 40%, I live well below my means",Security,2026-07-12,2026-07-12,,,,,,,,2026-08-02,20,not_started,,not_started,,,,,,,,,off,,62,https://spiffler33.github.io/yeslyf-wireframes/admin_wireframes.html?run=3000&screen=M03&person=P01321,false
P01322,Pooja,Chauhan,9000019160,,Gurugram,30 to 34,organic,true,false,S2,free,,,Adviser 05,25 to 50 lakhs,25 lakhs to 1 crore,"More than 40%, I live well below my means",Family,2026-07-06,2026-07-06,,,,,,,,2026-07-09,20,not_started,,not_started,,,,,,,,,off,,62,https://spiffler33.github.io/yeslyf-wireframes/admin_wireframes.html?run=3000&screen=M03&person=P01322,false
P01324,Jay,Deshmukh,9000054069,,Pune,30 to 34,corporate_session,false,false,S2,free,,,Adviser 02,10 to 25 lakhs,Under 5 lakhs,"Around 25%, meaningful amounts",Freedom,2026-07-04,2026-07-04,,,,,,,,2026-07-06,20,not_started,,not_started,,,,,,,,,off,,62,https://spiffler33.github.io/yeslyf-wireframes/admin_wireframes.html?run=3000&screen=M03&person=P01324,false
P01328,Gurpreet,Khanna,9000058348,,Gurugram,35 to 39,corporate_session,true,false,S1,free,,,Adviser 01,25 to 50 lakhs,25 lakhs to 1 crore,,,2026-07-03,,,,,,,,,2026-07-05,0,not_started,,not_started,,,,,,,,,off,,38,https://spiffler33.github.io/yeslyf-wireframes/admin_wireframes.html?run=3000&screen=M03&person=P01328,false
P01330,Amruta,Kulkarni,9000091240,amruta.kulkarni.371@example.com,Ahmedabad,25 to 29,community,true,false,S9,diwm,diwm,active,Adviser 01,25 to 50 lakhs,5 to 25 lakhs,"More than 40%, I live well below my means",Freedom,2026-07-04,2026-07-04,2026-07-04,2026-07-18,2026-07-18,2026-07-18,2026-07-11,2026-10-16,2026-10-02,2026-09-20,100,verified (address typed),not_connected,read,executing,2,7,,yes,1,2026-09-18T22:31:38+05:30,,off,Adviser 04,100,https://spiffler33.github.io/yeslyf-wireframes/admin_wireframes.html?run=3000&screen=M03&person=P01330,false
P01334,Ganesh,Varma,9000071546,,Hyderabad,35 to 39,organic,true,false,S2,free,,,Adviser 06,50 lakhs to 1 crore,25 lakhs to 1 crore,"Around 40%, some serious money",Family,2026-07-07,2026-07-07,,,,,,,,2026-07-11,20,not_started,,not_started,,,,,,,,,off,,62,https://spiffler33.github.io/yeslyf-wireframes/admin_wireframes.html?run=3000&screen=M03&person=P01334,false
P01335,Tarun,Mehra,9000073444,tarun.mehra.412@example.com,Jaipur,30 to 34,corporate_session,false,false,S10,diwm,diwm,active,Adviser 06,10 to 25 lakhs,5 to 25 lakhs,"More than 40%, I live well below my means",Freedom,2026-07-04,2026-07-04,2026-07-05,2026-07-10,2026-07-10,2026-07-14,2026-08-04,2026-10-08,2026-10-03,2026-09-20,100,verified,connected,read,done,4,4,2026-10-03,yes,1,2026-08-07T01:55:23+05:30,,off,Adviser 05,100,https://spiffler33.github.io/yeslyf-wireframes/admin_wireframes.html?run=3000&screen=M03&person=P01335,false
P01336,Nishant,Vora,9000086290,nishant.vora.727@example.com,Pune,30 to 34,community,true,false,S1,free,,,Adviser 04,10 to 25 lakhs,1 to 5 crores,,,2026-07-05,,,,,,,,,2026-07-06,0,not_started,,not_started,,,,,,,,,off,,38,https://spiffler33.github.io/yeslyf-wireframes/admin_wireframes.html?run=3000&screen=M03&person=P01336,false
P01337,Swathi,Murthy,9000079487,,Bengaluru,25 to 29,corporate_session,true,false,S1,free,,,Adviser 06,10 to 25 lakhs,Under 5 lakhs,,,2026-07-05,,,,,,,,,2026-07-06,0,not_started,,not_started,,,,,,,,,off,,38,https://spiffler33.github.io/yeslyf-wireframes/admin_wireframes.html?run=3000&screen=M03&person=P01337,false
P01338,Priya,Tiwari,9000013460,priya.tiwari.149@example.com,Gurugram,30 to 34,community,true,false,S2,free,,,Adviser 04,10 to 25 lakhs,Under 5 lakhs,"Around 40%, some serious money",Freedom,2026-07-07,2026-07-07,,,,,,,,2026-07-28,20,not_started,,not_started,,,,,,,,,off,,62,https://spiffler33.github.io/yeslyf-wireframes/admin_wireframes.html?run=3000&screen=M03&person=P01338,false
P01340,Nirav,Kamat,9000026743,nirav.kamat.472@example.com,Pune,25 to 29,community,true,false,S2,free,,,Adviser 02,10 to 25 lakhs,5 to 25 lakhs,"Around 40%, some serious money",Freedom,2026-07-04,2026-07-04,,,,,,,,2026-07-25,20,not_started,,not_started,,,,,,,,,off,,62,https://spiffler33.github.io/yeslyf-wireframes/admin_wireframes.html?run=3000&screen=M03&person=P01340,false
P01344,Amruta,Vora,9000014308,,Ahmedabad,30 to 34,organic,true,true,S1,free,,,Adviser 03,10 to 25 lakhs,5 to 25 lakhs,,,2026-07-06,,,,,,,,,2026-07-07,0,not_started,,not_started,,,,,,,,,off,,38,https://spiffler33.github.io/yeslyf-wireframes/admin_wireframes.html?run=3000&screen=M03&person=P01344,false
P01345,Jigar,Deshmukh,9000081096,jigar.deshmukh.427@example.com,Kolkata,35 to 39,community,true,false,S18,diwm,diwm,active,Adviser 03,50 lakhs to 1 crore,1 to 5 crores,"More than 40%, I live well below my means",Legacy,2026-07-07,2026-07-07,2026-07-07,,2026-07-23,2026-07-24,,2026-10-21,2026-10-05,2026-09-16,100,verified,partial,read,ready,0,4,2026-10-05,yes,0,2026-07-16T08:00:48+05:30,rule,off,,100,https://spiffler33.github.io/yeslyf-wireframes/admin_wireframes.html?run=3000&screen=M03&person=P01345,false
P01348,Ayesha,Chopra,9000078853,ayesha.chopra.491@example.com,Delhi,35 to 39,community,true,false,S2,free,,,Adviser 02,Over 1 crore,1 to 5 crores,"More than 40%, I live well below my means",Legacy,2026-07-07,2026-07-07,,,,,,,,2026-07-29,20,not_started,,not_started,,,,,,,,,off,,62,https://spiffler33.github.io/yeslyf-wireframes/admin_wireframes.html?run=3000&screen=M03&person=P01348,false
P01353,Ramya,Murthy,9000097740,,Bengaluru,25 to 29,community,true,false,S2,free,,,Adviser 05,Under 10 lakhs,25 lakhs to 1 crore,"More than 40%, I live well below my means",Family,2026-07-05,2026-07-05,,,,,,,,2026-07-08,20,not_started,,not_started,,,,,,,,,off,,62,https://spiffler33.github.io/yeslyf-wireframes/admin_wireframes.html?run=3000&screen=M03&person=P01353,false
P01355,Sandeep,Rajan,9000053156,,Bengaluru,25 to 29,corporate_session,false,false,S2,free,,,Adviser 03,10 to 25 lakhs,5 to 25 lakhs,"Around 40%, some serious money",Security,2026-07-04,2026-07-05,,,,,,,,2026-07-06,20,not_started,,not_started,,,,,,,,,off,,62,https://spiffler33.github.io/yeslyf-wireframes/admin_wireframes.html?run=3000&screen=M03&person=P01355,false
P01358,Nidhi,Pandya,9000011260,,Pune,30 to 34,organic,false,false,S2,free,,,Adviser 02,10 to 25 lakhs,5 to 25 lakhs,"More than 40%, I live well below my means",Generosity,2026-07-09,2026-07-09,,,,,,,,2026-07-11,20,not_started,,not_started,,,,,,,,,off,,62,https://spiffler33.github.io/yeslyf-wireframes/admin_wireframes.html?run=3000&screen=M03&person=P01358,false
P01360,Priya,Verma,9000046064,,Gurugram,30 to 34,corporate_session,false,false,S2,free,,,Adviser 04,10 to 25 lakhs,5 to 25 lakhs,"More than 40%, I live well below my means",Generosity,2026-07-05,2026-07-06,,,,,,,,2026-07-07,20,not_started,,not_started,,,,,,,,,off,,62,https://spiffler33.github.io/yeslyf-wireframes/admin_wireframes.html?run=3000&screen=M03&person=P01360,false
P01361,Omkar,Deshmukh,9000013825,,Pune,30 to 34,community,true,false,S2,free,,,Adviser 06,10 to 25 lakhs,5 to 25 lakhs,"Around 40%, some serious money",Freedom,2026-07-09,2026-07-10,,,,,,,,2026-07-13,20,not_started,,not_started,,,,,,,,,off,,62,https://spiffler33.github.io/yeslyf-wireframes/admin_wireframes.html?run=3000&screen=M03&person=P01361,false
P01362,Nandini,Srinivasan,9000043925,nandini.srinivasan.126@example.com,Chennai,35 to 39,web_reveal,false,false,S1,free,,,Adviser 01,50 lakhs to 1 crore,,,,2026-07-05,,,,,,,,,2026-07-06,0,not_started,,not_started,,,,,,,,,off,,31,https://spiffler33.github.io/yeslyf-wireframes/admin_wireframes.html?run=3000&screen=M03&person=P01362,false
P01363,Ruchi,Malhotra,9000023136,ruchi.malhotra.173@example.com,Gurugram,30 to 34,web_reveal,true,false,S2,free,,,Adviser 06,25 to 50 lakhs,25 lakhs to 1 crore,"More than 40%, I live well below my means",Security,2026-07-08,2026-07-08,,,,,,,,2026-07-29,20,not_started,,not_started,,,,,,,,,off,,62,https://spiffler33.github.io/yeslyf-wireframes/admin_wireframes.html?run=3000&screen=M03&person=P01363,false
P01364,Nitin,Gill,9000080794,nitin.gill.255@example.com,Delhi,45 and over,organic,true,true,S2c,free,,,Adviser 04,50 lakhs to 1 crore,1 to 5 crores,"More than 40%, I live well below my means",Legacy,2026-07-05,2026-07-06,,,,,,,,2026-07-27,20,verified,,not_started,,,,,,,,,off,,94,https://spiffler33.github.io/yeslyf-wireframes/admin_wireframes.html?run=3000&screen=M03&person=P01364,false
P01367,Rutuja,Jain,9000055003,rutuja.jain.428@example.com,Gurugram,30 to 34,web_reveal,true,false,S18,diwm,diwm,active,Adviser 04,25 to 50 lakhs,25 lakhs to 1 crore,"More than 40%, I live well below my means",Security,2026-07-05,2026-07-05,2026-07-12,,2026-08-02,2026-08-05,,2026-10-31,2026-10-10,2026-09-22,100,verified,cas_uploaded,read,ready,0,4,,yes,0,2026-07-26T12:04:10+05:30,,off,,98,https://spiffler33.github.io/yeslyf-wireframes/admin_wireframes.html?run=3000&screen=M03&person=P01367,false
P01368,Venkat,Hegde,9000029020,,Chennai,35 to 39,organic,false,false,S2,free,,,Adviser 06,10 to 25 lakhs,25 lakhs to 1 crore,"Around 25%, meaningful amounts",Security,2026-07-10,2026-07-10,,,,,,,,2026-07-11,20,not_started,,not_started,,,,,,,,,off,,62,https://spiffler33.github.io/yeslyf-wireframes/admin_wireframes.html?run=3000&screen=M03&person=P01368,false
P01369,Srinivas,Gowda,9000053891,,Hyderabad,35 to 39,corporate_session,true,false,S2,free,,,Adviser 01,25 to 50 lakhs,25 lakhs to 1 crore,"More than 40%, I live well below my means",Generosity,2026-07-06,2026-07-06,,,,,,,,2026-07-09,20,not_started,,not_started,,,,,,,,,off,,62,https://spiffler33.github.io/yeslyf-wireframes/admin_wireframes.html?run=3000&screen=M03&person=P01369,false
P01370,Aakash,Kohli,9000080338,,Noida,35 to 39,corporate_session,true,false,S1,free,,,Adviser 04,10 to 25 lakhs,25 lakhs to 1 crore,,,2026-07-16,,,,,,,,,2026-07-17,0,not_started,,not_started,,,,,,,,,off,,38,https://spiffler33.github.io/yeslyf-wireframes/admin_wireframes.html?run=3000&screen=M03&person=P01370,false
P01374,Pranali,Chitale,9000074094,pranali.chitale.425@example.com,Pune,30 to 34,community,true,false,S18,diwm,diwm,active,Adviser 01,Under 10 lakhs,25 lakhs to 1 crore,"Around 40%, some serious money",Freedom,2026-07-09,2026-07-09,2026-07-10,,2026-07-25,2026-07-26,2026-07-17,2026-10-23,2026-10-08,2026-09-20,100,verified,cas_uploaded,read,ready,0,3,,yes,0,2026-07-18T22:21:37+05:30,,off,Adviser 01,100,https://spiffler33.github.io/yeslyf-wireframes/admin_wireframes.html?run=3000&screen=M03&person=P01374,false
P01375,Nishant,Pandya,9000057175,,Mumbai,25 to 29,community,false,false,S1,free,,,Adviser 05,,,,,2026-07-07,,,,,,,,,2026-07-07,0,not_started,,not_started,,,,,,,,,off,,19,https://spiffler33.github.io/yeslyf-wireframes/admin_wireframes.html?run=3000&screen=M03&person=P01375,false
P01377,Ruchi,Chauhan,9000037472,,Noida,30 to 34,corporate_session,true,false,S2,free,,,Adviser 01,25 to 50 lakhs,25 lakhs to 1 crore,"More than 40%, I live well below my means",Freedom,2026-07-08,2026-07-08,,,,,,,,2026-07-11,20,not_started,,not_started,,,,,,,,,off,,62,https://spiffler33.github.io/yeslyf-wireframes/admin_wireframes.html?run=3000&screen=M03&person=P01377,false
P01378,Arjun,Chauhan,9000098554,,Delhi,35 to 39,corporate_session,false,false,S2,free,,,Adviser 01,25 to 50 lakhs,25 lakhs to 1 crore,"More than 40%, I live well below my means",Generosity,2026-07-06,2026-07-07,,,,,,,,2026-07-08,20,not_started,,not_started,,,,,,,,,off,,62,https://spiffler33.github.io/yeslyf-wireframes/admin_wireframes.html?run=3000&screen=M03&person=P01378,false
P01379,Ritika,Sharma,9000020627,,Gurugram,30 to 34,community,true,false,S1,free,,,Adviser 02,25 to 50 lakhs,25 lakhs to 1 crore,"Around 40%, some serious money",,2026-07-06,,,,,,,,,2026-07-07,0,not_started,,not_started,,,,,,,,,off,,44,https://spiffler33.github.io/yeslyf-wireframes/admin_wireframes.html?run=3000&screen=M03&person=P01379,false
P01381,Nirav,Pawar,9000024161,nirav.pawar.699@example.com,Pune,30 to 34,web_reveal,true,false,S1,free,,,Adviser 06,,,,,2026-07-10,,,,,,,,,2026-07-12,0,not_started,,not_started,,,,,,,,,off,,19,https://spiffler33.github.io/yeslyf-wireframes/admin_wireframes.html?run=3000&screen=M03&person=P01381,false
P01383,Suresh,Srinivasan,9000019135,,Hyderabad,35 to 39,corporate_session,true,false,S1,free,,,Adviser 06,25 to 50 lakhs,,,,2026-07-06,,,,,,,,,2026-07-07,0,not_started,,not_started,,,,,,,,,off,,31,https://spiffler33.github.io/yeslyf-wireframes/admin_wireframes.html?run=3000&screen=M03&person=P01383,false
P01385,Venkat,Varma,9000081021,,Bengaluru,40 to 44,community,true,false,S2,free,,,Adviser 03,25 to 50 lakhs,25 lakhs to 1 crore,"More than 40%, I live well below my means",Security,2026-07-11,2026-07-11,,,,,,,,2026-07-15,20,not_started,,not_started,,,,,,,,,off,,62,https://spiffler33.github.io/yeslyf-wireframes/admin_wireframes.html?run=3000&screen=M03&person=P01385,false
P01387,Vishnu,Iyengar,9000084565,,Bengaluru,30 to 34,corporate_session,false,false,S2,free,,,Adviser 03,10 to 25 lakhs,5 to 25 lakhs,"Around 40%, some serious money",Legacy,2026-07-09,2026-07-09,,,,,,,,2026-07-11,20,not_started,,not_started,,,,,,,,,off,,62,https://spiffler33.github.io/yeslyf-wireframes/admin_wireframes.html?run=3000&screen=M03&person=P01387,false
P01391,Jasleen,Pandey,9000011357,jasleen.pandey.471@example.com,Delhi,35 to 39,web_reveal,true,false,S25,diy,diy,active,Adviser 02,50 lakhs to 1 crore,Over 5 crores,"More than 40%, I live well below my means",Legacy,2026-07-08,2026-07-08,2026-08-09,2026-08-14,2026-08-14,,,2026-11-12,2026-11-07,2026-09-20,100,verified,not_connected,built,ready,0,3,,yes,0,2026-08-14T07:26:40+05:30,rule,off,,98,https://spiffler33.github.io/yeslyf-wireframes/admin_wireframes.html?run=3000&screen=M03&person=P01391,false
P01394,Suresh,Pillai,9000087804,,Gurugram,35 to 39,corporate_session,true,false,S2,free,,,Adviser 03,25 to 50 lakhs,1 to 5 crores,"More than 40%, I live well below my means",Family,2026-07-08,2026-07-08,,,,,,,,2026-07-11,20,not_started,,not_started,,,,,,,,,off,,62,https://spiffler33.github.io/yeslyf-wireframes/admin_wireframes.html?run=3000&screen=M03&person=P01394,false
P01396,Amruta,Kamat,9000087178,,Mumbai,30 to 34,community,true,false,S2,free,,,Adviser 01,25 to 50 lakhs,1 to 5 crores,"More than 40%, I live well below my means",Security,2026-07-07,2026-07-08,,,,,,,,2026-07-11,20,not_started,,not_started,,,,,,,,,off,,62,https://spiffler33.github.io/yeslyf-wireframes/admin_wireframes.html?run=3000&screen=M03&person=P01396,false
P01397,Sahil,Saxena,9000019959,,Delhi,35 to 39,corporate_session,true,false,S2,free,,,Adviser 04,25 to 50 lakhs,25 lakhs to 1 crore,"More than 40%, I live well below my means",Freedom,2026-07-07,2026-07-07,,,,,,,,2026-07-11,20,not_started,,not_started,,,,,,,,,off,,62,https://spiffler33.github.io/yeslyf-wireframes/admin_wireframes.html?run=3000&screen=M03&person=P01397,false
P01398,Yogesh,Jain,9000093317,,Mumbai,30 to 34,community,true,false,S2,free,,,Adviser 01,25 to 50 lakhs,25 lakhs to 1 crore,"More than 40%, I live well below my means",Generosity,2026-07-07,2026-07-08,,,,,,,,2026-07-11,20,not_started,,not_started,,,,,,,,,off,,62,https://spiffler33.github.io/yeslyf-wireframes/admin_wireframes.html?run=3000&screen=M03&person=P01398,false
P01402,Ramya,Naidu,9000002554,,Bengaluru,30 to 34,community,true,false,S2,free,,,Adviser 02,10 to 25 lakhs,5 to 25 lakhs,"Around 25%, meaningful amounts",Freedom,2026-07-07,2026-07-08,,,,,,,,2026-07-11,20,not_started,,not_started,,,,,,,,,off,,62,https://spiffler33.github.io/yeslyf-wireframes/admin_wireframes.html?run=3000&screen=M03&person=P01402,false
P01404,Heena,Desai,9000099278,,Mumbai,30 to 34,corporate_session,true,false,S2,free,,,Adviser 04,25 to 50 lakhs,5 to 25 lakhs,"More than 40%, I live well below my means",Legacy,2026-07-08,2026-07-09,,,,,,,,2026-07-12,20,not_started,,not_started,,,,,,,,,off,,62,https://spiffler33.github.io/yeslyf-wireframes/admin_wireframes.html?run=3000&screen=M03&person=P01404,false
P01407,Simran,Malhotra,9000037617,simran.malhotra.960@example.com,Bengaluru,25 to 29,web_reveal,true,false,S2,free,,,Adviser 02,10 to 25 lakhs,5 to 25 lakhs,"Around 40%, some serious money",Family,2026-07-09,2026-07-09,,,,,,,,2026-07-30,20,not_started,,not_started,,,,,,,,,off,,62,https://spiffler33.github.io/yeslyf-wireframes/admin_wireframes.html?run=3000&screen=M03&person=P01407,false
P01408,Foram,Dave,9000057164,foram.dave.135@example.com,Pune,30 to 34,community,false,false,S1,free,,,Adviser 03,,,,,2026-07-12,,,,,,,,,2026-07-12,0,not_started,,not_started,,,,,,,,,off,,12,https://spiffler33.github.io/yeslyf-wireframes/admin_wireframes.html?run=3000&screen=M03&person=P01408,false
P01412,Nirav,Kulkarni,9000023444,,Pune,30 to 34,organic,true,false,S2,free,,,Adviser 04,10 to 25 lakhs,5 to 25 lakhs,"More than 40%, I live well below my means",Freedom,2026-07-08,2026-07-08,,,,,,,,2026-07-11,20,not_started,,not_started,,,,,,,,,off,,62,https://spiffler33.github.io/yeslyf-wireframes/admin_wireframes.html?run=3000&screen=M03&person=P01412,false
P01413,Nishant,Deshmukh,9000035218,nishant.deshmukh.349@example.com,Pune,30 to 34,community,true,false,S9,diy,diy,active,Adviser 03,10 to 25 lakhs,5 to 25 lakhs,"More than 40%, I live well below my means",Freedom,2026-07-08,2026-07-08,2026-07-15,2026-07-26,2026-07-26,2026-07-26,,2026-10-24,2026-10-13,2026-09-21,100,verified,not_connected,read,executing,1,7,,yes,0,2026-07-26T07:05:11+05:30,,off,,100,https://spiffler33.github.io/yeslyf-wireframes/admin_wireframes.html?run=3000&screen=M03&person=P01413,false
P01414,Shreyasi,Das,9000059204,shreyasi.das.883@example.com,Hyderabad,35 to 39,community,true,true,S2,free,,,Adviser 01,25 to 50 lakhs,1 to 5 crores,"Around 40%, some serious money",Security,2026-07-08,2026-07-09,,,,,,,,2026-07-30,20,not_started,,not_started,,,,,,,,,off,,62,https://spiffler33.github.io/yeslyf-wireframes/admin_wireframes.html?run=3000&screen=M03&person=P01414,false
P01415,Naina,Bansal,9000085009,,Delhi,40 to 44,referral,false,false,S1,free,,,Adviser 05,50 lakhs to 1 crore,1 to 5 crores,,,2026-07-08,,,,,,,,,2026-07-08,0,not_started,,not_started,,,,,,,,,off,,38,https://spiffler33.github.io/yeslyf-wireframes/admin_wireframes.html?run=3000&screen=M03&person=P01415,false
P01417,Dhruv,Naik,9000045773,,Ahmedabad,30 to 34,organic,false,false,S2,free,,,Adviser 02,10 to 25 lakhs,25 lakhs to 1 crore,"Around 40%, some serious money",Security,2026-07-11,2026-07-11,,,,,,,,2026-07-12,20,not_started,,not_started,,,,,,,,,off,,62,https://spiffler33.github.io/yeslyf-wireframes/admin_wireframes.html?run=3000&screen=M03&person=P01417,false
P01418,Chinmay,Patel,9000086517,chinmay.patel.425@example.com,Pune,30 to 34,community,true,false,S11,diwm,diwm,active,Adviser 05,10 to 25 lakhs,5 to 25 lakhs,"Around 25%, meaningful amounts",Freedom,2026-07-09,2026-07-10,2026-07-10,2026-07-17,2026-07-17,2026-07-18,,2026-10-15,2026-10-08,2026-09-21,100,verified,connected,read,executing,2,6,2026-10-10,yes,0,2026-07-12T07:46:41+05:30,,off,,100,https://spiffler33.github.io/yeslyf-wireframes/admin_wireframes.html?run=3000&screen=M03&person=P01418,false
P01419,Anand,Prasad,9000075256,anand.prasad.426@example.com,Chennai,35 to 39,community,true,false,S18,diwm,diwm,active,Adviser 04,25 to 50 lakhs,25 lakhs to 1 crore,"Around 25%, meaningful amounts",Security,2026-07-10,2026-07-10,2026-07-17,,2026-08-14,2026-08-22,,2026-11-12,2026-10-15,2026-09-20,100,verified,failed,read,ready,0,5,,yes,0,2026-08-07T08:02:03+05:30,,off,,100,https://spiffler33.github.io/yeslyf-wireframes/admin_wireframes.html?run=3000&screen=M03&person=P01419,false
P01425,Swathi,Reddy,9000030073,swathi.reddy.234@example.com,Bengaluru,25 to 29,web_reveal,true,false,S2b,free,,,Adviser 04,10 to 25 lakhs,5 to 25 lakhs,"More than 40%, I live well below my means",Freedom,2026-07-09,2026-07-09,,,,,,,,2026-07-31,20,verified,,not_started,,,,,,,,,off,,88,https://spiffler33.github.io/yeslyf-wireframes/admin_wireframes.html?run=3000&screen=M03&person=P01425,false
P01426,Harpreet,Arora,9000049129,,Delhi,35 to 39,community,true,false,S2,free,,,Adviser 05,50 lakhs to 1 crore,25 lakhs to 1 crore,"More than 40%, I live well below my means",Security,2026-07-10,2026-07-11,,,,,,,,2026-07-14,20,not_started,,not_started,,,,,,,,,off,,62,https://spiffler33.github.io/yeslyf-wireframes/admin_wireframes.html?run=3000&screen=M03&person=P01426,false
P01427,Shalini,Varma,9000019738,,Chennai,30 to 34,referral,false,false,S1,free,,,Adviser 01,,,,,2026-07-12,,,,,,,,,2026-07-12,0,not_started,,not_started,,,,,,,,,off,,12,https://spiffler33.github.io/yeslyf-wireframes/admin_wireframes.html?run=3000&screen=M03&person=P01427,false
P01429,Hetal,Bhosale,9000090343,,Pune,30 to 34,community,true,false,S2,free,,,Adviser 05,10 to 25 lakhs,5 to 25 lakhs,"More than 40%, I live well below my means",Freedom,2026-07-12,2026-07-12,,,,,,,,2026-07-15,20,not_started,,not_started,,,,,,,,,off,,62,https://spiffler33.github.io/yeslyf-wireframes/admin_wireframes.html?run=3000&screen=M03&person=P01429,false
P01435,Vidya,Pai,9000099660,,Hyderabad,35 to 39,corporate_session,true,false,S1,free,,,Adviser 03,,,,,2026-07-19,,,,,,,,,2026-07-20,0,not_started,,not_started,,,,,,,,,off,,12,https://spiffler33.github.io/yeslyf-wireframes/admin_wireframes.html?run=3000&screen=M03&person=P01435,false
P01436,Sowmya,Pillai,9000002563,sowmya.pillai.638@example.com,Bengaluru,25 to 29,community,true,true,S2,free,,,Adviser 01,Under 10 lakhs,Under 5 lakhs,"More than 40%, I live well below my means",Family,2026-07-11,2026-07-11,,,,,,,,2026-08-02,20,not_started,,not_started,,,,,,,,,off,,62,https://spiffler33.github.io/yeslyf-wireframes/admin_wireframes.html?run=3000&screen=M03&person=P01436,false
P01437,Shreyasi,Bose,9000012385,,Hyderabad,35 to 39,organic,false,false,S2,free,,,Adviser 03,50 lakhs to 1 crore,25 lakhs to 1 crore,"More than 40%, I live well below my means",Security,2026-07-09,2026-07-10,,,,,,,,2026-07-11,20,not_started,,not_started,,,,,,,,,off,,62,https://spiffler33.github.io/yeslyf-wireframes/admin_wireframes.html?run=3000&screen=M03&person=P01437,false
P01438,Karthik,Murthy,9000016009,,Bengaluru,25 to 29,corporate_session,false,false,S2,free,,,Adviser 01,10 to 25 lakhs,5 to 25 lakhs,"Around 40%, some serious money",Freedom,2026-07-10,2026-07-11,,,,,,,,2026-07-13,20,not_started,,not_started,,,,,,,,,off,,62,https://spiffler33.github.io/yeslyf-wireframes/admin_wireframes.html?run=3000&screen=M03&person=P01438,false
P01439,Sagar,Kamat,9000059469,sagar.kamat.820@example.com,Hyderabad,35 to 39,web_reveal,true,false,S1,free,,,Adviser 05,25 to 50 lakhs,25 lakhs to 1 crore,"More than 40%, I live well below my means",,2026-07-11,,,,,,,,,2026-07-12,0,not_started,,not_started,,,,,,,,,off,,50,https://spiffler33.github.io/yeslyf-wireframes/admin_wireframes.html?run=3000&screen=M03&person=P01439,false
P01444,Ankit,Malhotra,9000066202,,Gurugram,35 to 39,corporate_session,true,false,S2,free,,,Adviser 05,50 lakhs to 1 crore,Over 5 crores,"More than 40%, I live well below my means",Freedom,2026-07-13,2026-07-13,,,,,,,,2026-07-17,20,not_started,,not_started,,,,,,,,,off,,62,https://spiffler33.github.io/yeslyf-wireframes/admin_wireframes.html?run=3000&screen=M03&person=P01444,false
P01453,Harini,Kumar,9000073244,,Chennai,35 to 39,organic,true,false,S2,free,,,Adviser 06,25 to 50 lakhs,1 to 5 crores,"More than 40%, I live well below my means",Family,2026-07-17,2026-07-18,,,,,,,,2026-07-21,20,not_started,,not_started,,,,,,,,,off,,62,https://spiffler33.github.io/yeslyf-wireframes/admin_wireframes.html?run=3000&screen=M03&person=P01453,false
P01454,Srinivas,Reddy,9000026849,srinivas.reddy.141@example.com,Hyderabad,25 to 29,web_reveal,true,false,S1,free,,,Adviser 02,10 to 25 lakhs,25 lakhs to 1 crore,"Around 40%, some serious money",,2026-07-10,,,,,,,,,2026-07-11,0,not_started,,not_started,,,,,,,,,off,,44,https://spiffler33.github.io/yeslyf-wireframes/admin_wireframes.html?run=3000&screen=M03&person=P01454,false
P01456,Anirban,Das,9000028069,,Kolkata,30 to 34,organic,true,false,S2,free,,,Adviser 03,10 to 25 lakhs,Under 5 lakhs,"Around 25%, meaningful amounts",Family,2026-07-20,2026-07-20,,,,,,,,2026-07-23,20,not_started,,not_started,,,,,,,,,off,,62,https://spiffler33.github.io/yeslyf-wireframes/admin_wireframes.html?run=3000&screen=M03&person=P01456,false
P01458,Meera,Arora,9000034435,meera.arora.297@example.com,Lucknow,30 to 34,community,true,true,S2c,free,,,Adviser 04,10 to 25 lakhs,5 to 25 lakhs,"Around 25%, meaningful amounts",Family,2026-07-17,2026-07-17,,,,,,,,2026-08-07,20,verified,,not_started,,,,,,,,,off,,94,https://spiffler33.github.io/yeslyf-wireframes/admin_wireframes.html?run=3000&screen=M03&person=P01458,false
P01459,Kinjal,Jadhav,9000054144,,Mumbai,25 to 29,referral,true,false,S2,free,,,Adviser 03,25 to 50 lakhs,5 to 25 lakhs,"More than 40%, I live well below my means",Family,2026-07-12,2026-07-12,,,,,,,,2026-07-16,20,not_started,,not_started,,,,,,,,,off,,62,https://spiffler33.github.io/yeslyf-wireframes/admin_wireframes.html?run=3000&screen=M03&person=P01459,false
P01461,Kabir,Singh,9000054462,,Noida,25 to 29,community,false,false,S2,free,,,Adviser 02,25 to 50 lakhs,25 lakhs to 1 crore,"More than 40%, I live well below my means",Family,2026-07-13,2026-07-13,,,,,,,,2026-07-14,20,not_started,,not_started,,,,,,,,,off,,62,https://spiffler33.github.io/yeslyf-wireframes/admin_wireframes.html?run=3000&screen=M03&person=P01461,false
P01462,Rohit,Jadhav,9000067082,,Pune,30 to 34,community,false,false,S2,free,,,Adviser 04,25 to 50 lakhs,25 lakhs to 1 crore,"Around 40%, some serious money",Generosity,2026-07-11,2026-07-11,,,,,,,,2026-07-12,20,not_started,,not_started,,,,,,,,,off,,62,https://spiffler33.github.io/yeslyf-wireframes/admin_wireframes.html?run=3000&screen=M03&person=P01462,false
P01463,Sneha,Jadhav,9000026866,sneha.jadhav.390@example.com,Mumbai,25 to 29,community,true,false,S11,diwm,diwm,active,Adviser 04,25 to 50 lakhs,Under 5 lakhs,"More than 40%, I live well below my means",Security,2026-07-10,2026-07-10,2026-07-10,2026-07-26,2026-07-26,2026-08-03,,2026-10-24,2026-10-08,2026-09-14,100,verified,connected,read,ready,0,4,2026-10-08,yes,0,2026-07-21T23:26:40+05:30,,off,,100,https://spiffler33.github.io/yeslyf-wireframes/admin_wireframes.html?run=3000&screen=M03&person=P01463,false
P01466,Pranali,Vora,9000046843,,Ahmedabad,30 to 34,community,true,false,S1,free,,,Adviser 03,10 to 25 lakhs,5 to 25 lakhs,,,2026-07-10,,,,,,,,,2026-07-12,0,not_started,,not_started,,,,,,,,,off,,38,https://spiffler33.github.io/yeslyf-wireframes/admin_wireframes.html?run=3000&screen=M03&person=P01466,false
P01468,Ganesh,Prasad,9000017817,ganesh.prasad.483@example.com,Hyderabad,35 to 39,web_reveal,true,true,S21,diwm,diwm,active,Adviser 03,50 lakhs to 1 crore,25 lakhs to 1 crore,"More than 40%, I live well below my means",Security,2026-07-15,2026-07-16,2026-08-06,2026-08-21,2026-08-21,,2026-08-28,2026-11-19,2026-10-05,2026-09-19,100,verified,partial,built,ready,0,6,2026-11-06,yes,0,2026-08-21T07:15:37+05:30,,off,Adviser 02,98,https://spiffler33.github.io/yeslyf-wireframes/admin_wireframes.html?run=3000&screen=M03&person=P01468,false
P01470,Anjali,Verma,9000078474,,Gurugram,30 to 34,organic,true,false,S2,free,,,Adviser 05,25 to 50 lakhs,5 to 25 lakhs,"More than 40%, I live well below my means",Security,2026-07-10,2026-07-11,,,,,,,,2026-07-14,20,not_started,,not_started,,,,,,,,,off,,62,https://spiffler33.github.io/yeslyf-wireframes/admin_wireframes.html?run=3000&screen=M03&person=P01470,false
P01472,Aman,Saxena,9000044002,,Gurugram,30 to 34,community,true,false,S2,free,,,Adviser 06,50 lakhs to 1 crore,25 lakhs to 1 crore,"More than 40%, I live well below my means",Security,2026-07-11,2026-07-11,,,,,,,,2026-07-14,20,not_started,,not_started,,,,,,,,,off,,62,https://spiffler33.github.io/yeslyf-wireframes/admin_wireframes.html?run=3000&screen=M03&person=P01472,false
P01473,Manish,Sharma,9000006261,manish.sharma.614@example.com,Delhi,35 to 39,community,false,false,S2,free,,,Adviser 04,50 lakhs to 1 crore,1 to 5 crores,"More than 40%, I live well below my means",Family,2026-07-12,2026-07-12,,,,,,,,2026-08-02,20,not_started,,not_started,,,,,,,,,off,,62,https://spiffler33.github.io/yeslyf-wireframes/admin_wireframes.html?run=3000&screen=M03&person=P01473,false
P01474,Suresh,Rajan,9000073726,,Hyderabad,35 to 39,community,true,false,S2,free,,,Adviser 06,25 to 50 lakhs,25 lakhs to 1 crore,"Around 40%, some serious money",Generosity,2026-07-12,2026-07-12,,,,,,,,2026-07-16,20,not_started,,not_started,,,,,,,,,off,,62,https://spiffler33.github.io/yeslyf-wireframes/admin_wireframes.html?run=3000&screen=M03&person=P01474,false
P01475,Ketan,Trivedi,9000026551,,Mumbai,30 to 34,organic,false,false,S2,free,,,Adviser 02,25 to 50 lakhs,25 lakhs to 1 crore,"More than 40%, I live well below my means",Family,2026-07-13,2026-07-14,,,,,,,,2026-07-15,20,not_started,,not_started,,,,,,,,,off,,62,https://spiffler33.github.io/yeslyf-wireframes/admin_wireframes.html?run=3000&screen=M03&person=P01475,false
P01476,Sindhu,Nair,9000010214,,Bengaluru,30 to 34,corporate_session,true,false,S2,free,,,Adviser 02,25 to 50 lakhs,1 to 5 crores,"More than 40%, I live well below my means",Security,2026-07-17,2026-07-18,,,,,,,,2026-07-21,20,not_started,,not_started,,,,,,,,,off,,62,https://spiffler33.github.io/yeslyf-wireframes/admin_wireframes.html?run=3000&screen=M03&person=P01476,false
P01479,Jay,Kulkarni,9000036864,,Pune,30 to 34,community,true,false,S2,free,,,Adviser 06,10 to 25 lakhs,5 to 25 lakhs,"Around 25%, meaningful amounts",Generosity,2026-07-13,2026-07-13,,,,,,,,2026-07-16,20,not_started,,not_started,,,,,,,,,off,,62,https://spiffler33.github.io/yeslyf-wireframes/admin_wireframes.html?run=3000&screen=M03&person=P01479,false
P01480,Hardik,Shah,9000095875,,Pune,25 to 29,corporate_session,false,false,S2,free,,,Adviser 04,10 to 25 lakhs,5 to 25 lakhs,"More than 40%, I live well below my means",Freedom,2026-07-13,2026-07-13,,,,,,,,2026-07-14,20,not_started,,not_started,,,,,,,,,off,,62,https://spiffler33.github.io/yeslyf-wireframes/admin_wireframes.html?run=3000&screen=M03&person=P01480,false
P01481,Ketan,Pawar,9000055245,,Pune,25 to 29,community,true,false,S2,free,,,Adviser 01,10 to 25 lakhs,5 to 25 lakhs,"Around 40%, some serious money",Legacy,2026-07-16,2026-07-17,,,,,,,,2026-07-20,20,not_started,,not_started,,,,,,,,,off,,62,https://spiffler33.github.io/yeslyf-wireframes/admin_wireframes.html?run=3000&screen=M03&person=P01481,false
P01482,Kinjal,Kamat,9000006551,kinjal.kamat.320@example.com,Indore,40 to 44,community,true,false,S7,diwm,diwm,active,Adviser 01,Under 10 lakhs,5 to 25 lakhs,"More than 40%, I live well below my means",Security,2026-07-13,2026-07-14,2026-08-03,2026-08-13,2026-08-13,2026-08-22,,2026-11-11,2026-11-01,2026-09-22,100,verified,not_connected,read,executing,1,5,,yes,0,2026-08-13T13:42:54+05:30,,off,,100,https://spiffler33.github.io/yeslyf-wireframes/admin_wireframes.html?run=3000&screen=M03&person=P01482,false
P01483,Aravind,Murthy,9000083060,,Chennai,35 to 39,corporate_session,true,false,S2,free,,,Adviser 01,50 lakhs to 1 crore,1 to 5 crores,"More than 40%, I live well below my means",Legacy,2026-07-11,2026-07-12,,,,,,,,2026-07-15,20,not_started,,not_started,,,,,,,,,off,,62,https://spiffler33.github.io/yeslyf-wireframes/admin_wireframes.html?run=3000&screen=M03&person=P01483,false
P01484,Ritika,Arora,9000048365,,Gurugram,30 to 34,community,true,false,S2,free,,,Adviser 02,25 to 50 lakhs,1 to 5 crores,"More than 40%, I live well below my means",Security,2026-07-11,2026-07-11,,,,,,,,2026-07-14,20,not_started,,not_started,,,,,,,,,off,,62,https://spiffler33.github.io/yeslyf-wireframes/admin_wireframes.html?run=3000&screen=M03&person=P01484,false
P01485,Pranav,Bansal,9000007604,pranav.bansal.731@example.com,Gurugram,30 to 34,web_reveal,true,false,S2,free,,,Adviser 01,25 to 50 lakhs,25 lakhs to 1 crore,"More than 40%, I live well below my means",Freedom,2026-07-13,2026-07-13,,,,,,,,2026-08-03,20,not_started,,not_started,,,,,,,,,off,,62,https://spiffler33.github.io/yeslyf-wireframes/admin_wireframes.html?run=3000&screen=M03&person=P01485,false
P01487,Keerthana,Murthy,9000006599,,Chennai,25 to 29,community,true,true,S2,free,,,Adviser 04,10 to 25 lakhs,5 to 25 lakhs,"Around 40%, some serious money",Freedom,2026-07-12,2026-07-12,,,,,,,,2026-07-13,20,not_started,,not_started,,,,,,,,,off,,62,https://spiffler33.github.io/yeslyf-wireframes/admin_wireframes.html?run=3000&screen=M03&person=P01487,false
P01488,Nishant,Kamat,9000086847,nishant.kamat.588@example.com,Mumbai,25 to 29,community,true,false,S2,free,,,Adviser 06,10 to 25 lakhs,5 to 25 lakhs,"More than 40%, I live well below my means",Freedom,2026-07-13,2026-07-14,,,,,,,,2026-08-04,20,not_started,,not_started,,,,,,,,,off,,62,https://spiffler33.github.io/yeslyf-wireframes/admin_wireframes.html?run=3000&screen=M03&person=P01488,false
P01490,Poulami,Chakraborty,9000003437,poulami.chakraborty.244@example.com,Kolkata,35 to 39,community,true,false,S2,free,,,Adviser 01,10 to 25 lakhs,25 lakhs to 1 crore,"Around 25%, meaningful amounts",Security,2026-07-12,2026-07-12,,,,,,,,2026-08-02,20,not_started,,not_started,,,,,,,,,off,,62,https://spiffler33.github.io/yeslyf-wireframes/admin_wireframes.html?run=3000&screen=M03&person=P01490,false
P01491,Ayesha,Chauhan,9000081173,,Jaipur,35 to 39,community,true,false,S2,free,,,Adviser 02,Under 10 lakhs,5 to 25 lakhs,"More than 40%, I live well below my means",Freedom,2026-07-12,2026-07-12,,,,,,,,2026-07-15,20,not_started,,not_started,,,,,,,,,off,,62,https://spiffler33.github.io/yeslyf-wireframes/admin_wireframes.html?run=3000&screen=M03&person=P01491,false
P01496,Shreya,Khanna,9000030715,,Gurugram,25 to 29,referral,false,false,S2,free,,,Adviser 03,25 to 50 lakhs,5 to 25 lakhs,"More than 40%, I live well below my means",Freedom,2026-07-11,2026-07-12,,,,,,,,2026-07-13,20,not_started,,not_started,,,,,,,,,off,,62,https://spiffler33.github.io/yeslyf-wireframes/admin_wireframes.html?run=3000&screen=M03&person=P01496,false
P01497,Divya,Malhotra,9000089358,,Delhi,40 to 44,community,true,false,S2,free,,,Adviser 02,50 lakhs to 1 crore,1 to 5 crores,"More than 40%, I live well below my means",Legacy,2026-07-12,2026-07-12,,,,,,,,2026-07-15,20,not_started,,not_started,,,,,,,,,off,,62,https://spiffler33.github.io/yeslyf-wireframes/admin_wireframes.html?run=3000&screen=M03&person=P01497,false
P01500,Karan,Malhotra,9000042306,karan.malhotra.364@example.com,Jaipur,30 to 34,organic,false,false,S9,diwm,diwm,active,Adviser 03,Under 10 lakhs,25 lakhs to 1 crore,"Around 40%, some serious money",Legacy,2026-07-13,2026-07-14,2026-07-20,2026-07-30,2026-07-30,2026-08-06,2026-09-03,2026-10-28,2026-10-18,2026-09-21,100,verified,connected,read,executing,1,4,2026-10-18,yes,0,2026-07-30T07:44:40+05:30,,off,Adviser 01,100,https://spiffler33.github.io/yeslyf-wireframes/admin_wireframes.html?run=3000&screen=M03&person=P01500,false
P01504,Jigar,Desai,9000039836,jigar.desai.256@example.com,Mumbai,25 to 29,web_reveal,false,false,S2,free,,,Adviser 05,25 to 50 lakhs,25 lakhs to 1 crore,"More than 40%, I live well below my means",Family,2026-07-12,2026-07-12,,,,,,,,2026-08-02,20,not_started,,not_started,,,,,,,,,off,,62,https://spiffler33.github.io/yeslyf-wireframes/admin_wireframes.html?run=3000&screen=M03&person=P01504,false
P01506,Siddharth,Pandya,9000049639,,Noida,40 to 44,community,true,false,S2,free,,,Adviser 03,50 lakhs to 1 crore,1 to 5 crores,"More than 40%, I live well below my means",Security,2026-07-13,2026-07-14,,,,,,,,2026-07-17,20,not_started,,not_started,,,,,,,,,off,,62,https://spiffler33.github.io/yeslyf-wireframes/admin_wireframes.html?run=3000&screen=M03&person=P01506,false
P01507,Rahul,Kapoor,9000067558,rahul.kapoor.306@example.com,Delhi,30 to 34,web_reveal,true,false,S2,free,,,Adviser 06,10 to 25 lakhs,5 to 25 lakhs,"More than 40%, I live well below my means",Generosity,2026-07-18,2026-07-18,,,,,,,,2026-08-09,20,not_started,,not_started,,,,,,,,,off,,62,https://spiffler33.github.io/yeslyf-wireframes/admin_wireframes.html?run=3000&screen=M03&person=P01507,false
P01511,Sandeep,Kamath,9000074423,,Hyderabad,40 to 44,organic,true,false,S2,free,,,Adviser 06,50 lakhs to 1 crore,25 lakhs to 1 crore,"More than 40%, I live well below my means",Legacy,2026-07-20,2026-07-20,,,,,,,,2026-07-23,20,not_started,,not_started,,,,,,,,,off,,62,https://spiffler33.github.io/yeslyf-wireframes/admin_wireframes.html?run=3000&screen=M03&person=P01511,false
P01512,Priyanka,Sen,9000084621,,Ahmedabad,30 to 34,community,true,false,S1,free,,,Adviser 04,,,,,2026-07-14,,,,,,,,,2026-07-15,0,not_started,,not_started,,,,,,,,,off,,25,https://spiffler33.github.io/yeslyf-wireframes/admin_wireframes.html?run=3000&screen=M03&person=P01512,false
P01513,Sameer,Jain,9000072459,,Ahmedabad,30 to 34,community,true,true,S2,free,,,Adviser 02,25 to 50 lakhs,5 to 25 lakhs,"Around 40%, some serious money",Security,2026-07-17,2026-07-17,,,,,,,,2026-07-18,20,not_started,,not_started,,,,,,,,,off,,62,https://spiffler33.github.io/yeslyf-wireframes/admin_wireframes.html?run=3000&screen=M03&person=P01513,false
P01515,Payal,Tiwari,9000060611,,Delhi,35 to 39,community,true,true,S2,free,,,Adviser 02,50 lakhs to 1 crore,1 to 5 crores,"More than 40%, I live well below my means",Generosity,2026-07-15,2026-07-15,,,,,,,,2026-07-17,20,not_started,,not_started,,,,,,,,,off,,62,https://spiffler33.github.io/yeslyf-wireframes/admin_wireframes.html?run=3000&screen=M03&person=P01515,false
P01517,Zoya,Bhatia,9000071454,zoya.bhatia.665@example.com,Gurugram,30 to 34,community,true,false,S1,free,,,Adviser 05,,,,,2026-07-13,,,,,,,,,2026-07-14,0,not_started,,not_started,,,,,,,,,off,,12,https://spiffler33.github.io/yeslyf-wireframes/admin_wireframes.html?run=3000&screen=M03&person=P01517,false
P01519,Kavya,Chauhan,9000000931,kavya.chauhan.401@example.com,Gurugram,25 to 29,organic,true,false,S13,diwm,diwm,lapsed,Adviser 01,10 to 25 lakhs,5 to 25 lakhs,"More than 40%, I live well below my means",Freedom,2026-07-17,2026-07-17,2026-07-24,2026-08-10,2026-08-10,2026-08-10,,2026-11-08,,2026-09-20,100,verified,connected,read,executing,2,7,2026-10-22,yes,3,2026-09-01T01:19:11+05:30,,off,,100,https://spiffler33.github.io/yeslyf-wireframes/admin_wireframes.html?run=3000&screen=M03&person=P01519,false
P01520,Dhruv,Jadhav,9000035909,,Mumbai,under 25,organic,true,false,S2,free,,,Adviser 02,10 to 25 lakhs,5 to 25 lakhs,"More than 40%, I live well below my means",Legacy,2026-07-19,2026-07-20,,,,,,,,2026-07-23,20,not_started,,not_started,,,,,,,,,off,,62,https://spiffler33.github.io/yeslyf-wireframes/admin_wireframes.html?run=3000&screen=M03&person=P01520,false
P01521,Pradeep,Natarajan,9000081115,pradeep.natarajan.973@example.com,Hyderabad,30 to 34,community,true,false,S2,free,,,Adviser 01,25 to 50 lakhs,5 to 25 lakhs,"Around 40%, some serious money",Freedom,2026-07-15,2026-07-15,,,,,,,,2026-08-05,20,not_started,,not_started,,,,,,,,,off,,62,https://spiffler33.github.io/yeslyf-wireframes/admin_wireframes.html?run=3000&screen=M03&person=P01521,false
P01523,Ayesha,Srivastava,9000059442,,Noida,40 to 44,organic,true,false,S2,free,,,Adviser 04,50 lakhs to 1 crore,25 lakhs to 1 crore,"More than 40%, I live well below my means",Legacy,2026-07-13,2026-07-13,,,,,,,,2026-07-16,20,not_started,,not_started,,,,,,,,,off,,62,https://spiffler33.github.io/yeslyf-wireframes/admin_wireframes.html?run=3000&screen=M03&person=P01523,false
P01524,Rahul,Singh,9000016917,rahul.singh.266@example.com,Pune,30 to 34,referral,false,false,S2b,free,,,Adviser 06,25 to 50 lakhs,25 lakhs to 1 crore,"More than 40%, I live well below my means",Security,2026-07-16,2026-07-16,,,,,,,,2026-08-06,20,verified,,not_started,,,,,,,,,off,,88,https://spiffler33.github.io/yeslyf-wireframes/admin_wireframes.html?run=3000&screen=M03&person=P01524,false
P01528,Nikhil,Sharma,9000073426,nikhil.sharma.170@example.com,Gurugram,30 to 34,community,true,false,S1,free,,,Adviser 05,10 to 25 lakhs,5 to 25 lakhs,"More than 40%, I live well below my means",,2026-07-16,,,,,,,,,2026-07-17,0,not_started,,not_started,,,,,,,,,off,,50,https://spiffler33.github.io/yeslyf-wireframes/admin_wireframes.html?run=3000&screen=M03&person=P01528,false
P01529,Saloni,Joshi,9000066322,saloni.joshi.616@example.com,Pune,30 to 34,web_reveal,false,false,S2,free,,,Adviser 04,10 to 25 lakhs,5 to 25 lakhs,"More than 40%, I live well below my means",Security,2026-07-15,2026-07-16,,,,,,,,2026-08-06,20,not_started,,not_started,,,,,,,,,off,,62,https://spiffler33.github.io/yeslyf-wireframes/admin_wireframes.html?run=3000&screen=M03&person=P01529,false
P01530,Devika,Patel,9000086655,,Pune,30 to 34,referral,true,false,S2,free,,,Adviser 04,10 to 25 lakhs,25 lakhs to 1 crore,"Around 25%, meaningful amounts",Freedom,2026-07-19,2026-07-19,,,,,,,,2026-07-22,20,not_started,,not_started,,,,,,,,,off,,62,https://spiffler33.github.io/yeslyf-wireframes/admin_wireframes.html?run=3000&screen=M03&person=P01530,false
P01532,Rohan,Chauhan,9000047106,,Delhi,40 to 44,community,true,false,S1,free,,,Adviser 05,50 lakhs to 1 crore,,,,2026-07-14,,,,,,,,,2026-07-15,0,not_started,,not_started,,,,,,,,,off,,31,https://spiffler33.github.io/yeslyf-wireframes/admin_wireframes.html?run=3000&screen=M03&person=P01532,false
P01535,Rohan,Mishra,9000009493,rohan.mishra.511@example.com,Noida,30 to 34,community,true,false,S2,free,,,Adviser 01,25 to 50 lakhs,25 lakhs to 1 crore,"Around 25%, meaningful amounts",Security,2026-07-15,2026-07-15,,,,,,,,2026-08-05,20,not_started,,not_started,,,,,,,,,off,,62,https://spiffler33.github.io/yeslyf-wireframes/admin_wireframes.html?run=3000&screen=M03&person=P01535,false
P01537,Prasanna,Rao,9000048231,,Bengaluru,30 to 34,referral,true,false,S2,free,,,Adviser 02,10 to 25 lakhs,25 lakhs to 1 crore,"Around 40%, some serious money",Family,2026-07-15,2026-07-15,,,,,,,,2026-07-19,20,not_started,,not_started,,,,,,,,,off,,62,https://spiffler33.github.io/yeslyf-wireframes/admin_wireframes.html?run=3000&screen=M03&person=P01537,false
P01540,Yogesh,Naik,9000048735,yogesh.naik.264@example.com,Mumbai,30 to 34,corporate_session,true,false,S2c,free,,,Adviser 03,25 to 50 lakhs,5 to 25 lakhs,"More than 40%, I live well below my means",Family,2026-07-15,2026-07-15,,,,,,,,2026-08-05,20,verified,,not_started,,,,,,,,,off,,94,https://spiffler33.github.io/yeslyf-wireframes/admin_wireframes.html?run=3000&screen=M03&person=P01540,false
P01541,Deepa,Srinivasan,9000010404,,Hyderabad,35 to 39,community,true,false,S2,free,,,Adviser 06,25 to 50 lakhs,1 to 5 crores,"More than 40%, I live well below my means",Security,2026-07-15,2026-07-15,,,,,,,,2026-07-18,20,not_started,,not_started,,,,,,,,,off,,62,https://spiffler33.github.io/yeslyf-wireframes/admin_wireframes.html?run=3000&screen=M03&person=P01541,false
P01542,Ayesha,Srivastava,9000017562,ayesha.srivastava.543@example.com,Gurugram,35 to 39,web_reveal,false,false,S2,free,,,Adviser 06,25 to 50 lakhs,1 to 5 crores,"Around 10%, small consistent chunks",Family,2026-07-15,2026-07-16,,,,,,,,2026-08-06,20,not_started,,not_started,,,,,,,,,off,,62,https://spiffler33.github.io/yeslyf-wireframes/admin_wireframes.html?run=3000&screen=M03&person=P01542,false
P01543,Tarun,Bansal,9000078465,,Delhi,40 to 44,organic,true,false,S2,free,,,Adviser 05,50 lakhs to 1 crore,1 to 5 crores,"More than 40%, I live well below my means",Legacy,2026-07-16,2026-07-16,,,,,,,,2026-07-19,20,not_started,,not_started,,,,,,,,,off,,62,https://spiffler33.github.io/yeslyf-wireframes/admin_wireframes.html?run=3000&screen=M03&person=P01543,false
P01545,Divya,Kohli,9000051698,,Gurugram,35 to 39,community,true,false,S2,free,,,Adviser 05,50 lakhs to 1 crore,25 lakhs to 1 crore,"Around 25%, meaningful amounts",Legacy,2026-07-19,2026-07-19,,,,,,,,2026-07-22,20,not_started,,not_started,,,,,,,,,off,,62,https://spiffler33.github.io/yeslyf-wireframes/admin_wireframes.html?run=3000&screen=M03&person=P01545,false
P01546,Venkat,Kumar,9000028428,,Hyderabad,35 to 39,organic,false,false,S2,free,,,Adviser 05,25 to 50 lakhs,25 lakhs to 1 crore,"More than 40%, I live well below my means",Security,2026-07-15,2026-07-15,,,,,,,,2026-07-16,20,not_started,,not_started,,,,,,,,,off,,62,https://spiffler33.github.io/yeslyf-wireframes/admin_wireframes.html?run=3000&screen=M03&person=P01546,false
P01547,Saloni,Chitale,9000056695,,Ahmedabad,35 to 39,corporate_session,true,false,S1,free,,,Adviser 06,,,,,2026-07-19,,,,,,,,,2026-07-20,0,not_started,,not_started,,,,,,,,,off,,19,https://spiffler33.github.io/yeslyf-wireframes/admin_wireframes.html?run=3000&screen=M03&person=P01547,false
P01550,Shreya,Srivastava,9000025256,shreya.srivastava.324@example.com,Delhi,40 to 44,web_reveal,true,false,S7,diy,diy,active,Adviser 01,50 lakhs to 1 crore,1 to 5 crores,"Around 25%, meaningful amounts",Security,2026-07-20,2026-07-21,2026-07-23,2026-08-11,2026-08-11,2026-08-11,,2026-11-09,2026-10-21,2026-09-23,100,verified (address typed),not_connected,read,ready,0,3,,yes,2,2026-08-31T10:51:30+05:30,rule,off,,98,https://spiffler33.github.io/yeslyf-wireframes/admin_wireframes.html?run=3000&screen=M03&person=P01550,false
P01553,Siddharth,Patil,9000012264,,Pune,30 to 34,corporate_session,true,false,S2,free,,,Adviser 03,10 to 25 lakhs,25 lakhs to 1 crore,"More than 40%, I live well below my means",Legacy,2026-07-27,2026-07-27,,,,,,,,2026-07-31,20,not_started,,not_started,,,,,,,,,off,,62,https://spiffler33.github.io/yeslyf-wireframes/admin_wireframes.html?run=3000&screen=M03&person=P01553,false
P01554,Meera,Saxena,9000004539,,Delhi,40 to 44,organic,true,false,S2,free,,,Adviser 06,50 lakhs to 1 crore,25 lakhs to 1 crore,"More than 40%, I live well below my means",Legacy,2026-07-16,2026-07-17,,,,,,,,2026-07-20,20,not_started,,not_started,,,,,,,,,off,,62,https://spiffler33.github.io/yeslyf-wireframes/admin_wireframes.html?run=3000&screen=M03&person=P01554,false
P01556,Sakshi,Chauhan,9000083502,,Delhi,35 to 39,corporate_session,false,true,S2,free,,,Adviser 03,50 lakhs to 1 crore,25 lakhs to 1 crore,"More than 40%, I live well below my means",Family,2026-07-17,2026-07-17,,,,,,,,2026-07-18,20,not_started,,not_started,,,,,,,,,off,,62,https://spiffler33.github.io/yeslyf-wireframes/admin_wireframes.html?run=3000&screen=M03&person=P01556,false
P01557,Hetal,Desai,9000075325,,Mumbai,25 to 29,organic,true,false,S2,free,,,Adviser 01,25 to 50 lakhs,5 to 25 lakhs,"More than 40%, I live well below my means",Legacy,2026-07-20,2026-07-21,,,,,,,,2026-07-24,20,not_started,,not_started,,,,,,,,,off,,62,https://spiffler33.github.io/yeslyf-wireframes/admin_wireframes.html?run=3000&screen=M03&person=P01557,false
P01558,Naveen,Nair,9000043119,naveen.nair.555@example.com,Delhi,25 to 29,web_reveal,true,false,S2,free,,,Adviser 01,10 to 25 lakhs,5 to 25 lakhs,"More than 40%, I live well below my means",Security,2026-07-17,2026-07-18,,,,,,,,2026-08-08,20,not_started,,not_started,,,,,,,,,off,,62,https://spiffler33.github.io/yeslyf-wireframes/admin_wireframes.html?run=3000&screen=M03&person=P01558,false
P01560,Ishita,Sharma,9000053739,,Gurugram,30 to 34,community,true,true,S2,free,,,Adviser 04,25 to 50 lakhs,25 lakhs to 1 crore,"Around 40%, some serious money",Security,2026-07-20,2026-07-20,,,,,,,,2026-07-21,20,not_started,,not_started,,,,,,,,,off,,62,https://spiffler33.github.io/yeslyf-wireframes/admin_wireframes.html?run=3000&screen=M03&person=P01560,false
P01562,Meera,Chopra,9000016833,meera.chopra.108@example.com,Delhi,40 to 44,community,true,false,S1,free,,,Adviser 03,50 lakhs to 1 crore,25 lakhs to 1 crore,"More than 40%, I live well below my means",,2026-07-16,,,,,,,,,2026-07-17,0,not_started,,not_started,,,,,,,,,off,,50,https://spiffler33.github.io/yeslyf-wireframes/admin_wireframes.html?run=3000&screen=M03&person=P01562,false
P01564,Yogesh,Trivedi,9000035708,yogesh.trivedi.320@example.com,Ahmedabad,30 to 34,web_reveal,true,true,S2b,free,,,Adviser 02,10 to 25 lakhs,25 lakhs to 1 crore,"Around 25%, meaningful amounts",Freedom,2026-07-16,2026-07-16,,,,,,,,2026-08-06,20,verified,,not_started,,,,,,,,,off,,88,https://spiffler33.github.io/yeslyf-wireframes/admin_wireframes.html?run=3000&screen=M03&person=P01564,false
P01567,Heena,Kamat,9000034035,heena.kamat.392@example.com,Pune,30 to 34,corporate_session,true,false,S9,diwm,diwm,active,Adviser 02,10 to 25 lakhs,25 lakhs to 1 crore,"More than 40%, I live well below my means",Freedom,2026-07-22,2026-07-23,2026-07-26,2026-08-06,2026-08-06,2026-08-06,2026-09-04,2026-11-04,2026-09-24,2026-09-22,100,verified,not_connected,read,executing,1,6,,yes,0,2026-08-06T08:24:16+05:30,,off,Adviser 06,100,https://spiffler33.github.io/yeslyf-wireframes/admin_wireframes.html?run=3000&screen=M03&person=P01567,false
P01568,Tarun,Pandey,9000066024,,Ahmedabad,30 to 34,organic,false,false,S2,free,,,Adviser 04,50 lakhs to 1 crore,25 lakhs to 1 crore,"Around 25%, meaningful amounts",Legacy,2026-07-16,2026-07-16,,,,,,,,2026-07-17,20,not_started,,not_started,,,,,,,,,off,,62,https://spiffler33.github.io/yeslyf-wireframes/admin_wireframes.html?run=3000&screen=M03&person=P01568,false
P01569,Jay,Shah,9000080399,jay.shah.953@example.com,Pune,30 to 34,web_reveal,false,false,S1,free,,,Adviser 03,10 to 25 lakhs,,,,2026-07-17,,,,,,,,,2026-07-18,0,not_started,,not_started,,,,,,,,,off,,31,https://spiffler33.github.io/yeslyf-wireframes/admin_wireframes.html?run=3000&screen=M03&person=P01569,false
P01570,Nidhi,Shinde,9000037580,,Nagpur,30 to 34,corporate_session,false,false,S2,free,,,Adviser 05,Under 10 lakhs,5 to 25 lakhs,"More than 40%, I live well below my means",Legacy,2026-07-20,2026-07-20,,,,,,,,2026-07-21,20,not_started,,not_started,,,,,,,,,off,,62,https://spiffler33.github.io/yeslyf-wireframes/admin_wireframes.html?run=3000&screen=M03&person=P01570,false
P01574,Vignesh,Krishnan,9000002097,vignesh.krishnan.743@example.com,Chennai,35 to 39,web_reveal,false,false,S1,free,,,Adviser 04,,,,,2026-07-23,,,,,,,,,2026-07-23,0,not_started,,not_started,,,,,,,,,off,,25,https://spiffler33.github.io/yeslyf-wireframes/admin_wireframes.html?run=3000&screen=M03&person=P01574,false
P01576,Revathi,Kumar,9000024199,,Chennai,35 to 39,referral,true,false,S2,free,,,Adviser 01,10 to 25 lakhs,25 lakhs to 1 crore,"Around 40%, some serious money",Freedom,2026-07-19,2026-07-19,,,,,,,,2026-07-23,20,not_started,,not_started,,,,,,,,,off,,62,https://spiffler33.github.io/yeslyf-wireframes/admin_wireframes.html?run=3000&screen=M03&person=P01576,false
P01577,Karan,Sharma,9000038115,,Gurugram,35 to 39,organic,false,false,S2,free,,,Adviser 05,25 to 50 lakhs,25 lakhs to 1 crore,"Around 40%, some serious money",Security,2026-07-17,2026-07-17,,,,,,,,2026-07-18,20,not_started,,not_started,,,,,,,,,off,,62,https://spiffler33.github.io/yeslyf-wireframes/admin_wireframes.html?run=3000&screen=M03&person=P01577,false
P01578,Srinivas,Murthy,9000062831,,Bengaluru,25 to 29,organic,true,false,S2,free,,,Adviser 03,10 to 25 lakhs,Under 5 lakhs,"More than 40%, I live well below my means",Freedom,2026-07-19,2026-07-19,,,,,,,,2026-07-22,20,not_started,,not_started,,,,,,,,,off,,62,https://spiffler33.github.io/yeslyf-wireframes/admin_wireframes.html?run=3000&screen=M03&person=P01578,false
P01579,Aditya,Bansal,9000060621,,Delhi,30 to 34,community,true,false,S2,free,,,Adviser 05,10 to 25 lakhs,5 to 25 lakhs,"Around 40%, some serious money",Generosity,2026-07-19,2026-07-20,,,,,,,,2026-07-23,20,not_started,,not_started,,,,,,,,,off,,62,https://spiffler33.github.io/yeslyf-wireframes/admin_wireframes.html?run=3000&screen=M03&person=P01579,false
P01584,Rajiv,Hegde,9000005991,,Chennai,35 to 39,corporate_session,false,false,S1,free,,,Adviser 01,25 to 50 lakhs,25 lakhs to 1 crore,"More than 40%, I live well below my means",,2026-07-29,,,,,,,,,2026-07-29,0,not_started,,not_started,,,,,,,,,off,,50,https://spiffler33.github.io/yeslyf-wireframes/admin_wireframes.html?run=3000&screen=M03&person=P01584,false
P01585,Varun,Bedi,9000000032,varun.bedi.357@example.com,Delhi,40 to 44,referral,true,false,S9,diwm,diwm,active,Adviser 04,50 lakhs to 1 crore,1 to 5 crores,"Around 25%, meaningful amounts",Freedom,2026-07-22,2026-07-23,2026-07-30,2026-08-19,2026-08-19,2026-08-19,,2026-11-17,2026-09-28,2026-09-16,100,verified,connected,read,executing,2,7,2026-10-28,yes,0,2026-08-15T16:49:48+05:30,rule,off,,100,https://spiffler33.github.io/yeslyf-wireframes/admin_wireframes.html?run=3000&screen=M03&person=P01585,false
P01586,Kabir,Chopra,9000083327,kabir.chopra.711@example.com,Gurugram,30 to 34,community,true,false,S2,free,,,Adviser 05,25 to 50 lakhs,25 lakhs to 1 crore,"Around 40%, some serious money",Family,2026-07-18,2026-07-18,,,,,,,,2026-08-08,20,not_started,,not_started,,,,,,,,,off,,62,https://spiffler33.github.io/yeslyf-wireframes/admin_wireframes.html?run=3000&screen=M03&person=P01586,false
P01588,Tanushree,Das,9000040002,tanushree.das.452@example.com,Kolkata,30 to 34,community,true,false,S2,free,,,Adviser 04,10 to 25 lakhs,5 to 25 lakhs,"More than 40%, I live well below my means",Security,2026-07-18,2026-07-19,,,,,,,,2026-08-09,20,not_started,,not_started,,,,,,,,,off,,62,https://spiffler33.github.io/yeslyf-wireframes/admin_wireframes.html?run=3000&screen=M03&person=P01588,false
P01590,Priya,Gupta,9000048704,,Gurugram,30 to 34,community,true,false,S2,free,,,Adviser 05,25 to 50 lakhs,25 lakhs to 1 crore,"More than 40%, I live well below my means",Security,2026-07-20,2026-07-21,,,,,,,,2026-07-24,20,not_started,,not_started,,,,,,,,,off,,62,https://spiffler33.github.io/yeslyf-wireframes/admin_wireframes.html?run=3000&screen=M03&person=P01590,false
P01591,Harini,Krishnan,9000070290,,Bengaluru,30 to 34,organic,true,false,S1,free,,,Adviser 02,Under 10 lakhs,5 to 25 lakhs,,,2026-07-20,,,,,,,,,2026-07-21,0,not_started,,not_started,,,,,,,,,off,,38,https://spiffler33.github.io/yeslyf-wireframes/admin_wireframes.html?run=3000&screen=M03&person=P01591,false
P01592,Aman,Malhotra,9000045270,,Delhi,40 to 44,community,true,false,S2,free,,,Adviser 06,50 lakhs to 1 crore,1 to 5 crores,"More than 40%, I live well below my means",Legacy,2026-07-21,2026-07-21,,,,,,,,2026-07-25,20,not_started,,not_started,,,,,,,,,off,,62,https://spiffler33.github.io/yeslyf-wireframes/admin_wireframes.html?run=3000&screen=M03&person=P01592,false
P01594,Sai,Raman,9000042832,,Bengaluru,35 to 39,organic,true,false,S1,free,,,Adviser 01,25 to 50 lakhs,5 to 25 lakhs,"Around 40%, some serious money",,2026-07-19,,,,,,,,,2026-07-21,0,not_started,,not_started,,,,,,,,,off,,44,https://spiffler33.github.io/yeslyf-wireframes/admin_wireframes.html?run=3000&screen=M03&person=P01594,false
P01595,Sandeep,Pai,9000011331,sandeep.pai.420@example.com,Hyderabad,25 to 29,community,true,false,S6,diwm,diwm,active,Adviser 01,Under 10 lakhs,Under 5 lakhs,"Around 40%, some serious money",Freedom,2026-07-22,2026-07-22,2026-08-02,2026-08-07,2026-08-07,,,2026-11-05,2026-10-01,2026-09-20,100,verified,not_connected,built,ready,0,3,,yes,0,2026-08-07T17:20:32+05:30,,off,,100,https://spiffler33.github.io/yeslyf-wireframes/admin_wireframes.html?run=3000&screen=M03&person=P01595,false
P01597,Nishant,Vora,9000099444,nishant.vora.340@example.com,Pune,25 to 29,community,true,false,S2c,free,,,Adviser 02,10 to 25 lakhs,5 to 25 lakhs,"Around 40%, some serious money",Legacy,2026-07-20,2026-07-21,,,,,,,,2026-08-14,20,verified,,not_started,,,,,,,,,off,,94,https://spiffler33.github.io/yeslyf-wireframes/admin_wireframes.html?run=3000&screen=M03&person=P01597,false
P01599,Aditya,Mehra,9000059084,,Noida,30 to 34,community,true,false,S2,free,,,Adviser 05,10 to 25 lakhs,5 to 25 lakhs,"More than 40%, I live well below my means",Freedom,2026-07-22,2026-07-22,,,,,,,,2026-07-25,20,not_started,,not_started,,,,,,,,,off,,62,https://spiffler33.github.io/yeslyf-wireframes/admin_wireframes.html?run=3000&screen=M03&person=P01599,false
P01600,Shruti,Joshi,9000030847,,Pune,30 to 34,community,true,false,S1,free,,,Adviser 04,,,,,2026-07-21,,,,,,,,,2026-07-23,0,not_started,,not_started,,,,,,,,,off,,19,https://spiffler33.github.io/yeslyf-wireframes/admin_wireframes.html?run=3000&screen=M03&person=P01600,false
P01601,Aditya,Agarwal,9000063099,,Delhi,30 to 34,corporate_session,false,false,S2,free,,,Adviser 02,25 to 50 lakhs,25 lakhs to 1 crore,"More than 40%, I live well below my means",Freedom,2026-07-18,2026-07-19,,,,,,,,2026-07-20,20,not_started,,not_started,,,,,,,,,off,,62,https://spiffler33.github.io/yeslyf-wireframes/admin_wireframes.html?run=3000&screen=M03&person=P01601,false
P01602,Siddharth,Deshmukh,9000073499,siddharth.deshmukh.514@example.com,Pune,35 to 39,web_reveal,true,false,S2,free,,,Adviser 01,25 to 50 lakhs,1 to 5 crores,"Around 25%, meaningful amounts",Legacy,2026-07-23,2026-07-24,,,,,,,,2026-08-14,20,not_started,,not_started,,,,,,,,,off,,62,https://spiffler33.github.io/yeslyf-wireframes/admin_wireframes.html?run=3000&screen=M03&person=P01602,false
P01606,Sahil,Saxena,9000073059,,Gurugram,35 to 39,organic,false,false,S2,free,,,Adviser 01,25 to 50 lakhs,25 lakhs to 1 crore,"More than 40%, I live well below my means",Generosity,2026-07-18,2026-07-18,,,,,,,,2026-07-19,20,not_started,,not_started,,,,,,,,,off,,62,https://spiffler33.github.io/yeslyf-wireframes/admin_wireframes.html?run=3000&screen=M03&person=P01606,false
P01610,Vishnu,Kamath,9000080179,,Chennai,35 to 39,corporate_session,true,false,S2,free,,,Adviser 01,10 to 25 lakhs,25 lakhs to 1 crore,"Around 40%, some serious money",Security,2026-07-24,2026-07-24,,,,,,,,2026-07-27,20,not_started,,not_started,,,,,,,,,off,,62,https://spiffler33.github.io/yeslyf-wireframes/admin_wireframes.html?run=3000&screen=M03&person=P01610,false
P01611,Siddharth,Deshmukh,9000053609,,Mumbai,35 to 39,community,true,false,S2,free,,,Adviser 02,50 lakhs to 1 crore,1 to 5 crores,"Around 40%, some serious money",Generosity,2026-07-27,2026-07-27,,,,,,,,2026-07-30,20,not_started,,not_started,,,,,,,,,off,,62,https://spiffler33.github.io/yeslyf-wireframes/admin_wireframes.html?run=3000&screen=M03&person=P01611,false
P01615,Sai,Srinivasan,9000061766,sai.srinivasan.437@example.com,Bengaluru,25 to 29,referral,false,false,S19,diy,diy,active,Adviser 05,10 to 25 lakhs,5 to 25 lakhs,"More than 40%, I live well below my means",Generosity,2026-07-21,2026-07-21,2026-07-21,,,,2026-07-30,,2026-10-19,2026-09-06,84,verified,connected,in_progress,not_started,,,2026-10-22,no,0,2026-07-24T00:27:59+05:30,,off,Adviser 01,88,https://spiffler33.github.io/yeslyf-wireframes/admin_wireframes.html?run=3000&screen=M03&person=P01615,false
P01616,Vaibhav,Kamat,9000090055,,Mumbai,30 to 34,community,true,false,S2,free,,,Adviser 06,25 to 50 lakhs,25 lakhs to 1 crore,"More than 40%, I live well below my means",Freedom,2026-07-19,2026-07-20,,,,,,,,2026-07-23,20,not_started,,not_started,,,,,,,,,off,,62,https://spiffler33.github.io/yeslyf-wireframes/admin_wireframes.html?run=3000&screen=M03&person=P01616,false
P01617,Sudipta,Banerjee,9000027548,sudipta.banerjee.134@example.com,Kolkata,30 to 34,web_reveal,true,false,S2,free,,,Adviser 05,25 to 50 lakhs,1 to 5 crores,"Around 40%, some serious money",Security,2026-07-25,2026-07-26,,,,,,,,2026-08-16,20,not_started,,not_started,,,,,,,,,off,,62,https://spiffler33.github.io/yeslyf-wireframes/admin_wireframes.html?run=3000&screen=M03&person=P01617,false
P01619,Nithya,Srinivasan,9000042732,,Bengaluru,25 to 29,organic,true,false,S1,free,,,Adviser 03,10 to 25 lakhs,5 to 25 lakhs,,,2026-07-22,,,,,,,,,2026-07-23,0,not_started,,not_started,,,,,,,,,off,,38,https://spiffler33.github.io/yeslyf-wireframes/admin_wireframes.html?run=3000&screen=M03&person=P01619,false
P01620,Payal,Malhotra,9000092683,payal.malhotra.713@example.com,Noida,35 to 39,community,true,false,S1,free,,,Adviser 04,25 to 50 lakhs,25 lakhs to 1 crore,,,2026-07-19,,,,,,,,,2026-07-20,0,not_started,,not_started,,,,,,,,,off,,38,https://spiffler33.github.io/yeslyf-wireframes/admin_wireframes.html?run=3000&screen=M03&person=P01620,false
P01621,Aravind,Pai,9000015136,aravind.pai.451@example.com,Bengaluru,25 to 29,corporate_session,true,false,S21,diwm,diwm,active,Adviser 03,10 to 25 lakhs,25 lakhs to 1 crore,"Around 40%, some serious money",Freedom,2026-07-20,2026-07-20,2026-07-23,2026-08-07,2026-08-07,2026-08-15,2026-08-23,2026-11-05,2026-10-21,2026-09-15,100,verified,not_connected,read,ready,0,3,,yes,0,2026-08-03T12:51:29+05:30,,off,Adviser 04,100,https://spiffler33.github.io/yeslyf-wireframes/admin_wireframes.html?run=3000&screen=M03&person=P01621,false
P01622,Zoya,Agarwal,9000081316,zoya.agarwal.836@example.com,Delhi,40 to 44,community,true,false,S2,free,,,Adviser 03,50 lakhs to 1 crore,1 to 5 crores,"More than 40%, I live well below my means",Legacy,2026-07-23,2026-07-24,,,,,,,,2026-08-14,20,not_started,,not_started,,,,,,,,,off,,62,https://spiffler33.github.io/yeslyf-wireframes/admin_wireframes.html?run=3000&screen=M03&person=P01622,false
P01624,Naveen,Rajan,9000094299,,Chennai,30 to 34,community,true,false,S2,free,,,Adviser 02,25 to 50 lakhs,5 to 25 lakhs,"More than 40%, I live well below my means",Generosity,2026-07-21,2026-07-22,,,,,,,,2026-07-25,20,not_started,,not_started,,,,,,,,,off,,62,https://spiffler33.github.io/yeslyf-wireframes/admin_wireframes.html?run=3000&screen=M03&person=P01624,false
P01625,Chaitanya,Kumar,9000041478,chaitanya.kumar.313@example.com,Bengaluru,25 to 29,community,true,false,S6,diwm,diwm,active,Adviser 02,10 to 25 lakhs,5 to 25 lakhs,"Around 25%, meaningful amounts",Family,2026-07-22,2026-07-22,2026-07-29,2026-08-15,2026-08-15,,,2026-11-13,2026-09-27,2026-09-19,100,verified,connected,built,ready,0,7,2026-10-27,yes,0,2026-08-15T13:55:33+05:30,,off,,98,https://spiffler33.github.io/yeslyf-wireframes/admin_wireframes.html?run=3000&screen=M03&person=P01625,false
P01629,Harini,Menon,9000038633,,Chennai,35 to 39,corporate_session,false,false,S2,free,,,Adviser 05,10 to 25 lakhs,25 lakhs to 1 crore,"More than 40%, I live well below my means",Freedom,2026-07-22,2026-07-22,,,,,,,,2026-07-23,20,not_started,,not_started,,,,,,,,,off,,62,https://spiffler33.github.io/yeslyf-wireframes/admin_wireframes.html?run=3000&screen=M03&person=P01629,false
P01630,Revathi,Pillai,9000060664,revathi.pillai.263@example.com,Bengaluru,25 to 29,community,true,false,S2c,free,,,Adviser 06,Under 10 lakhs,5 to 25 lakhs,"More than 40%, I live well below my means",Freedom,2026-07-20,2026-07-21,,,,,,,,2026-08-11,20,verified,,not_started,,,,,,,,,off,,94,https://spiffler33.github.io/yeslyf-wireframes/admin_wireframes.html?run=3000&screen=M03&person=P01630,false
P01631,Nidhi,Jain,9000029134,nidhi.jain.369@example.com,Ahmedabad,30 to 34,organic,true,false,S8,diwm,diwm,active,Adviser 04,10 to 25 lakhs,25 lakhs to 1 crore,"More than 40%, I live well below my means",Family,2026-07-20,2026-07-20,2026-07-20,2026-07-31,2026-07-31,2026-07-31,,2026-10-29,2026-10-18,2026-09-17,100,verified,connected,read,ready,0,4,2026-10-18,yes,0,2026-07-31T09:19:21+05:30,,off,,98,https://spiffler33.github.io/yeslyf-wireframes/admin_wireframes.html?run=3000&screen=M03&person=P01631,false
P01635,Aravind,Balakrishnan,9000082992,,Chennai,35 to 39,community,true,true,S2,free,,,Adviser 03,10 to 25 lakhs,5 to 25 lakhs,"Around 25%, meaningful amounts",Family,2026-07-21,2026-07-21,,,,,,,,2026-07-22,20,not_started,,not_started,,,,,,,,,off,,62,https://spiffler33.github.io/yeslyf-wireframes/admin_wireframes.html?run=3000&screen=M03&person=P01635,false
P01636,Ritika,Rathore,9000051818,,Gurugram,30 to 34,corporate_session,true,false,S2,free,,,Adviser 01,50 lakhs to 1 crore,25 lakhs to 1 crore,"More than 40%, I live well below my means",Security,2026-07-22,2026-07-22,,,,,,,,2026-07-25,20,not_started,,not_started,,,,,,,,,off,,62,https://spiffler33.github.io/yeslyf-wireframes/admin_wireframes.html?run=3000&screen=M03&person=P01636,false
P01637,Nithya,Chandran,9000004118,,Chennai,30 to 34,organic,true,false,S2,free,,,Adviser 01,10 to 25 lakhs,25 lakhs to 1 crore,"Around 25%, meaningful amounts",Family,2026-07-21,2026-07-21,,,,,,,,2026-07-25,20,not_started,,not_started,,,,,,,,,off,,62,https://spiffler33.github.io/yeslyf-wireframes/admin_wireframes.html?run=3000&screen=M03&person=P01637,false
P01638,Sneha,Shinde,9000091783,,Mumbai,25 to 29,referral,false,false,S2,free,,,Adviser 04,10 to 25 lakhs,Under 5 lakhs,"More than 40%, I live well below my means",Family,2026-07-21,2026-07-22,,,,,,,,2026-07-23,20,not_started,,not_started,,,,,,,,,off,,62,https://spiffler33.github.io/yeslyf-wireframes/admin_wireframes.html?run=3000&screen=M03&person=P01638,false
P01639,Chinmay,Pawar,9000079480,,Ahmedabad,30 to 34,community,true,false,S1,free,,,Adviser 06,10 to 25 lakhs,25 lakhs to 1 crore,"More than 40%, I live well below my means",,2026-07-25,,,,,,,,,2026-07-26,0,not_started,,not_started,,,,,,,,,off,,44,https://spiffler33.github.io/yeslyf-wireframes/admin_wireframes.html?run=3000&screen=M03&person=P01639,false
P01641,Bhavana,Prasad,9000017120,,Hyderabad,35 to 39,community,true,false,S2,free,,,Adviser 06,50 lakhs to 1 crore,1 to 5 crores,"Around 40%, some serious money",Legacy,2026-07-24,2026-07-24,,,,,,,,2026-07-28,20,not_started,,not_started,,,,,,,,,off,,62,https://spiffler33.github.io/yeslyf-wireframes/admin_wireframes.html?run=3000&screen=M03&person=P01641,false
P01642,Shruti,Kamat,9000067812,shruti.kamat.644@example.com,Pune,25 to 29,web_reveal,true,false,S2,free,,,Adviser 02,10 to 25 lakhs,5 to 25 lakhs,"Around 25%, meaningful amounts",Freedom,2026-07-20,2026-07-21,,,,,,,,2026-08-12,20,not_started,,not_started,,,,,,,,,off,,62,https://spiffler33.github.io/yeslyf-wireframes/admin_wireframes.html?run=3000&screen=M03&person=P01642,false
P01646,Venkat,Natarajan,9000059126,venkat.natarajan.380@example.com,Bengaluru,25 to 29,community,true,false,S2,free,,,Adviser 06,Under 10 lakhs,5 to 25 lakhs,"More than 40%, I live well below my means",Generosity,2026-07-26,2026-07-26,,,,,,,,2026-08-16,20,not_started,,not_started,,,,,,,,,off,,62,https://spiffler33.github.io/yeslyf-wireframes/admin_wireframes.html?run=3000&screen=M03&person=P01646,false
P01650,Harpreet,Arora,9000020124,,Gurugram,30 to 34,community,true,false,S1,free,,,Adviser 02,25 to 50 lakhs,,,,2026-07-22,,,,,,,,,2026-07-23,0,not_started,,not_started,,,,,,,,,off,,31,https://spiffler33.github.io/yeslyf-wireframes/admin_wireframes.html?run=3000&screen=M03&person=P01650,false
P01651,Siddharth,Bhosale,9000006662,,Pune,30 to 34,organic,false,true,S1,free,,,Adviser 04,,,,,2026-07-25,,,,,,,,,2026-07-25,0,not_started,,not_started,,,,,,,,,off,,12,https://spiffler33.github.io/yeslyf-wireframes/admin_wireframes.html?run=3000&screen=M03&person=P01651,false
P01652,Ishani,Ghosh,9000044274,,Bhubaneswar,35 to 39,community,true,false,S1,free,,,Adviser 03,,,,,2026-07-21,,,,,,,,,2026-07-23,0,not_started,,not_started,,,,,,,,,off,,25,https://spiffler33.github.io/yeslyf-wireframes/admin_wireframes.html?run=3000&screen=M03&person=P01652,false
P01653,Kabir,Bhatia,9000021983,,Gurugram,35 to 39,community,true,false,S1,free,,,Adviser 01,,,,,2026-07-28,,,,,,,,,2026-07-29,0,not_started,,not_started,,,,,,,,,off,,12,https://spiffler33.github.io/yeslyf-wireframes/admin_wireframes.html?run=3000&screen=M03&person=P01653,false
P01657,Sindhu,Prasad,9000077530,,Hyderabad,35 to 39,community,true,false,S2,free,,,Adviser 06,50 lakhs to 1 crore,1 to 5 crores,"More than 40%, I live well below my means",Legacy,2026-07-22,2026-07-22,,,,,,,,2026-07-25,20,not_started,,not_started,,,,,,,,,off,,62,https://spiffler33.github.io/yeslyf-wireframes/admin_wireframes.html?run=3000&screen=M03&person=P01657,false
P01660,Harini,Subramanian,9000025432,,Hyderabad,35 to 39,referral,true,false,S2,free,,,Adviser 02,10 to 25 lakhs,25 lakhs to 1 crore,"Around 25%, meaningful amounts",Family,2026-07-24,2026-07-24,,,,,,,,2026-07-27,20,not_started,,not_started,,,,,,,,,off,,62,https://spiffler33.github.io/yeslyf-wireframes/admin_wireframes.html?run=3000&screen=M03&person=P01660,false
P01661,Vishnu,Iyer,9000084753,,Hyderabad,40 to 44,referral,true,false,S2,free,,,Adviser 03,25 to 50 lakhs,25 lakhs to 1 crore,"More than 40%, I live well below my means",Family,2026-07-25,2026-07-25,,,,,,,,2026-07-28,20,not_started,,not_started,,,,,,,,,off,,62,https://spiffler33.github.io/yeslyf-wireframes/admin_wireframes.html?run=3000&screen=M03&person=P01661,false
P01662,Varsha,Rajan,9000020468,varsha.rajan.942@example.com,Hyderabad,35 to 39,community,true,false,S2,free,,,Adviser 06,25 to 50 lakhs,25 lakhs to 1 crore,"Around 40%, some serious money",Generosity,2026-07-23,2026-07-23,,,,,,,,2026-08-13,20,not_started,,not_started,,,,,,,,,off,,62,https://spiffler33.github.io/yeslyf-wireframes/admin_wireframes.html?run=3000&screen=M03&person=P01662,false
P01663,Priya,Mishra,9000054230,priya.mishra.828@example.com,Gurugram,30 to 34,web_reveal,true,true,S1,free,,,Adviser 03,10 to 25 lakhs,,,,2026-08-01,,,,,,,,,2026-08-01,0,not_started,,not_started,,,,,,,,,off,,31,https://spiffler33.github.io/yeslyf-wireframes/admin_wireframes.html?run=3000&screen=M03&person=P01663,false
P01664,Nirav,Gokhale,9000076227,,Mumbai,30 to 34,organic,true,false,S2,free,,,Adviser 01,10 to 25 lakhs,Under 5 lakhs,"More than 40%, I live well below my means",Freedom,2026-08-02,2026-08-03,,,,,,,,2026-09-08,20,not_started,,not_started,,,,,,,,,off,,62,https://spiffler33.github.io/yeslyf-wireframes/admin_wireframes.html?run=3000&screen=M03&person=P01664,false
P01665,Ankit,Sethi,9000080110,,Delhi,35 to 39,organic,true,false,S2,free,,,Adviser 05,25 to 50 lakhs,25 lakhs to 1 crore,"More than 40%, I live well below my means",Security,2026-07-23,2026-07-23,,,,,,,,2026-07-26,20,not_started,,not_started,,,,,,,,,off,,62,https://spiffler33.github.io/yeslyf-wireframes/admin_wireframes.html?run=3000&screen=M03&person=P01665,false
P01667,Mehak,Sharma,9000004060,,Delhi,40 to 44,community,true,false,S2,free,,,Adviser 01,50 lakhs to 1 crore,1 to 5 crores,"More than 40%, I live well below my means",Legacy,2026-07-24,2026-07-24,,,,,,,,2026-07-28,20,not_started,,not_started,,,,,,,,,off,,62,https://spiffler33.github.io/yeslyf-wireframes/admin_wireframes.html?run=3000&screen=M03&person=P01667,false
P01669,Rahul,Verma,9000070625,,Noida,30 to 34,organic,true,false,S2,free,,,Adviser 03,25 to 50 lakhs,25 lakhs to 1 crore,"More than 40%, I live well below my means",Freedom,2026-07-28,2026-07-28,,,,,,,,2026-08-01,20,not_started,,not_started,,,,,,,,,off,,62,https://spiffler33.github.io/yeslyf-wireframes/admin_wireframes.html?run=3000&screen=M03&person=P01669,false
P01670,Sandeep,Natarajan,9000046667,,Hyderabad,40 to 44,community,true,false,S2,free,,,Adviser 04,50 lakhs to 1 crore,25 lakhs to 1 crore,"Around 40%, some serious money",Family,2026-07-26,2026-07-27,,,,,,,,2026-07-30,20,not_started,,not_started,,,,,,,,,off,,62,https://spiffler33.github.io/yeslyf-wireframes/admin_wireframes.html?run=3000&screen=M03&person=P01670,false
P01671,Lakshmi,Subramanian,9000032225,,Bengaluru,25 to 29,organic,false,false,S1,free,,,Adviser 06,,,,,2026-07-27,,,,,,,,,2026-07-28,0,not_started,,not_started,,,,,,,,,off,,25,https://spiffler33.github.io/yeslyf-wireframes/admin_wireframes.html?run=3000&screen=M03&person=P01671,false
P01673,Ritika,Saxena,9000067482,,Bengaluru,30 to 34,community,true,false,S2,free,,,Adviser 02,10 to 25 lakhs,5 to 25 lakhs,"More than 40%, I live well below my means",Freedom,2026-07-23,2026-07-24,,,,,,,,2026-07-27,20,not_started,,not_started,,,,,,,,,off,,62,https://spiffler33.github.io/yeslyf-wireframes/admin_wireframes.html?run=3000&screen=M03&person=P01673,false
P01675,Nitin,Gill,9000095958,,Gurugram,30 to 34,community,true,false,S2,free,,,Adviser 04,25 to 50 lakhs,25 lakhs to 1 crore,"More than 40%, I live well below my means",Freedom,2026-07-30,2026-07-31,,,,,,,,2026-08-03,20,not_started,,not_started,,,,,,,,,off,,62,https://spiffler33.github.io/yeslyf-wireframes/admin_wireframes.html?run=3000&screen=M03&person=P01675,false
P01676,Amruta,Bhosale,9000003679,amruta.bhosale.426@example.com,Pune,30 to 34,community,true,false,S9,diy,diy,active,Adviser 02,25 to 50 lakhs,5 to 25 lakhs,"Around 25%, meaningful amounts",Generosity,2026-07-25,2026-07-26,2026-07-28,2026-08-17,2026-08-17,2026-08-22,,2026-11-15,2026-10-26,2026-09-23,100,verified,not_connected,read,executing,1,5,,yes,2,2026-09-12T21:46:44+05:30,,off,,100,https://spiffler33.github.io/yeslyf-wireframes/admin_wireframes.html?run=3000&screen=M03&person=P01676,false
P01677,Kaushik,Majumdar,9000047763,,Kolkata,30 to 34,community,true,false,S1,free,,,Adviser 06,,,,,2026-07-25,,,,,,,,,2026-07-26,0,not_started,,not_started,,,,,,,,,off,,25,https://spiffler33.github.io/yeslyf-wireframes/admin_wireframes.html?run=3000&screen=M03&person=P01677,false
P01678,Heena,Desai,9000078609,,Pune,30 to 34,community,true,false,S1,free,,,Adviser 05,,,,,2026-07-26,,,,,,,,,2026-07-27,0,not_started,,not_started,,,,,,,,,off,,25,https://spiffler33.github.io/yeslyf-wireframes/admin_wireframes.html?run=3000&screen=M03&person=P01678,false
P01680,Keerthana,Kumar,9000017166,,Chennai,25 to 29,community,true,false,S2,free,,,Adviser 03,25 to 50 lakhs,25 lakhs to 1 crore,"More than 40%, I live well below my means",Legacy,2026-07-24,2026-07-24,,,,,,,,2026-07-28,20,not_started,,not_started,,,,,,,,,off,,62,https://spiffler33.github.io/yeslyf-wireframes/admin_wireframes.html?run=3000&screen=M03&person=P01680,false
P01681,Ganesh,Krishnan,9000087431,,Hyderabad,35 to 39,corporate_session,false,false,S2,free,,,Adviser 04,50 lakhs to 1 crore,25 lakhs to 1 crore,"Around 25%, meaningful amounts",Security,2026-07-24,2026-07-24,,,,,,,,2026-07-25,20,not_started,,not_started,,,,,,,,,off,,62,https://spiffler33.github.io/yeslyf-wireframes/admin_wireframes.html?run=3000&screen=M03&person=P01681,false
P01685,Janani,Kamath,9000025398,,Hyderabad,30 to 34,organic,false,false,S2,free,,,Adviser 03,10 to 25 lakhs,5 to 25 lakhs,"More than 40%, I live well below my means",Legacy,2026-07-23,2026-07-24,,,,,,,,2026-07-25,20,not_started,,not_started,,,,,,,,,off,,62,https://spiffler33.github.io/yeslyf-wireframes/admin_wireframes.html?run=3000&screen=M03&person=P01685,false
P01688,Revathi,Krishnan,9000011581,,Bengaluru,25 to 29,community,true,false,S2,free,,,Adviser 02,Under 10 lakhs,5 to 25 lakhs,"Around 25%, meaningful amounts",Freedom,2026-07-25,2026-07-25,,,,,,,,2026-07-28,20,not_started,,not_started,,,,,,,,,off,,62,https://spiffler33.github.io/yeslyf-wireframes/admin_wireframes.html?run=3000&screen=M03&person=P01688,false
P01689,Nishant,Desai,9000059607,,Mumbai,30 to 34,community,true,false,S2,free,,,Adviser 04,10 to 25 lakhs,25 lakhs to 1 crore,"More than 40%, I live well below my means",Security,2026-07-24,2026-07-24,,,,,,,,2026-07-27,20,not_started,,not_started,,,,,,,,,off,,62,https://spiffler33.github.io/yeslyf-wireframes/admin_wireframes.html?run=3000&screen=M03&person=P01689,false
P01690,Tarun,Gupta,9000017384,,Gurugram,30 to 34,community,true,false,S2,free,,,Adviser 01,10 to 25 lakhs,5 to 25 lakhs,"More than 40%, I live well below my means",Freedom,2026-08-01,2026-08-02,,,,,,,,2026-08-05,20,not_started,,not_started,,,,,,,,,off,,62,https://spiffler33.github.io/yeslyf-wireframes/admin_wireframes.html?run=3000&screen=M03&person=P01690,false
P01691,Deepa,Murthy,9000041167,deepa.murthy.733@example.com,Hyderabad,35 to 39,community,true,true,S2,free,,,Adviser 04,25 to 50 lakhs,25 lakhs to 1 crore,"More than 40%, I live well below my means",Generosity,2026-07-25,2026-07-26,,,,,,,,2026-08-16,20,not_started,,not_started,,,,,,,,,off,,62,https://spiffler33.github.io/yeslyf-wireframes/admin_wireframes.html?run=3000&screen=M03&person=P01691,false
P01694,Kunal,Dave,9000090962,,Pune,25 to 29,organic,true,false,S2,free,,,Adviser 05,10 to 25 lakhs,5 to 25 lakhs,"Around 40%, some serious money",Legacy,2026-07-24,2026-07-26,,,,,,,,2026-07-29,20,not_started,,not_started,,,,,,,,,off,,62,https://spiffler33.github.io/yeslyf-wireframes/admin_wireframes.html?run=3000&screen=M03&person=P01694,false
P01695,Ishita,Tiwari,9000003892,ishita.tiwari.580@example.com,Gurugram,30 to 34,community,false,false,S2,free,,,Adviser 05,25 to 50 lakhs,25 lakhs to 1 crore,"Around 25%, meaningful amounts",Family,2026-07-25,2026-07-25,,,,,,,,2026-08-16,20,not_started,,not_started,,,,,,,,,off,,62,https://spiffler33.github.io/yeslyf-wireframes/admin_wireframes.html?run=3000&screen=M03&person=P01695,false
P01696,Foram,Kamat,9000062373,foram.kamat.434@example.com,Mumbai,30 to 34,community,true,false,S19,diwm,diwm,active,Adviser 05,25 to 50 lakhs,25 lakhs to 1 crore,"More than 40%, I live well below my means",Legacy,2026-07-24,2026-07-24,2026-08-25,,,,,,2026-09-24,2026-09-10,91,verified,not_connected,in_progress,not_started,,,,no,0,2026-08-27T08:23:25+05:30,,off,,97,https://spiffler33.github.io/yeslyf-wireframes/admin_wireframes.html?run=3000&screen=M03&person=P01696,false
P01698,Pavithra,Naidu,9000097371,pavithra.naidu.330@example.com,Bengaluru,under 25,community,true,false,S4,diwm,diwm,active,Adviser 05,10 to 25 lakhs,5 to 25 lakhs,"Around 25%, meaningful amounts",Security,2026-07-28,2026-07-29,2026-09-19,,,,,,2026-10-19,2026-09-22,63,verified,partial,in_progress,not_started,,,2026-12-18,no,0,2026-09-21T08:23:05+05:30,,off,,85,https://spiffler33.github.io/yeslyf-wireframes/admin_wireframes.html?run=3000&screen=M03&person=P01698,false
P01702,Aditya,Tiwari,9000030238,,Gurugram,35 to 39,community,true,false,S2,free,,,Adviser 06,50 lakhs to 1 crore,1 to 5 crores,"Around 40%, some serious money",Family,2026-07-24,2026-07-25,,,,,,,,2026-07-28,20,not_started,,not_started,,,,,,,,,off,,62,https://spiffler33.github.io/yeslyf-wireframes/admin_wireframes.html?run=3000&screen=M03&person=P01702,false
P01705,Meenakshi,Hegde,9000060161,,Chennai,30 to 34,community,true,false,S1,free,,,Adviser 03,,,,,2026-07-30,,,,,,,,,2026-07-31,0,not_started,,not_started,,,,,,,,,off,,19,https://spiffler33.github.io/yeslyf-wireframes/admin_wireframes.html?run=3000&screen=M03&person=P01705,false
P01706,Parth,Pandya,9000072187,,Ahmedabad,35 to 39,community,true,false,S2,free,,,Adviser 04,10 to 25 lakhs,25 lakhs to 1 crore,"More than 40%, I live well below my means",Family,2026-07-26,2026-07-27,,,,,,,,2026-07-30,20,not_started,,not_started,,,,,,,,,off,,62,https://spiffler33.github.io/yeslyf-wireframes/admin_wireframes.html?run=3000&screen=M03&person=P01706,false
P01708,Arun,Hegde,9000093377,arun.hegde.604@example.com,Pune,30 to 34,community,true,false,S2,free,,,Adviser 01,10 to 25 lakhs,25 lakhs to 1 crore,"More than 40%, I live well below my means",Freedom,2026-07-26,2026-07-26,,,,,,,,2026-08-16,20,not_started,,not_started,,,,,,,,,off,,62,https://spiffler33.github.io/yeslyf-wireframes/admin_wireframes.html?run=3000&screen=M03&person=P01708,false
P01710,Lakshmi,Reddy,9000004829,,Coimbatore,30 to 34,community,true,false,S2,free,,,Adviser 01,Under 10 lakhs,25 lakhs to 1 crore,"More than 40%, I live well below my means",Legacy,2026-07-25,2026-07-25,,,,,,,,2026-07-28,20,not_started,,not_started,,,,,,,,,off,,62,https://spiffler33.github.io/yeslyf-wireframes/admin_wireframes.html?run=3000&screen=M03&person=P01710,false
P01711,Suresh,Chandran,9000023591,,Chennai,30 to 34,community,true,false,S2,free,,,Adviser 01,25 to 50 lakhs,25 lakhs to 1 crore,"More than 40%, I live well below my means",Security,2026-07-28,2026-07-29,,,,,,,,2026-08-01,20,not_started,,not_started,,,,,,,,,off,,62,https://spiffler33.github.io/yeslyf-wireframes/admin_wireframes.html?run=3000&screen=M03&person=P01711,false
P01712,Krupa,Patil,9000044782,,Mumbai,35 to 39,organic,true,false,S2,free,,,Adviser 03,10 to 25 lakhs,5 to 25 lakhs,"More than 40%, I live well below my means",Freedom,2026-07-25,2026-07-25,,,,,,,,2026-07-28,20,not_started,,not_started,,,,,,,,,off,,62,https://spiffler33.github.io/yeslyf-wireframes/admin_wireframes.html?run=3000&screen=M03&person=P01712,false
P01713,Dhruv,Joshi,9000005110,dhruv.joshi.293@example.com,Mumbai,25 to 29,web_reveal,true,false,S2,free,,,Adviser 05,25 to 50 lakhs,25 lakhs to 1 crore,"More than 40%, I live well below my means",Family,2026-07-27,2026-07-27,,,,,,,,2026-08-17,20,not_started,,not_started,,,,,,,,,off,,62,https://spiffler33.github.io/yeslyf-wireframes/admin_wireframes.html?run=3000&screen=M03&person=P01713,false
P01714,Bhavana,Iyengar,9000027570,bhavana.iyengar.128@example.com,Bengaluru,30 to 34,web_reveal,false,false,S1,free,,,Adviser 02,Under 10 lakhs,5 to 25 lakhs,,,2026-07-25,,,,,,,,,2026-07-26,0,not_started,,not_started,,,,,,,,,off,,38,https://spiffler33.github.io/yeslyf-wireframes/admin_wireframes.html?run=3000&screen=M03&person=P01714,false
P01715,Ruchi,Bansal,9000050922,ruchi.bansal.810@example.com,Gurugram,35 to 39,community,true,false,S2,free,,,Adviser 01,25 to 50 lakhs,25 lakhs to 1 crore,"More than 40%, I live well below my means",Family,2026-07-28,2026-07-28,,,,,,,,2026-08-18,20,not_started,,not_started,,,,,,,,,off,,62,https://spiffler33.github.io/yeslyf-wireframes/admin_wireframes.html?run=3000&screen=M03&person=P01715,false
P01718,Sneha,Kulkarni,9000072209,,Mumbai,30 to 34,community,true,false,S2,free,,,Adviser 03,25 to 50 lakhs,25 lakhs to 1 crore,"More than 40%, I live well below my means",Freedom,2026-07-30,2026-07-31,,,,,,,,2026-08-03,20,not_started,,not_started,,,,,,,,,off,,62,https://spiffler33.github.io/yeslyf-wireframes/admin_wireframes.html?run=3000&screen=M03&person=P01718,false
P01719,Pavithra,Rao,9000088951,,Hyderabad,30 to 34,corporate_session,true,false,S2,free,,,Adviser 02,50 lakhs to 1 crore,1 to 5 crores,"Around 25%, meaningful amounts",Freedom,2026-07-30,2026-07-30,,,,,,,,2026-08-03,20,not_started,,not_started,,,,,,,,,off,,62,https://spiffler33.github.io/yeslyf-wireframes/admin_wireframes.html?run=3000&screen=M03&person=P01719,false
P01720,Nithya,Srinivasan,9000049897,,Bengaluru,25 to 29,community,true,false,S2,free,,,Adviser 02,10 to 25 lakhs,5 to 25 lakhs,"Around 40%, some serious money",Freedom,2026-07-29,2026-07-29,,,,,,,,2026-08-01,20,not_started,,not_started,,,,,,,,,off,,62,https://spiffler33.github.io/yeslyf-wireframes/admin_wireframes.html?run=3000&screen=M03&person=P01720,false
P01721,Mansi,Dave,9000095365,,Pune,30 to 34,corporate_session,true,false,S2,free,,,Adviser 01,10 to 25 lakhs,5 to 25 lakhs,"More than 40%, I live well below my means",Legacy,2026-07-25,2026-07-26,,,,,,,,2026-07-29,20,not_started,,not_started,,,,,,,,,off,,62,https://spiffler33.github.io/yeslyf-wireframes/admin_wireframes.html?run=3000&screen=M03&person=P01721,false
P01728,Swathi,Rao,9000058108,,Bengaluru,25 to 29,corporate_session,false,false,S2,free,,,Adviser 05,10 to 25 lakhs,Under 5 lakhs,"Around 25%, meaningful amounts",Freedom,2026-07-27,2026-07-28,,,,,,,,2026-07-29,20,not_started,,not_started,,,,,,,,,off,,62,https://spiffler33.github.io/yeslyf-wireframes/admin_wireframes.html?run=3000&screen=M03&person=P01728,false
P01729,Tejas,Chitale,9000055607,tejas.chitale.176@example.com,Chennai,30 to 34,web_reveal,true,false,S2,free,,,Adviser 02,50 lakhs to 1 crore,25 lakhs to 1 crore,"More than 40%, I live well below my means",Family,2026-07-29,2026-07-30,,,,,,,,2026-08-20,20,not_started,,not_started,,,,,,,,,off,,62,https://spiffler33.github.io/yeslyf-wireframes/admin_wireframes.html?run=3000&screen=M03&person=P01729,false
P01733,Swathi,Prasad,9000071759,,Chennai,40 to 44,corporate_session,false,false,S2,free,,,Adviser 02,50 lakhs to 1 crore,1 to 5 crores,"More than 40%, I live well below my means",Legacy,2026-07-26,2026-07-26,,,,,,,,2026-07-27,20,not_started,,not_started,,,,,,,,,off,,62,https://spiffler33.github.io/yeslyf-wireframes/admin_wireframes.html?run=3000&screen=M03&person=P01733,false
P01734,Mohit,Bansal,9000084001,,Delhi,35 to 39,organic,false,false,S2,free,,,Adviser 03,50 lakhs to 1 crore,25 lakhs to 1 crore,"More than 40%, I live well below my means",Security,2026-07-25,2026-07-26,,,,,,,,2026-07-27,20,not_started,,not_started,,,,,,,,,off,,62,https://spiffler33.github.io/yeslyf-wireframes/admin_wireframes.html?run=3000&screen=M03&person=P01734,false
P01735,Chinmay,Thakkar,9000012235,chinmay.thakkar.199@example.com,Mumbai,30 to 34,web_reveal,true,false,S2,free,,,Adviser 03,50 lakhs to 1 crore,1 to 5 crores,"More than 40%, I live well below my means",Security,2026-07-26,2026-07-26,,,,,,,,2026-08-16,20,not_started,,not_started,,,,,,,,,off,,62,https://spiffler33.github.io/yeslyf-wireframes/admin_wireframes.html?run=3000&screen=M03&person=P01735,false
P01736,Rajiv,Kamath,9000077541,rajiv.kamath.511@example.com,Bengaluru,30 to 34,community,false,false,S25,diwm,diwm,active,Adviser 06,Under 10 lakhs,5 to 25 lakhs,"Around 40%, some serious money",Freedom,2026-08-02,2026-08-03,2026-08-10,,,,,,2026-10-09,2026-09-14,37,verified,cas_uploaded,in_progress,not_started,,,,no,0,2026-08-13T09:59:18+05:30,,off,,62,https://spiffler33.github.io/yeslyf-wireframes/admin_wireframes.html?run=3000&screen=M03&person=P01736,false
P01737,Priyanka,Bose,9000088009,priyanka.bose.104@example.com,Pune,30 to 34,community,true,false,S2,free,,,Adviser 01,10 to 25 lakhs,5 to 25 lakhs,"Around 40%, some serious money",Freedom,2026-07-27,2026-07-27,,,,,,,,2026-08-18,20,not_started,,not_started,,,,,,,,,off,,62,https://spiffler33.github.io/yeslyf-wireframes/admin_wireframes.html?run=3000&screen=M03&person=P01737,false
P01743,Prasanna,Nair,9000045800,,Hyderabad,35 to 39,referral,true,false,S1,free,,,Adviser 04,25 to 50 lakhs,,,,2026-07-28,,,,,,,,,2026-07-29,0,not_started,,not_started,,,,,,,,,off,,31,https://spiffler33.github.io/yeslyf-wireframes/admin_wireframes.html?run=3000&screen=M03&person=P01743,false
P01744,Ramya,Murthy,9000058877,,Chennai,30 to 34,corporate_session,true,false,S1,free,,,Adviser 05,,,,,2026-07-28,,,,,,,,,2026-07-29,0,not_started,,not_started,,,,,,,,,off,,25,https://spiffler33.github.io/yeslyf-wireframes/admin_wireframes.html?run=3000&screen=M03&person=P01744,false
P01745,Divya,Gupta,9000078982,divya.gupta.259@example.com,Lucknow,25 to 29,community,true,false,S2,free,,,Adviser 02,10 to 25 lakhs,5 to 25 lakhs,"More than 40%, I live well below my means",Generosity,2026-07-28,2026-07-28,,,,,,,,2026-08-18,20,not_started,,not_started,,,,,,,,,off,,62,https://spiffler33.github.io/yeslyf-wireframes/admin_wireframes.html?run=3000&screen=M03&person=P01745,false
P01746,Pranav,Khanna,9000083022,,Gurugram,30 to 34,corporate_session,true,true,S2,free,,,Adviser 01,25 to 50 lakhs,25 lakhs to 1 crore,"More than 40%, I live well below my means",Generosity,2026-07-30,2026-07-30,,,,,,,,2026-07-31,20,not_started,,not_started,,,,,,,,,off,,62,https://spiffler33.github.io/yeslyf-wireframes/admin_wireframes.html?run=3000&screen=M03&person=P01746,false
P01747,Madhura,Chitale,9000035116,madhura.chitale.465@example.com,Hyderabad,35 to 39,corporate_session,false,false,S24,diwm,diwm,cancelled,Adviser 04,25 to 50 lakhs,25 lakhs to 1 crore,"More than 40%, I live well below my means",Security,2026-07-28,2026-07-29,2026-09-14,2026-09-21,2026-09-21,,,2026-12-20,,2026-09-21,100,verified,not_connected,built,ready,0,3,,yes,0,2026-09-21T10:02:57+05:30,,off,,100,https://spiffler33.github.io/yeslyf-wireframes/admin_wireframes.html?run=3000&screen=M03&person=P01747,false
P01752,Mehak,Tiwari,9000007088,,Delhi,40 to 44,organic,true,false,S1,free,,,Adviser 06,,,,,2026-07-27,,,,,,,,,2026-07-28,0,not_started,,not_started,,,,,,,,,off,,19,https://spiffler33.github.io/yeslyf-wireframes/admin_wireframes.html?run=3000&screen=M03&person=P01752,false
P01753,Vignesh,Kumar,9000059134,,Bengaluru,25 to 29,community,true,false,S2,free,,,Adviser 04,10 to 25 lakhs,5 to 25 lakhs,"Around 40%, some serious money",Security,2026-07-27,2026-07-27,,,,,,,,2026-09-11,20,not_started,,not_started,,,,,,,,,off,,62,https://spiffler33.github.io/yeslyf-wireframes/admin_wireframes.html?run=3000&screen=M03&person=P01753,false
P01757,Jay,Vora,9000038613,jay.vora.431@example.com,Pune,30 to 34,organic,false,false,S19,diwm,diwm,active,Adviser 02,Under 10 lakhs,5 to 25 lakhs,"Around 40%, some serious money",Freedom,2026-07-28,2026-07-28,2026-07-31,,,,,,2026-09-29,2026-09-14,42,verified (address typed),not_connected,in_progress,not_started,,,,no,0,2026-08-01T02:30:31+05:30,,off,,62,https://spiffler33.github.io/yeslyf-wireframes/admin_wireframes.html?run=3000&screen=M03&person=P01757,false
P01758,Devika,Vora,9000034134,devika.vora.944@example.com,Ahmedabad,35 to 39,community,true,false,S1,free,,,Adviser 03,10 to 25 lakhs,,,,2026-07-29,,,,,,,,,2026-07-30,0,not_started,,not_started,,,,,,,,,off,,31,https://spiffler33.github.io/yeslyf-wireframes/admin_wireframes.html?run=3000&screen=M03&person=P01758,false
P01759,Chinmay,Deshmukh,9000010896,,Ahmedabad,30 to 34,community,true,false,S2,free,,,Adviser 06,25 to 50 lakhs,25 lakhs to 1 crore,"Around 40%, some serious money",Generosity,2026-07-29,2026-07-30,,,,,,,,2026-08-02,20,not_started,,not_started,,,,,,,,,off,,62,https://spiffler33.github.io/yeslyf-wireframes/admin_wireframes.html?run=3000&screen=M03&person=P01759,false
P01760,Parth,Pawar,9000073078,parth.pawar.712@example.com,Mumbai,30 to 34,web_reveal,true,false,S1,free,,,Adviser 06,,,,,2026-07-31,,,,,,,,,2026-08-01,0,not_started,,not_started,,,,,,,,,off,,25,https://spiffler33.github.io/yeslyf-wireframes/admin_wireframes.html?run=3000&screen=M03&person=P01760,false
P01761,Ganesh,Subramanian,9000092796,,Chennai,35 to 39,community,true,false,S1,free,,,Adviser 06,,,,,2026-07-29,,,,,,,,,2026-07-30,0,not_started,,not_started,,,,,,,,,off,,19,https://spiffler33.github.io/yeslyf-wireframes/admin_wireframes.html?run=3000&screen=M03&person=P01761,false
P01763,Sneha,Apte,9000001211,,Mumbai,25 to 29,community,true,false,S2,free,,,Adviser 02,10 to 25 lakhs,1 to 5 crores,"More than 40%, I live well below my means",Security,2026-08-02,2026-08-02,,,,,,,,2026-08-05,20,not_started,,not_started,,,,,,,,,off,,62,https://spiffler33.github.io/yeslyf-wireframes/admin_wireframes.html?run=3000&screen=M03&person=P01763,false
P01767,Indrani,Banerjee,9000016740,,Pune,30 to 34,community,true,false,S2,free,,,Adviser 01,10 to 25 lakhs,5 to 25 lakhs,"Around 25%, meaningful amounts",Legacy,2026-07-30,2026-07-30,,,,,,,,2026-08-02,20,not_started,,not_started,,,,,,,,,off,,62,https://spiffler33.github.io/yeslyf-wireframes/admin_wireframes.html?run=3000&screen=M03&person=P01767,false
P01768,Aditya,Mehra,9000036327,aditya.mehra.373@example.com,Gurugram,30 to 34,community,true,false,S8,diwm,diwm,active,Adviser 06,10 to 25 lakhs,25 lakhs to 1 crore,"More than 40%, I live well below my means",Family,2026-07-28,2026-07-30,2026-07-31,2026-08-13,2026-08-13,2026-08-13,,2026-11-11,2026-10-29,2026-09-20,100,verified,connected,read,ready,0,5,2026-10-29,yes,1,2026-08-16T21:53:44+05:30,,off,,100,https://spiffler33.github.io/yeslyf-wireframes/admin_wireframes.html?run=3000&screen=M03&person=P01768,false
P01772,Kinjal,Kamat,9000063853,kinjal.kamat.817@example.com,Ahmedabad,30 to 34,web_reveal,true,false,S1,free,,,Adviser 02,10 to 25 lakhs,5 to 25 lakhs,"More than 40%, I live well below my means",,2026-08-02,,,,,,,,,2026-08-03,0,not_started,,not_started,,,,,,,,,off,,50,https://spiffler33.github.io/yeslyf-wireframes/admin_wireframes.html?run=3000&screen=M03&person=P01772,false
P01774,Jasleen,Tandon,9000027985,jasleen.tandon.598@example.com,Delhi,35 to 39,web_reveal,true,false,S2,free,,,Adviser 06,50 lakhs to 1 crore,25 lakhs to 1 crore,"More than 40%, I live well below my means",Legacy,2026-08-02,2026-08-03,,,,,,,,2026-08-24,20,not_started,,not_started,,,,,,,,,off,,62,https://spiffler33.github.io/yeslyf-wireframes/admin_wireframes.html?run=3000&screen=M03&person=P01774,false
P01775,Sindhu,Iyer,9000047198,sindhu.iyer.998@example.com,Coimbatore,35 to 39,web_reveal,true,false,S2,free,,,Adviser 05,10 to 25 lakhs,25 lakhs to 1 crore,"Around 25%, meaningful amounts",Legacy,2026-08-01,2026-08-02,,,,,,,,2026-08-23,20,not_started,,not_started,,,,,,,,,off,,62,https://spiffler33.github.io/yeslyf-wireframes/admin_wireframes.html?run=3000&screen=M03&person=P01775,false
P01776,Nitin,Mehra,9000069374,,Kochi,25 to 29,community,true,false,S2,free,,,Adviser 06,25 to 50 lakhs,25 lakhs to 1 crore,"More than 40%, I live well below my means",Freedom,2026-07-28,2026-07-29,,,,,,,,2026-08-01,20,not_started,,not_started,,,,,,,,,off,,62,https://spiffler33.github.io/yeslyf-wireframes/admin_wireframes.html?run=3000&screen=M03&person=P01776,false
P01778,Devika,Mehta,9000053588,,Mumbai,30 to 34,community,true,false,S2,free,,,Adviser 03,10 to 25 lakhs,5 to 25 lakhs,"More than 40%, I live well below my means",Freedom,2026-08-02,2026-08-03,,,,,,,,2026-08-07,20,not_started,,not_started,,,,,,,,,off,,62,https://spiffler33.github.io/yeslyf-wireframes/admin_wireframes.html?run=3000&screen=M03&person=P01778,false
P01779,Sandeep,Nair,9000016551,sandeep.nair.316@example.com,Chennai,35 to 39,corporate_session,true,false,S6,diy,diy,active,Adviser 05,Over 1 crore,25 lakhs to 1 crore,"More than 40%, I live well below my means",Security,2026-07-29,2026-07-30,2026-07-31,2026-08-05,2026-08-05,,,2026-11-03,2026-10-29,2026-09-17,100,verified,not_connected,built,ready,0,4,,yes,0,2026-08-05T18:35:36+05:30,,off,,100,https://spiffler33.github.io/yeslyf-wireframes/admin_wireframes.html?run=3000&screen=M03&person=P01779,false
P01780,Gayathri,Srinivasan,9000002340,gayathri.srinivasan.823@example.com,Hyderabad,35 to 39,web_reveal,true,false,S1,free,,,Adviser 05,25 to 50 lakhs,25 lakhs to 1 crore,"More than 40%, I live well below my means",,2026-07-31,,,,,,,,,2026-08-01,0,not_started,,not_started,,,,,,,,,off,,44,https://spiffler33.github.io/yeslyf-wireframes/admin_wireframes.html?run=3000&screen=M03&person=P01780,false
P01781,Mohit,Kapoor,9000094566,,Delhi,40 to 44,community,true,false,S1,free,,,Adviser 02,,,,,2026-07-30,,,,,,,,,2026-08-01,0,not_started,,not_started,,,,,,,,,off,,12,https://spiffler33.github.io/yeslyf-wireframes/admin_wireframes.html?run=3000&screen=M03&person=P01781,false
P01783,Nithya,Kamath,9000006385,,Bengaluru,under 25,corporate_session,true,false,S2,free,,,Adviser 06,10 to 25 lakhs,5 to 25 lakhs,"Around 25%, meaningful amounts",Freedom,2026-08-01,2026-08-01,,,,,,,,2026-08-04,20,not_started,,not_started,,,,,,,,,off,,62,https://spiffler33.github.io/yeslyf-wireframes/admin_wireframes.html?run=3000&screen=M03&person=P01783,false
P01784,Kunal,Pandya,9000042322,,Mumbai,40 to 44,community,true,false,S2,free,,,Adviser 03,50 lakhs to 1 crore,1 to 5 crores,"More than 40%, I live well below my means",Legacy,2026-08-06,2026-08-07,,,,,,,,2026-08-10,20,not_started,,not_started,,,,,,,,,off,,62,https://spiffler33.github.io/yeslyf-wireframes/admin_wireframes.html?run=3000&screen=M03&person=P01784,false
P01785,Prachi,Shah,9000011436,prachi.shah.791@example.com,Mumbai,25 to 29,community,true,true,S2,free,,,Adviser 04,25 to 50 lakhs,25 lakhs to 1 crore,"More than 40%, I live well below my means",Freedom,2026-07-29,2026-07-29,,,,,,,,2026-08-19,20,not_started,,not_started,,,,,,,,,off,,62,https://spiffler33.github.io/yeslyf-wireframes/admin_wireframes.html?run=3000&screen=M03&person=P01785,false
P01786,Chinmay,Pandya,9000016492,chinmay.pandya.302@example.com,Pune,30 to 34,community,false,false,S2c,free,,,Adviser 03,25 to 50 lakhs,25 lakhs to 1 crore,"More than 40%, I live well below my means",Freedom,2026-07-28,2026-07-28,,,,,,,,2026-08-19,20,verified,,not_started,,,,,,,,,off,,94,https://spiffler33.github.io/yeslyf-wireframes/admin_wireframes.html?run=3000&screen=M03&person=P01786,false
P01788,Anand,Shetty,9000026182,anand.shetty.102@example.com,Bengaluru,25 to 29,community,true,false,S2,free,,,Adviser 04,10 to 25 lakhs,5 to 25 lakhs,"Around 25%, meaningful amounts",Freedom,2026-07-29,2026-07-30,,,,,,,,2026-08-20,20,not_started,,not_started,,,,,,,,,off,,62,https://spiffler33.github.io/yeslyf-wireframes/admin_wireframes.html?run=3000&screen=M03&person=P01788,false
P01789,Ankit,Gupta,9000037320,ankit.gupta.110@example.com,Delhi,40 to 44,web_reveal,true,false,S2,free,,,Adviser 06,50 lakhs to 1 crore,1 to 5 crores,"Around 40%, some serious money",Legacy,2026-08-03,2026-08-03,,,,,,,,2026-08-28,20,not_started,,not_started,,,,,,,,,off,,62,https://spiffler33.github.io/yeslyf-wireframes/admin_wireframes.html?run=3000&screen=M03&person=P01789,false
P01792,Naveen,Kumar,9000052485,,Bengaluru,25 to 29,organic,true,false,S2,free,,,Adviser 02,10 to 25 lakhs,Under 5 lakhs,"More than 40%, I live well below my means",Freedom,2026-08-02,2026-08-03,,,,,,,,2026-08-06,20,not_started,,not_started,,,,,,,,,off,,62,https://spiffler33.github.io/yeslyf-wireframes/admin_wireframes.html?run=3000&screen=M03&person=P01792,false
P01793,Prasanna,Murthy,9000027817,,Bengaluru,40 to 44,organic,true,false,S2,free,,,Adviser 03,50 lakhs to 1 crore,25 lakhs to 1 crore,"More than 40%, I live well below my means",Family,2026-07-29,2026-07-29,,,,,,,,2026-08-01,20,not_started,,not_started,,,,,,,,,off,,62,https://spiffler33.github.io/yeslyf-wireframes/admin_wireframes.html?run=3000&screen=M03&person=P01793,false
P01794,Sandeep,Menon,9000013826,,Bengaluru,25 to 29,community,true,false,S2,free,,,Adviser 05,10 to 25 lakhs,5 to 25 lakhs,"Around 25%, meaningful amounts",Legacy,2026-07-30,2026-07-31,,,,,,,,2026-08-03,20,not_started,,not_started,,,,,,,,,off,,62,https://spiffler33.github.io/yeslyf-wireframes/admin_wireframes.html?run=3000&screen=M03&person=P01794,false
P01797,Karthik,Rajan,9000026979,karthik.rajan.291@example.com,Gurugram,30 to 34,web_reveal,false,false,S2c,free,,,Adviser 01,25 to 50 lakhs,5 to 25 lakhs,"Around 25%, meaningful amounts",Security,2026-07-30,2026-07-30,,,,,,,,2026-08-20,20,verified,,not_started,,,,,,,,,off,,94,https://spiffler33.github.io/yeslyf-wireframes/admin_wireframes.html?run=3000&screen=M03&person=P01797,false
P01798,Venkat,Natarajan,9000092109,,Hyderabad,35 to 39,organic,true,false,S2,free,,,Adviser 02,50 lakhs to 1 crore,25 lakhs to 1 crore,"More than 40%, I live well below my means",Security,2026-07-31,2026-08-01,,,,,,,,2026-08-04,20,not_started,,not_started,,,,,,,,,off,,62,https://spiffler33.github.io/yeslyf-wireframes/admin_wireframes.html?run=3000&screen=M03&person=P01798,false
P01799,Sameer,Kulkarni,9000041749,,Mumbai,30 to 34,community,true,true,S2,free,,,Adviser 06,25 to 50 lakhs,25 lakhs to 1 crore,"More than 40%, I live well below my means",Generosity,2026-07-30,2026-07-30,,,,,,,,2026-08-01,20,not_started,,not_started,,,,,,,,,off,,62,https://spiffler33.github.io/yeslyf-wireframes/admin_wireframes.html?run=3000&screen=M03&person=P01799,false
P01801,Gayathri,Hegde,9000057468,gayathri.hegde.770@example.com,Chennai,30 to 34,web_reveal,true,false,S2,free,,,Adviser 03,25 to 50 lakhs,25 lakhs to 1 crore,"Around 25%, meaningful amounts",Security,2026-08-04,2026-08-05,,,,,,,,2026-08-26,20,not_started,,not_started,,,,,,,,,off,,62,https://spiffler33.github.io/yeslyf-wireframes/admin_wireframes.html?run=3000&screen=M03&person=P01801,false
P01802,Yash,Kohli,9000048014,,Noida,35 to 39,corporate_session,false,false,S2,free,,,Adviser 01,25 to 50 lakhs,1 to 5 crores,"More than 40%, I live well below my means",Security,2026-07-31,2026-07-31,,,,,,,,2026-08-02,20,not_started,,not_started,,,,,,,,,off,,62,https://spiffler33.github.io/yeslyf-wireframes/admin_wireframes.html?run=3000&screen=M03&person=P01802,false
P01805,Hardik,Jadhav,9000058862,,Ahmedabad,30 to 34,corporate_session,true,false,S2,free,,,Adviser 04,10 to 25 lakhs,5 to 25 lakhs,"More than 40%, I live well below my means",Legacy,2026-07-30,2026-07-30,,,,,,,,2026-08-02,20,not_started,,not_started,,,,,,,,,off,,62,https://spiffler33.github.io/yeslyf-wireframes/admin_wireframes.html?run=3000&screen=M03&person=P01805,false
P01807,Tarun,Kapoor,9000023359,tarun.kapoor.441@example.com,Gurugram,40 to 44,community,true,false,S20,diwm,diwm,active,Adviser 05,50 lakhs to 1 crore,1 to 5 crores,"Around 40%, some serious money",Legacy,2026-07-30,2026-07-31,2026-08-07,2026-08-25,2026-08-25,,,2026-11-23,2026-10-06,2026-09-20,100,verified,not_connected,built,ready,0,3,,yes,0,2026-08-25T08:40:15+05:30,,off,,98,https://spiffler33.github.io/yeslyf-wireframes/admin_wireframes.html?run=3000&screen=M03&person=P01807,false
P01808,Vidya,Subramanian,9000040500,,Chennai,30 to 34,organic,true,false,S2,free,,,Adviser 05,Under 10 lakhs,25 lakhs to 1 crore,"More than 40%, I live well below my means",Family,2026-08-04,2026-08-04,,,,,,,,2026-08-07,20,not_started,,not_started,,,,,,,,,off,,62,https://spiffler33.github.io/yeslyf-wireframes/admin_wireframes.html?run=3000&screen=M03&person=P01808,false
P01809,Madhura,Dave,9000011991,,Mumbai,30 to 34,community,true,false,S2,free,,,Adviser 06,25 to 50 lakhs,5 to 25 lakhs,"More than 40%, I live well below my means",Generosity,2026-07-30,2026-07-30,,,,,,,,2026-08-02,20,not_started,,not_started,,,,,,,,,off,,62,https://spiffler33.github.io/yeslyf-wireframes/admin_wireframes.html?run=3000&screen=M03&person=P01809,false
P01810,Prasanna,Kamath,9000026230,prasanna.kamath.238@example.com,Hyderabad,30 to 34,web_reveal,false,false,S2b,free,,,Adviser 04,10 to 25 lakhs,5 to 25 lakhs,"Around 25%, meaningful amounts",Legacy,2026-08-03,2026-08-03,,,,,,,,2026-08-25,20,verified,,not_started,,,,,,,,,off,,88,https://spiffler33.github.io/yeslyf-wireframes/admin_wireframes.html?run=3000&screen=M03&person=P01810,false
P01811,Siddharth,Bhosale,9000015144,,Hyderabad,35 to 39,community,true,false,S2,free,,,Adviser 06,25 to 50 lakhs,25 lakhs to 1 crore,"Around 40%, some serious money",Security,2026-08-02,2026-08-03,,,,,,,,2026-08-06,20,not_started,,not_started,,,,,,,,,off,,62,https://spiffler33.github.io/yeslyf-wireframes/admin_wireframes.html?run=3000&screen=M03&person=P01811,false
P01813,Divakar,Gowda,9000065766,divakar.gowda.983@example.com,Bengaluru,25 to 29,web_reveal,false,false,S1,free,,,Adviser 03,,,,,2026-07-30,,,,,,,,,2026-07-30,0,not_started,,not_started,,,,,,,,,off,,25,https://spiffler33.github.io/yeslyf-wireframes/admin_wireframes.html?run=3000&screen=M03&person=P01813,false
P01814,Shruti,Thakkar,9000058750,,Ahmedabad,30 to 34,organic,true,false,S2,free,,,Adviser 05,10 to 25 lakhs,5 to 25 lakhs,"More than 40%, I live well below my means",Legacy,2026-07-29,2026-07-30,,,,,,,,2026-08-02,20,not_started,,not_started,,,,,,,,,off,,62,https://spiffler33.github.io/yeslyf-wireframes/admin_wireframes.html?run=3000&screen=M03&person=P01814,false
P01818,Pradeep,Balakrishnan,9000028649,,Bengaluru,25 to 29,corporate_session,true,false,S2,free,,,Adviser 05,10 to 25 lakhs,5 to 25 lakhs,"More than 40%, I live well below my means",Security,2026-07-30,2026-07-31,,,,,,,,2026-08-03,20,not_started,,not_started,,,,,,,,,off,,62,https://spiffler33.github.io/yeslyf-wireframes/admin_wireframes.html?run=3000&screen=M03&person=P01818,false
P01819,Jigar,Pawar,9000070121,,Pune,30 to 34,organic,true,false,S2,free,,,Adviser 01,10 to 25 lakhs,5 to 25 lakhs,"Around 40%, some serious money",Freedom,2026-08-02,2026-08-02,,,,,,,,2026-08-05,20,not_started,,not_started,,,,,,,,,off,,62,https://spiffler33.github.io/yeslyf-wireframes/admin_wireframes.html?run=3000&screen=M03&person=P01819,false
P01820,Aditya,Saxena,9000070992,,Gurugram,30 to 34,community,true,false,S1,free,,,Adviser 04,,,,,2026-07-30,,,,,,,,,2026-08-01,0,not_started,,not_started,,,,,,,,,off,,25,https://spiffler33.github.io/yeslyf-wireframes/admin_wireframes.html?run=3000&screen=M03&person=P01820,false
P01821,Arpita,Mitra,9000044232,,Pune,35 to 39,organic,true,false,S2,free,,,Adviser 01,50 lakhs to 1 crore,1 to 5 crores,"More than 40%, I live well below my means",Generosity,2026-08-05,2026-08-05,,,,,,,,2026-08-08,20,not_started,,not_started,,,,,,,,,off,,62,https://spiffler33.github.io/yeslyf-wireframes/admin_wireframes.html?run=3000&screen=M03&person=P01821,false
P01822,Lakshmi,Balakrishnan,9000083014,,Hyderabad,35 to 39,referral,true,false,S1,free,,,Adviser 02,10 to 25 lakhs,5 to 25 lakhs,,,2026-07-30,,,,,,,,,2026-07-31,0,not_started,,not_started,,,,,,,,,off,,38,https://spiffler33.github.io/yeslyf-wireframes/admin_wireframes.html?run=3000&screen=M03&person=P01822,false
P01823,Kinjal,Gokhale,9000042741,kinjal.gokhale.424@example.com,Pune,35 to 39,community,true,false,S9,diwm,diwm,active,Adviser 06,10 to 25 lakhs,5 to 25 lakhs,"Around 40%, some serious money",Security,2026-08-01,2026-08-02,2026-08-05,2026-08-08,2026-08-08,2026-08-08,2026-08-31,2026-11-06,2026-11-03,2026-09-21,100,verified,connected,read,executing,1,5,2026-11-03,yes,0,2026-08-07T13:12:59+05:30,,off,Adviser 01,100,https://spiffler33.github.io/yeslyf-wireframes/admin_wireframes.html?run=3000&screen=M03&person=P01823,false
P01825,Vishnu,Raman,9000019443,,Bengaluru,25 to 29,corporate_session,true,true,S2,free,,,Adviser 06,10 to 25 lakhs,5 to 25 lakhs,"Around 40%, some serious money",Freedom,2026-08-04,2026-08-05,,,,,,,,2026-08-06,20,not_started,,not_started,,,,,,,,,off,,62,https://spiffler33.github.io/yeslyf-wireframes/admin_wireframes.html?run=3000&screen=M03&person=P01825,false
P01826,Vishnu,Nair,9000075826,,Chennai,25 to 29,community,true,false,S1,free,,,Adviser 02,,,,,2026-08-01,,,,,,,,,2026-08-02,0,not_started,,not_started,,,,,,,,,off,,12,https://spiffler33.github.io/yeslyf-wireframes/admin_wireframes.html?run=3000&screen=M03&person=P01826,false
P01827,Karthik,Menon,9000063721,karthik.menon.445@example.com,Bengaluru,25 to 29,referral,false,false,S21,diy,diy,active,Adviser 04,Under 10 lakhs,Under 5 lakhs,"More than 40%, I live well below my means",Freedom,2026-08-02,2026-08-02,2026-08-02,2026-08-10,2026-08-10,2026-08-10,2026-08-28,2026-11-08,2026-10-31,2026-09-21,100,verified,not_connected,read,ready,0,3,,yes,2,2026-08-28T00:13:18+05:30,,off,Adviser 04,98,https://spiffler33.github.io/yeslyf-wireframes/admin_wireframes.html?run=3000&screen=M03&person=P01827,false
P01831,Tejas,Chitale,9000014174,,Chennai,35 to 39,community,true,false,S2,free,,,Adviser 01,10 to 25 lakhs,5 to 25 lakhs,"Around 25%, meaningful amounts",Security,2026-08-07,2026-08-07,,,,,,,,2026-08-10,20,not_started,,not_started,,,,,,,,,off,,62,https://spiffler33.github.io/yeslyf-wireframes/admin_wireframes.html?run=3000&screen=M03&person=P01831,false
P01834,Mihir,Pandya,9000082888,,Chennai,35 to 39,corporate_session,true,false,S2,free,,,Adviser 03,10 to 25 lakhs,25 lakhs to 1 crore,"Around 40%, some serious money",Security,2026-08-02,2026-08-02,,,,,,,,2026-08-05,20,not_started,,not_started,,,,,,,,,off,,62,https://spiffler33.github.io/yeslyf-wireframes/admin_wireframes.html?run=3000&screen=M03&person=P01834,false
P01837,Aakash,Khanna,9000049125,,Hyderabad,35 to 39,corporate_session,true,false,S2,free,,,Adviser 05,25 to 50 lakhs,Over 5 crores,"Around 40%, some serious money",Generosity,2026-08-03,2026-08-03,,,,,,,,2026-08-06,20,not_started,,not_started,,,,,,,,,off,,62,https://spiffler33.github.io/yeslyf-wireframes/admin_wireframes.html?run=3000&screen=M03&person=P01837,false
P01839,Pavithra,Chandran,9000004861,pavithra.chandran.755@example.com,Bengaluru,30 to 34,community,true,false,S2,free,,,Adviser 03,10 to 25 lakhs,25 lakhs to 1 crore,"More than 40%, I live well below my means",Family,2026-07-31,2026-07-31,,,,,,,,2026-08-22,20,not_started,,not_started,,,,,,,,,off,,62,https://spiffler33.github.io/yeslyf-wireframes/admin_wireframes.html?run=3000&screen=M03&person=P01839,false
P01842,Rohit,Thakkar,9000051889,rohit.thakkar.928@example.com,Mumbai,35 to 39,community,false,false,S1,free,,,Adviser 03,,,,,2026-08-04,,,,,,,,,2026-08-04,0,not_started,,not_started,,,,,,,,,off,,25,https://spiffler33.github.io/yeslyf-wireframes/admin_wireframes.html?run=3000&screen=M03&person=P01842,false
P01843,Kaushik,Roy,9000081578,kaushik.roy.232@example.com,Kolkata,35 to 39,community,true,false,S2,free,,,Adviser 04,10 to 25 lakhs,5 to 25 lakhs,"Around 25%, meaningful amounts",Security,2026-08-02,2026-08-02,,,,,,,,2026-08-23,20,not_started,,not_started,,,,,,,,,off,,62,https://spiffler33.github.io/yeslyf-wireframes/admin_wireframes.html?run=3000&screen=M03&person=P01843,false
P01845,Omkar,Deshmukh,9000097409,omkar.deshmukh.222@example.com,Pune,30 to 34,community,true,false,S2,free,,,Adviser 04,25 to 50 lakhs,25 lakhs to 1 crore,"Around 25%, meaningful amounts",Legacy,2026-08-06,2026-08-06,,,,,,,,2026-08-28,20,not_started,,not_started,,,,,,,,,off,,62,https://spiffler33.github.io/yeslyf-wireframes/admin_wireframes.html?run=3000&screen=M03&person=P01845,false
P01846,Kabir,Mehra,9000057564,,Delhi,35 to 39,community,true,false,S1,free,,,Adviser 02,25 to 50 lakhs,,,,2026-08-01,,,,,,,,,2026-08-03,0,not_started,,not_started,,,,,,,,,off,,31,https://spiffler33.github.io/yeslyf-wireframes/admin_wireframes.html?run=3000&screen=M03&person=P01846,false
P01847,Sneha,Dave,9000062989,,Mumbai,30 to 34,corporate_session,true,false,S2,free,,,Adviser 01,10 to 25 lakhs,5 to 25 lakhs,"More than 40%, I live well below my means",Freedom,2026-08-01,2026-08-01,,,,,,,,2026-08-04,20,not_started,,not_started,,,,,,,,,off,,62,https://spiffler33.github.io/yeslyf-wireframes/admin_wireframes.html?run=3000&screen=M03&person=P01847,false
P01848,Divya,Srivastava,9000072380,,Gurugram,30 to 34,referral,false,false,S1,free,,,Adviser 04,25 to 50 lakhs,25 lakhs to 1 crore,"Around 40%, some serious money",,2026-07-31,,,,,,,,,2026-07-31,0,not_started,,not_started,,,,,,,,,off,,44,https://spiffler33.github.io/yeslyf-wireframes/admin_wireframes.html?run=3000&screen=M03&person=P01848,false
P01849,Nishant,Apte,9000016345,,Mumbai,25 to 29,corporate_session,true,false,S1,free,,,Adviser 04,10 to 25 lakhs,25 lakhs to 1 crore,"More than 40%, I live well below my means",,2026-08-01,,,,,,,,,2026-08-02,0,not_started,,not_started,,,,,,,,,off,,44,https://spiffler33.github.io/yeslyf-wireframes/admin_wireframes.html?run=3000&screen=M03&person=P01849,false
P01850,Rohan,Srivastava,9000075083,,Delhi,40 to 44,corporate_session,true,false,S2,free,,,Adviser 05,50 lakhs to 1 crore,1 to 5 crores,"More than 40%, I live well below my means",Legacy,2026-08-03,2026-08-04,,,,,,,,2026-08-07,20,not_started,,not_started,,,,,,,,,off,,62,https://spiffler33.github.io/yeslyf-wireframes/admin_wireframes.html?run=3000&screen=M03&person=P01850,false
P01852,Revathi,Rao,9000061526,,Chennai,30 to 34,organic,false,true,S2,free,,,Adviser 03,10 to 25 lakhs,25 lakhs to 1 crore,"Around 25%, meaningful amounts",Generosity,2026-08-02,2026-08-03,,,,,,,,2026-08-04,20,not_started,,not_started,,,,,,,,,off,,62,https://spiffler33.github.io/yeslyf-wireframes/admin_wireframes.html?run=3000&screen=M03&person=P01852,false
P01853,Tejas,Patil,9000000059,,Ahmedabad,30 to 34,community,true,false,S2,free,,,Adviser 01,10 to 25 lakhs,25 lakhs to 1 crore,"Around 25%, meaningful amounts",Legacy,2026-08-08,2026-08-08,,,,,,,,2026-08-12,20,not_started,,not_started,,,,,,,,,off,,62,https://spiffler33.github.io/yeslyf-wireframes/admin_wireframes.html?run=3000&screen=M03&person=P01853,false
P01858,Nirav,Deshmukh,9000080161,,Mumbai,30 to 34,corporate_session,true,false,S2,free,,,Adviser 05,25 to 50 lakhs,25 lakhs to 1 crore,"More than 40%, I live well below my means",Family,2026-08-02,2026-08-02,,,,,,,,2026-08-05,20,not_started,,not_started,,,,,,,,,off,,62,https://spiffler33.github.io/yeslyf-wireframes/admin_wireframes.html?run=3000&screen=M03&person=P01858,false
P01860,Ayesha,Chauhan,9000018947,ayesha.chauhan.518@example.com,Noida,30 to 34,community,true,false,S20,diwm,diwm,active,Adviser 05,25 to 50 lakhs,25 lakhs to 1 crore,"Around 40%, some serious money",Family,2026-08-02,2026-08-02,2026-08-23,2026-09-16,2026-09-16,,,2026-12-15,2026-10-22,2026-09-21,100,verified,partial,built,ready,0,5,2026-11-21,yes,0,2026-09-11T08:05:10+05:30,,off,,97,https://spiffler33.github.io/yeslyf-wireframes/admin_wireframes.html?run=3000&screen=M03&person=P01860,false
P01864,Rutuja,Chitale,9000001043,,Mumbai,25 to 29,corporate_session,true,false,S2,free,,,Adviser 03,25 to 50 lakhs,5 to 25 lakhs,"More than 40%, I live well below my means",Family,2026-08-01,2026-08-02,,,,,,,,2026-08-05,20,not_started,,not_started,,,,,,,,,off,,62,https://spiffler33.github.io/yeslyf-wireframes/admin_wireframes.html?run=3000&screen=M03&person=P01864,false
P01865,Rutuja,Bhosale,9000003354,,Pune,30 to 34,referral,true,false,S2,free,,,Adviser 06,10 to 25 lakhs,5 to 25 lakhs,"Around 40%, some serious money",Security,2026-08-03,2026-08-04,,,,,,,,2026-08-07,20,not_started,,not_started,,,,,,,,,off,,62,https://spiffler33.github.io/yeslyf-wireframes/admin_wireframes.html?run=3000&screen=M03&person=P01865,false
P01868,Swathi,Rajan,9000031307,,Chennai,40 to 44,community,true,false,S1,free,,,Adviser 01,Under 10 lakhs,,,,2026-08-04,,,,,,,,,2026-08-05,0,not_started,,not_started,,,,,,,,,off,,31,https://spiffler33.github.io/yeslyf-wireframes/admin_wireframes.html?run=3000&screen=M03&person=P01868,false
P01869,Kavya,Gupta,9000067937,kavya.gupta.848@example.com,Chandigarh,30 to 34,web_reveal,true,false,S2,free,,,Adviser 05,10 to 25 lakhs,25 lakhs to 1 crore,"Around 40%, some serious money",Freedom,2026-08-05,2026-08-05,,,,,,,,2026-08-26,20,not_started,,not_started,,,,,,,,,off,,62,https://spiffler33.github.io/yeslyf-wireframes/admin_wireframes.html?run=3000&screen=M03&person=P01869,false
P01870,Vishnu,Reddy,9000087161,,Chennai,25 to 29,community,true,false,S2,free,,,Adviser 04,10 to 25 lakhs,25 lakhs to 1 crore,"More than 40%, I live well below my means",Family,2026-08-02,2026-08-02,,,,,,,,2026-08-05,20,not_started,,not_started,,,,,,,,,off,,62,https://spiffler33.github.io/yeslyf-wireframes/admin_wireframes.html?run=3000&screen=M03&person=P01870,false
P01871,Sindhu,Gowda,9000082931,sindhu.gowda.930@example.com,Hyderabad,35 to 39,web_reveal,true,false,S2,free,,,Adviser 01,25 to 50 lakhs,5 to 25 lakhs,"More than 40%, I live well below my means",Security,2026-08-02,2026-08-02,,,,,,,,2026-08-23,20,not_started,,not_started,,,,,,,,,off,,62,https://spiffler33.github.io/yeslyf-wireframes/admin_wireframes.html?run=3000&screen=M03&person=P01871,false
P01872,Jay,Kamat,9000046432,jay.kamat.825@example.com,Mumbai,25 to 29,web_reveal,true,false,S1,free,,,Adviser 01,25 to 50 lakhs,25 lakhs to 1 crore,"More than 40%, I live well below my means",,2026-08-05,,,,,,,,,2026-08-06,0,not_started,,not_started,,,,,,,,,off,,44,https://spiffler33.github.io/yeslyf-wireframes/admin_wireframes.html?run=3000&screen=M03&person=P01872,false
P01873,Pavithra,Varma,9000043168,,Coimbatore,30 to 34,corporate_session,true,false,S2,free,,,Adviser 02,10 to 25 lakhs,25 lakhs to 1 crore,"Around 40%, some serious money",Family,2026-08-04,2026-08-04,,,,,,,,2026-08-07,20,not_started,,not_started,,,,,,,,,off,,62,https://spiffler33.github.io/yeslyf-wireframes/admin_wireframes.html?run=3000&screen=M03&person=P01873,false
P01876,Omkar,Apte,9000014111,,Noida,35 to 39,community,true,false,S2,free,,,Adviser 05,25 to 50 lakhs,25 lakhs to 1 crore,"Around 25%, meaningful amounts",Security,2026-08-02,2026-08-03,,,,,,,,2026-08-06,20,not_started,,not_started,,,,,,,,,off,,62,https://spiffler33.github.io/yeslyf-wireframes/admin_wireframes.html?run=3000&screen=M03&person=P01876,false
P01877,Aparna,Gowda,9000072803,,Chennai,30 to 34,community,true,false,S1,free,,,Adviser 02,10 to 25 lakhs,25 lakhs to 1 crore,,,2026-08-05,,,,,,,,,2026-08-06,0,not_started,,not_started,,,,,,,,,off,,38,https://spiffler33.github.io/yeslyf-wireframes/admin_wireframes.html?run=3000&screen=M03&person=P01877,false
P01880,Prachi,Jain,9000068223,,Pune,30 to 34,corporate_session,true,false,S2,free,,,Adviser 01,10 to 25 lakhs,5 to 25 lakhs,"Around 40%, some serious money",Freedom,2026-08-09,2026-08-09,,,,,,,,2026-08-12,20,not_started,,not_started,,,,,,,,,off,,62,https://spiffler33.github.io/yeslyf-wireframes/admin_wireframes.html?run=3000&screen=M03&person=P01880,false
P01883,Shruti,Patel,9000030454,,Mumbai,30 to 34,corporate_session,true,false,S2,free,,,Adviser 04,25 to 50 lakhs,25 lakhs to 1 crore,"More than 40%, I live well below my means",Security,2026-08-04,2026-08-04,,,,,,,,2026-08-07,20,not_started,,not_started,,,,,,,,,off,,62,https://spiffler33.github.io/yeslyf-wireframes/admin_wireframes.html?run=3000&screen=M03&person=P01883,false
P01884,Simran,Malhotra,9000000018,,Kolkata,35 to 39,community,true,false,S1,free,,,Adviser 02,,,,,2026-08-03,,,,,,,,,2026-08-04,0,not_started,,not_started,,,,,,,,,off,,12,https://spiffler33.github.io/yeslyf-wireframes/admin_wireframes.html?run=3000&screen=M03&person=P01884,false
P01886,Bhavin,Joshi,9000058638,,Pune,25 to 29,corporate_session,true,false,S2,free,,,Adviser 01,10 to 25 lakhs,Under 5 lakhs,"Around 40%, some serious money",Freedom,2026-08-03,2026-08-05,,,,,,,,2026-08-08,20,not_started,,not_started,,,,,,,,,off,,62,https://spiffler33.github.io/yeslyf-wireframes/admin_wireframes.html?run=3000&screen=M03&person=P01886,false
P01888,Rajiv,Srinivasan,9000015626,,Hyderabad,35 to 39,referral,true,false,S14,difm,,adviser relationship,Harish,,,,,2026-08-06,,,,,,,2026-11-04,,2026-09-12,75,"verified (assisted onboarding, M12)",connected,not applicable (adviser relationship),,,,2026-11-04,,0,2026-08-28T23:13:38+05:30,,off,,83,https://spiffler33.github.io/yeslyf-wireframes/admin_wireframes.html?run=3000&screen=M03&person=P01888,false
P01889,Sudipta,Sen,9000088273,,Gurugram,30 to 34,corporate_session,true,false,S2,free,,,Adviser 04,25 to 50 lakhs,25 lakhs to 1 crore,"Around 40%, some serious money",Generosity,2026-08-03,2026-08-04,,,,,,,,2026-08-07,20,not_started,,not_started,,,,,,,,,off,,62,https://spiffler33.github.io/yeslyf-wireframes/admin_wireframes.html?run=3000&screen=M03&person=P01889,false
P01891,Anjali,Chopra,9000053305,,Gurugram,35 to 39,corporate_session,true,false,S2,free,,,Adviser 04,25 to 50 lakhs,1 to 5 crores,"Around 25%, meaningful amounts",Security,2026-08-07,2026-08-07,,,,,,,,2026-08-11,20,not_started,,not_started,,,,,,,,,off,,62,https://spiffler33.github.io/yeslyf-wireframes/admin_wireframes.html?run=3000&screen=M03&person=P01891,false
P01892,Gayathri,Subramanian,9000088477,,Hyderabad,35 to 39,community,true,false,S2,free,,,Adviser 03,50 lakhs to 1 crore,1 to 5 crores,"More than 40%, I live well below my means",Security,2026-08-03,2026-08-04,,,,,,,,2026-08-07,20,not_started,,not_started,,,,,,,,,off,,62,https://spiffler33.github.io/yeslyf-wireframes/admin_wireframes.html?run=3000&screen=M03&person=P01892,false
P01894,Ruchi,Singh,9000073328,ruchi.singh.314@example.com,Gurugram,30 to 34,organic,true,true,S6,diwm,diwm,active,Adviser 03,25 to 50 lakhs,25 lakhs to 1 crore,"Around 40%, some serious money",Family,2026-08-10,2026-08-11,2026-08-12,2026-08-20,2026-08-20,,,2026-11-18,2026-11-10,2026-09-15,100,verified,connected,built,ready,0,5,2026-11-10,yes,0,2026-08-12T10:34:53+05:30,,off,,98,https://spiffler33.github.io/yeslyf-wireframes/admin_wireframes.html?run=3000&screen=M03&person=P01894,false
P01895,Tarun,Bhatia,9000076661,tarun.bhatia.908@example.com,Delhi,30 to 34,web_reveal,true,false,S2,free,,,Adviser 05,10 to 25 lakhs,5 to 25 lakhs,"Around 40%, some serious money",Security,2026-08-04,2026-08-05,,,,,,,,2026-08-26,20,not_started,,not_started,,,,,,,,,off,,62,https://spiffler33.github.io/yeslyf-wireframes/admin_wireframes.html?run=3000&screen=M03&person=P01895,false
P01897,Heena,Sawant,9000085195,,Ahmedabad,30 to 34,community,true,false,S2,free,,,Adviser 02,25 to 50 lakhs,5 to 25 lakhs,"Around 40%, some serious money",Freedom,2026-08-04,2026-08-04,,,,,,,,2026-08-07,20,not_started,,not_started,,,,,,,,,off,,62,https://spiffler33.github.io/yeslyf-wireframes/admin_wireframes.html?run=3000&screen=M03&person=P01897,false
P01898,Sindhu,Kumar,9000069437,sindhu.kumar.409@example.com,Hyderabad,35 to 39,corporate_session,true,false,S8,diy,diy,active,Adviser 01,25 to 50 lakhs,25 lakhs to 1 crore,"Around 25%, meaningful amounts",Generosity,2026-08-04,2026-08-04,2026-08-04,2026-08-11,2026-08-11,2026-08-21,,2026-11-09,2026-11-02,2026-09-22,100,verified,not_connected,read,ready,0,5,,yes,0,2026-08-11T08:07:19+05:30,,off,,100,https://spiffler33.github.io/yeslyf-wireframes/admin_wireframes.html?run=3000&screen=M03&person=P01898,false
P01899,Sameer,Deshmukh,9000031094,sameer.deshmukh.366@example.com,Pune,30 to 34,community,true,false,S2,free,,,Adviser 01,10 to 25 lakhs,1 to 5 crores,"Around 10%, small consistent chunks",Freedom,2026-08-12,2026-08-13,,,,,,,,2026-09-03,20,not_started,,not_started,,,,,,,,,off,,62,https://spiffler33.github.io/yeslyf-wireframes/admin_wireframes.html?run=3000&screen=M03&person=P01899,false
P01900,Hetal,Sawant,9000095087,hetal.sawant.208@example.com,Pune,35 to 39,web_reveal,true,true,S2,free,,,Adviser 06,10 to 25 lakhs,25 lakhs to 1 crore,"More than 40%, I live well below my means",Legacy,2026-08-04,2026-08-05,,,,,,,,2026-08-26,20,not_started,,not_started,,,,,,,,,off,,62,https://spiffler33.github.io/yeslyf-wireframes/admin_wireframes.html?run=3000&screen=M03&person=P01900,false
P01904,Tanmoy,Saha,9000031602,tanmoy.saha.948@example.com,Kolkata,30 to 34,web_reveal,true,false,S2,free,,,Adviser 04,25 to 50 lakhs,25 lakhs to 1 crore,"More than 40%, I live well below my means",Legacy,2026-08-09,2026-08-11,,,,,,,,2026-09-01,20,not_started,,not_started,,,,,,,,,off,,62,https://spiffler33.github.io/yeslyf-wireframes/admin_wireframes.html?run=3000&screen=M03&person=P01904,false
P01905,Deepa,Reddy,9000075940,deepa.reddy.541@example.com,Hyderabad,25 to 29,web_reveal,true,false,S2,free,,,Adviser 06,10 to 25 lakhs,5 to 25 lakhs,"Around 25%, meaningful amounts",Legacy,2026-08-12,2026-08-12,,,,,,,,2026-09-02,20,not_started,,not_started,,,,,,,,,off,,62,https://spiffler33.github.io/yeslyf-wireframes/admin_wireframes.html?run=3000&screen=M03&person=P01905,false
P01906,Rajiv,Nair,9000007843,rajiv.nair.205@example.com,Bengaluru,25 to 29,web_reveal,true,false,S2,free,,,Adviser 04,10 to 25 lakhs,5 to 25 lakhs,"Around 40%, some serious money",Generosity,2026-08-04,2026-08-04,,,,,,,,2026-08-26,20,not_started,,not_started,,,,,,,,,off,,62,https://spiffler33.github.io/yeslyf-wireframes/admin_wireframes.html?run=3000&screen=M03&person=P01906,false
P01907,Janani,Krishnan,9000061880,,Bengaluru,25 to 29,community,true,false,S2,free,,,Adviser 05,Under 10 lakhs,Under 5 lakhs,"Around 40%, some serious money",Generosity,2026-08-06,2026-08-06,,,,,,,,2026-08-09,20,not_started,,not_started,,,,,,,,,off,,62,https://spiffler33.github.io/yeslyf-wireframes/admin_wireframes.html?run=3000&screen=M03&person=P01907,false
P01909,Kavitha,Balakrishnan,9000061373,,Hyderabad,30 to 34,community,true,false,S2,free,,,Adviser 06,25 to 50 lakhs,1 to 5 crores,"More than 40%, I live well below my means",Security,2026-08-05,2026-08-05,,,,,,,,2026-08-08,20,not_started,,not_started,,,,,,,,,off,,62,https://spiffler33.github.io/yeslyf-wireframes/admin_wireframes.html?run=3000&screen=M03&person=P01909,false
P01913,Jigar,Patil,9000061901,jigar.patil.906@example.com,Pune,30 to 34,web_reveal,true,false,S1,free,,,Adviser 05,10 to 25 lakhs,,,,2026-08-08,,,,,,,,,2026-08-09,0,not_started,,not_started,,,,,,,,,off,,31,https://spiffler33.github.io/yeslyf-wireframes/admin_wireframes.html?run=3000&screen=M03&person=P01913,false
P01914,Aakash,Pandey,9000014322,aakash.pandey.341@example.com,Lucknow,30 to 34,community,true,false,S9,diy,diy,active,Adviser 02,Under 10 lakhs,5 to 25 lakhs,"More than 40%, I live well below my means",Security,2026-08-05,2026-08-05,2026-08-12,2026-08-27,2026-08-27,2026-08-27,,2026-11-25,2026-10-11,2026-09-20,100,verified,failed,read,executing,0,3,,yes,1,2026-09-02T03:09:54+05:30,,off,,100,https://spiffler33.github.io/yeslyf-wireframes/admin_wireframes.html?run=3000&screen=M03&person=P01914,false
P01915,Pavithra,Hegde,9000013099,,Hyderabad,35 to 39,corporate_session,true,false,S1,free,,,Adviser 01,,,,,2026-08-06,,,,,,,,,2026-08-07,0,not_started,,not_started,,,,,,,,,off,,19,https://spiffler33.github.io/yeslyf-wireframes/admin_wireframes.html?run=3000&screen=M03&person=P01915,false
P01916,Sahil,Kohli,9000044493,,Gurugram,30 to 34,community,false,false,S2,free,,,Adviser 01,50 lakhs to 1 crore,25 lakhs to 1 crore,"Around 25%, meaningful amounts",Security,2026-08-10,2026-08-10,,,,,,,,2026-08-20,20,not_started,,not_started,,,,,,,,,off,,62,https://spiffler33.github.io/yeslyf-wireframes/admin_wireframes.html?run=3000&screen=M03&person=P01916,false
P01917,Kabir,Mishra,9000032223,,Noida,30 to 34,corporate_session,false,false,S2,free,,,Adviser 04,50 lakhs to 1 crore,25 lakhs to 1 crore,"Around 40%, some serious money",Security,2026-08-05,2026-08-05,,,,,,,,2026-08-06,20,not_started,,not_started,,,,,,,,,off,,62,https://spiffler33.github.io/yeslyf-wireframes/admin_wireframes.html?run=3000&screen=M03&person=P01917,false
P01918,Suresh,Rajan,9000011460,suresh.rajan.472@example.com,Hyderabad,35 to 39,web_reveal,true,false,S19,diwm,diwm,active,Adviser 05,25 to 50 lakhs,25 lakhs to 1 crore,"Around 25%, meaningful amounts",Family,2026-08-07,2026-08-07,2026-08-08,,,,2026-08-14,,2026-10-07,2026-09-09,86,verified,connected,in_progress,not_started,,,2026-11-06,no,0,2026-09-05T04:09:10+05:30,,off,Adviser 03,88,https://spiffler33.github.io/yeslyf-wireframes/admin_wireframes.html?run=3000&screen=M03&person=P01918,false
P01919,Prachi,Dave,9000011084,,Mumbai,25 to 29,referral,true,false,S2,free,,,Adviser 04,10 to 25 lakhs,5 to 25 lakhs,"Around 25%, meaningful amounts",Freedom,2026-08-05,2026-08-05,,,,,,,,2026-08-09,20,not_started,,not_started,,,,,,,,,off,,62,https://spiffler33.github.io/yeslyf-wireframes/admin_wireframes.html?run=3000&screen=M03&person=P01919,false
P01925,Pranali,Shinde,9000074673,pranali.shinde.857@example.com,Mumbai,30 to 34,community,true,false,S1,free,,,Adviser 03,,,,,2026-08-05,,,,,,,,,2026-08-06,0,not_started,,not_started,,,,,,,,,off,,19,https://spiffler33.github.io/yeslyf-wireframes/admin_wireframes.html?run=3000&screen=M03&person=P01925,false
P01926,Foram,Kamat,9000016021,,Mumbai,25 to 29,community,true,true,S2,free,,,Adviser 01,25 to 50 lakhs,25 lakhs to 1 crore,"More than 40%, I live well below my means",Family,2026-08-07,2026-08-07,,,,,,,,2026-08-08,20,not_started,,not_started,,,,,,,,,off,,62,https://spiffler33.github.io/yeslyf-wireframes/admin_wireframes.html?run=3000&screen=M03&person=P01926,false
P01929,Sudipta,Nayak,9000061627,sudipta.nayak.114@example.com,Gurugram,35 to 39,community,true,false,S1,free,,,Adviser 03,25 to 50 lakhs,,,,2026-08-07,,,,,,,,,2026-08-08,0,not_started,,not_started,,,,,,,,,off,,31,https://spiffler33.github.io/yeslyf-wireframes/admin_wireframes.html?run=3000&screen=M03&person=P01929,false
P01930,Prachi,Patil,9000008050,,Ahmedabad,30 to 34,organic,true,false,S2,free,,,Adviser 04,10 to 25 lakhs,5 to 25 lakhs,"Around 40%, some serious money",Generosity,2026-08-07,2026-08-08,,,,,,,,2026-08-11,20,not_started,,not_started,,,,,,,,,off,,62,https://spiffler33.github.io/yeslyf-wireframes/admin_wireframes.html?run=3000&screen=M03&person=P01930,false
P01932,Suresh,Raman,9000007705,,Hyderabad,35 to 39,community,true,true,S2,free,,,Adviser 06,25 to 50 lakhs,25 lakhs to 1 crore,"More than 40%, I live well below my means",Freedom,2026-08-09,2026-08-09,,,,,,,,2026-08-10,20,not_started,,not_started,,,,,,,,,off,,62,https://spiffler33.github.io/yeslyf-wireframes/admin_wireframes.html?run=3000&screen=M03&person=P01932,false
P01936,Vidya,Subramanian,9000016378,,Hyderabad,35 to 39,corporate_session,false,false,S2,free,,,Adviser 06,25 to 50 lakhs,25 lakhs to 1 crore,"Around 40%, some serious money",Security,2026-08-06,2026-08-07,,,,,,,,2026-08-09,20,not_started,,not_started,,,,,,,,,off,,62,https://spiffler33.github.io/yeslyf-wireframes/admin_wireframes.html?run=3000&screen=M03&person=P01936,false
P01939,Mohit,Agarwal,9000023251,,Gurugram,35 to 39,referral,false,false,S2,free,,,Adviser 03,25 to 50 lakhs,25 lakhs to 1 crore,"Around 25%, meaningful amounts",Family,2026-08-09,2026-08-09,,,,,,,,2026-08-10,20,not_started,,not_started,,,,,,,,,off,,62,https://spiffler33.github.io/yeslyf-wireframes/admin_wireframes.html?run=3000&screen=M03&person=P01939,false
P01941,Divya,Srivastava,9000019963,divya.srivastava.556@example.com,Gurugram,30 to 34,web_reveal,true,false,S2,free,,,Adviser 03,25 to 50 lakhs,25 lakhs to 1 crore,"More than 40%, I live well below my means",Family,2026-08-05,2026-08-05,,,,,,,,2026-08-27,20,not_started,,not_started,,,,,,,,,off,,62,https://spiffler33.github.io/yeslyf-wireframes/admin_wireframes.html?run=3000&screen=M03&person=P01941,false
P01942,Ritika,Tandon,9000076171,ritika.tandon.302@example.com,Gurugram,30 to 34,web_reveal,false,false,S5,diy,diy,active,Adviser 05,25 to 50 lakhs,25 lakhs to 1 crore,"More than 40%, I live well below my means",Family,2026-08-09,2026-08-09,2026-09-08,,,,,,2026-12-07,2026-09-20,95,verified (address typed),not_connected,in_progress,not_started,,,,yes,0,2026-09-18T19:04:50+05:30,,off,,100,https://spiffler33.github.io/yeslyf-wireframes/admin_wireframes.html?run=3000&screen=M03&person=P01942,false
P01944,Sameer,Shinde,9000090226,,Mumbai,30 to 34,community,true,false,S2,free,,,Adviser 02,25 to 50 lakhs,25 lakhs to 1 crore,"More than 40%, I live well below my means",Freedom,2026-08-09,2026-08-09,,,,,,,,2026-08-13,20,not_started,,not_started,,,,,,,,,off,,62,https://spiffler33.github.io/yeslyf-wireframes/admin_wireframes.html?run=3000&screen=M03&person=P01944,false
P01946,Deepak,Sharma,9000010792,deepak.sharma.903@example.com,Gurugram,35 to 39,web_reveal,true,false,S2,free,,,Adviser 06,25 to 50 lakhs,25 lakhs to 1 crore,"Around 25%, meaningful amounts",Family,2026-08-08,2026-08-08,,,,,,,,2026-08-29,20,not_started,,not_started,,,,,,,,,off,,62,https://spiffler33.github.io/yeslyf-wireframes/admin_wireframes.html?run=3000&screen=M03&person=P01946,false
P01947,Yogesh,Pandya,9000092487,yogesh.pandya.202@example.com,Chennai,35 to 39,community,true,false,S2,free,,,Adviser 05,10 to 25 lakhs,25 lakhs to 1 crore,"Around 40%, some serious money",Security,2026-08-07,2026-08-08,,,,,,,,2026-08-29,20,not_started,,not_started,,,,,,,,,off,,62,https://spiffler33.github.io/yeslyf-wireframes/admin_wireframes.html?run=3000&screen=M03&person=P01947,false
P01948,Vignesh,Gowda,9000079014,,Hyderabad,35 to 39,corporate_session,false,false,S2,free,,,Adviser 04,25 to 50 lakhs,25 lakhs to 1 crore,"More than 40%, I live well below my means",Generosity,2026-08-11,2026-08-11,,,,,,,,2026-08-12,20,not_started,,not_started,,,,,,,,,off,,62,https://spiffler33.github.io/yeslyf-wireframes/admin_wireframes.html?run=3000&screen=M03&person=P01948,false
P01950,Rohit,Shah,9000052246,,Pune,30 to 34,community,true,true,S2,free,,,Adviser 03,25 to 50 lakhs,25 lakhs to 1 crore,"More than 40%, I live well below my means",Family,2026-08-08,2026-08-09,,,,,,,,2026-08-10,20,not_started,,not_started,,,,,,,,,off,,62,https://spiffler33.github.io/yeslyf-wireframes/admin_wireframes.html?run=3000&screen=M03&person=P01950,false
P01951,Simran,Tandon,9000050643,,Gurugram,25 to 29,corporate_session,true,false,S2,free,,,Adviser 02,25 to 50 lakhs,25 lakhs to 1 crore,"More than 40%, I live well below my means",Security,2026-08-07,2026-08-07,,,,,,,,2026-08-10,20,not_started,,not_started,,,,,,,,,off,,62,https://spiffler33.github.io/yeslyf-wireframes/admin_wireframes.html?run=3000&screen=M03&person=P01951,false
P01952,Vidya,Iyer,9000050873,vidya.iyer.467@example.com,Chennai,45 and over,community,true,false,S18,diwm,diwm,active,Adviser 02,25 to 50 lakhs,Over 5 crores,"More than 40%, I live well below my means",Security,2026-08-08,2026-08-10,2026-08-17,,2026-09-10,2026-09-10,2026-08-23,2026-12-09,2026-11-15,2026-09-22,100,verified,not_connected,read,executing,1,5,,yes,0,2026-09-03T09:50:37+05:30,,off,Adviser 04,100,https://spiffler33.github.io/yeslyf-wireframes/admin_wireframes.html?run=3000&screen=M03&person=P01952,false
P01953,Arjun,Bansal,9000073459,,Noida,40 to 44,referral,true,false,S2,free,,,Adviser 06,50 lakhs to 1 crore,25 lakhs to 1 crore,"More than 40%, I live well below my means",Family,2026-08-07,2026-08-07,,,,,,,,2026-08-10,20,not_started,,not_started,,,,,,,,,off,,62,https://spiffler33.github.io/yeslyf-wireframes/admin_wireframes.html?run=3000&screen=M03&person=P01953,false
P01955,Dhruv,Kamat,9000084947,,Pune,30 to 34,corporate_session,true,false,S1,free,,,Adviser 03,10 to 25 lakhs,25 lakhs to 1 crore,,,2026-08-08,,,,,,,,,2026-08-09,0,not_started,,not_started,,,,,,,,,off,,38,https://spiffler33.github.io/yeslyf-wireframes/admin_wireframes.html?run=3000&screen=M03&person=P01955,false
P01957,Revathi,Srinivasan,9000073873,revathi.srinivasan.460@example.com,Hyderabad,25 to 29,web_reveal,true,false,S2,free,,,Adviser 04,10 to 25 lakhs,5 to 25 lakhs,"Around 25%, meaningful amounts",Freedom,2026-08-09,2026-08-09,,,,,,,,2026-08-30,20,not_started,,not_started,,,,,,,,,off,,62,https://spiffler33.github.io/yeslyf-wireframes/admin_wireframes.html?run=3000&screen=M03&person=P01957,false
P01958,Nithya,Pillai,9000002729,nithya.pillai.253@example.com,Bengaluru,25 to 29,organic,true,false,S2c,free,,,Adviser 02,Under 10 lakhs,5 to 25 lakhs,"Around 40%, some serious money",Legacy,2026-08-06,2026-08-08,,,,,,,,2026-08-29,20,verified,,not_started,,,,,,,,,off,,94,https://spiffler33.github.io/yeslyf-wireframes/admin_wireframes.html?run=3000&screen=M03&person=P01958,false
P01959,Rajiv,Shetty,9000049384,,Bengaluru,under 25,community,true,false,S2,free,,,Adviser 02,Under 10 lakhs,5 to 25 lakhs,"Around 40%, some serious money",Security,2026-08-10,2026-08-10,,,,,,,,2026-08-13,20,not_started,,not_started,,,,,,,,,off,,62,https://spiffler33.github.io/yeslyf-wireframes/admin_wireframes.html?run=3000&screen=M03&person=P01959,false
P01961,Deepa,Hegde,9000015885,deepa.hegde.949@example.com,Bengaluru,40 to 44,web_reveal,false,false,S2,free,,,Adviser 06,50 lakhs to 1 crore,Over 5 crores,"More than 40%, I live well below my means",Legacy,2026-08-10,2026-08-11,,,,,,,,2026-09-01,20,not_started,,not_started,,,,,,,,,off,,62,https://spiffler33.github.io/yeslyf-wireframes/admin_wireframes.html?run=3000&screen=M03&person=P01961,false
P01963,Pranali,Chitale,9000003231,pranali.chitale.873@example.com,Pune,30 to 34,web_reveal,true,false,S1,free,,,Adviser 04,10 to 25 lakhs,5 to 25 lakhs,"Around 40%, some serious money",,2026-08-08,,,,,,,,,2026-08-09,0,not_started,,not_started,,,,,,,,,off,,50,https://spiffler33.github.io/yeslyf-wireframes/admin_wireframes.html?run=3000&screen=M03&person=P01963,false
P01965,Rajiv,Nair,9000074287,,Chennai,30 to 34,corporate_session,false,false,S2,free,,,Adviser 05,10 to 25 lakhs,5 to 25 lakhs,"Around 40%, some serious money",Freedom,2026-08-10,2026-08-10,,,,,,,,2026-08-12,20,not_started,,not_started,,,,,,,,,off,,62,https://spiffler33.github.io/yeslyf-wireframes/admin_wireframes.html?run=3000&screen=M03&person=P01965,false
P01972,Keerthana,Krishnan,9000075070,keerthana.krishnan.576@example.com,Bengaluru,25 to 29,community,true,false,S2,free,,,Adviser 01,10 to 25 lakhs,Under 5 lakhs,"Around 40%, some serious money",Generosity,2026-08-08,2026-08-08,,,,,,,,2026-08-30,20,not_started,,not_started,,,,,,,,,off,,62,https://spiffler33.github.io/yeslyf-wireframes/admin_wireframes.html?run=3000&screen=M03&person=P01972,false
P01973,Nandini,Murthy,9000001487,,Bengaluru,40 to 44,corporate_session,true,false,S2,free,,,Adviser 06,Under 10 lakhs,Under 5 lakhs,"Around 25%, meaningful amounts",Family,2026-08-07,2026-08-07,,,,,,,,2026-08-11,20,not_started,,not_started,,,,,,,,,off,,62,https://spiffler33.github.io/yeslyf-wireframes/admin_wireframes.html?run=3000&screen=M03&person=P01973,false
P01976,Mohit,Singh,9000066759,mohit.singh.875@example.com,Hyderabad,30 to 34,community,true,false,S2,free,,,Adviser 03,10 to 25 lakhs,5 to 25 lakhs,"More than 40%, I live well below my means",Legacy,2026-08-07,2026-08-07,,,,,,,,2026-08-28,20,not_started,,not_started,,,,,,,,,off,,62,https://spiffler33.github.io/yeslyf-wireframes/admin_wireframes.html?run=3000&screen=M03&person=P01976,false
P01978,Siddharth,Trivedi,9000071025,,Mumbai,30 to 34,corporate_session,true,false,S2,free,,,Adviser 02,25 to 50 lakhs,5 to 25 lakhs,"More than 40%, I live well below my means",Freedom,2026-08-07,2026-08-07,,,,,,,,2026-08-11,20,not_started,,not_started,,,,,,,,,off,,62,https://spiffler33.github.io/yeslyf-wireframes/admin_wireframes.html?run=3000&screen=M03&person=P01978,false
P01981,Madhav,Prasad,9000055315,,Bengaluru,25 to 29,referral,true,false,S2,free,,,Adviser 03,10 to 25 lakhs,5 to 25 lakhs,"Around 40%, some serious money",Security,2026-08-10,2026-08-10,,,,,,,,2026-08-14,20,not_started,,not_started,,,,,,,,,off,,62,https://spiffler33.github.io/yeslyf-wireframes/admin_wireframes.html?run=3000&screen=M03&person=P01981,false
P01987,Mihir,Pawar,9000062105,,Mumbai,25 to 29,organic,true,false,S2,free,,,Adviser 02,25 to 50 lakhs,5 to 25 lakhs,"More than 40%, I live well below my means",Freedom,2026-08-08,2026-08-08,,,,,,,,2026-08-11,20,not_started,,not_started,,,,,,,,,off,,62,https://spiffler33.github.io/yeslyf-wireframes/admin_wireframes.html?run=3000&screen=M03&person=P01987,false
P01988,Rohan,Saxena,9000028727,,Gurugram,30 to 34,community,true,false,S2,free,,,Adviser 05,10 to 25 lakhs,5 to 25 lakhs,"More than 40%, I live well below my means",Legacy,2026-08-08,2026-08-09,,,,,,,,2026-08-12,20,not_started,,not_started,,,,,,,,,off,,62,https://spiffler33.github.io/yeslyf-wireframes/admin_wireframes.html?run=3000&screen=M03&person=P01988,false
P01990,Sandeep,Nair,9000087326,sandeep.nair.486@example.com,Hyderabad,40 to 44,organic,false,true,S21,diwm,diwm,active,Adviser 01,10 to 25 lakhs,Over 5 crores,"Around 25%, meaningful amounts",Family,2026-08-11,2026-08-12,2026-08-12,2026-08-23,2026-08-23,2026-08-24,2026-09-02,2026-11-21,2026-10-11,2026-09-17,100,verified,not_connected,read,ready,0,4,,yes,0,2026-09-02T20:10:00+05:30,,off,Adviser 01,100,https://spiffler33.github.io/yeslyf-wireframes/admin_wireframes.html?run=3000&screen=M03&person=P01990,false
P01991,Nithya,Balakrishnan,9000066345,,Chennai,30 to 34,community,true,false,S1,free,,,Adviser 06,,,,,2026-08-08,,,,,,,,,2026-08-09,0,not_started,,not_started,,,,,,,,,off,,12,https://spiffler33.github.io/yeslyf-wireframes/admin_wireframes.html?run=3000&screen=M03&person=P01991,false
P01992,Vignesh,Srinivasan,9000053482,vignesh.srinivasan.973@example.com,Hyderabad,30 to 34,web_reveal,true,false,S1,free,,,Adviser 04,,,,,2026-08-09,,,,,,,,,2026-08-10,0,not_started,,not_started,,,,,,,,,off,,19,https://spiffler33.github.io/yeslyf-wireframes/admin_wireframes.html?run=3000&screen=M03&person=P01992,false
P01993,Shruti,Joshi,9000031371,,Mumbai,25 to 29,community,true,false,S2,free,,,Adviser 05,25 to 50 lakhs,5 to 25 lakhs,"More than 40%, I live well below my means",Freedom,2026-08-09,2026-08-09,,,,,,,,2026-08-12,20,not_started,,not_started,,,,,,,,,off,,62,https://spiffler33.github.io/yeslyf-wireframes/admin_wireframes.html?run=3000&screen=M03&person=P01993,false
P01994,Kinjal,Chitale,9000001226,kinjal.chitale.312@example.com,Bengaluru,35 to 39,referral,false,false,S6,diwm,diwm,active,Adviser 05,50 lakhs to 1 crore,1 to 5 crores,"More than 40%, I live well below my means",Generosity,2026-08-10,2026-08-11,2026-08-31,2026-09-10,2026-09-10,,,2026-12-09,2026-09-30,2026-09-19,100,verified,not_connected,built,ready,0,3,,yes,0,2026-09-10T10:24:32+05:30,rule,off,,100,https://spiffler33.github.io/yeslyf-wireframes/admin_wireframes.html?run=3000&screen=M03&person=P01994,false
P01995,Meenakshi,Raman,9000052504,,Mumbai,30 to 34,community,true,false,S1,free,,,Adviser 03,,,,,2026-08-09,,,,,,,,,2026-08-10,0,not_started,,not_started,,,,,,,,,off,,19,https://spiffler33.github.io/yeslyf-wireframes/admin_wireframes.html?run=3000&screen=M03&person=P01995,false
P01997,Harini,Subramanian,9000054559,harini.subramanian.412@example.com,Coimbatore,30 to 34,community,true,false,S2,free,,,Adviser 06,10 to 25 lakhs,25 lakhs to 1 crore,"Around 40%, some serious money",Security,2026-08-10,2026-08-10,,,,,,,,2026-08-31,20,not_started,,not_started,,,,,,,,,off,,62,https://spiffler33.github.io/yeslyf-wireframes/admin_wireframes.html?run=3000&screen=M03&person=P01997,false
P01998,Manish,Singh,9000062893,,Gurugram,30 to 34,organic,true,false,S2,free,,,Adviser 01,25 to 50 lakhs,25 lakhs to 1 crore,"Around 40%, some serious money",Family,2026-08-09,2026-08-09,,,,,,,,2026-08-12,20,not_started,,not_started,,,,,,,,,off,,62,https://spiffler33.github.io/yeslyf-wireframes/admin_wireframes.html?run=3000&screen=M03&person=P01998,false
P02001,Vishnu,Krishnan,9000048676,vishnu.krishnan.864@example.com,Hyderabad,40 to 44,community,true,false,S1,free,,,Adviser 06,50 lakhs to 1 crore,,,,2026-08-12,,,,,,,,,2026-08-14,0,not_started,,not_started,,,,,,,,,off,,31,https://spiffler33.github.io/yeslyf-wireframes/admin_wireframes.html?run=3000&screen=M03&person=P02001,false
P02003,Hardik,Jain,9000024267,hardik.jain.940@example.com,Pune,30 to 34,web_reveal,false,false,S2,free,,,Adviser 06,10 to 25 lakhs,5 to 25 lakhs,"Around 40%, some serious money",Family,2026-08-09,2026-08-10,,,,,,,,2026-08-31,20,not_started,,not_started,,,,,,,,,off,,62,https://spiffler33.github.io/yeslyf-wireframes/admin_wireframes.html?run=3000&screen=M03&person=P02003,false
P02005,Prasanna,Pillai,9000029844,,Bengaluru,25 to 29,referral,true,false,S2,free,,,Adviser 04,10 to 25 lakhs,5 to 25 lakhs,"Around 25%, meaningful amounts",Freedom,2026-08-10,2026-08-11,,,,,,,,2026-08-14,20,not_started,,not_started,,,,,,,,,off,,62,https://spiffler33.github.io/yeslyf-wireframes/admin_wireframes.html?run=3000&screen=M03&person=P02005,false
P02010,Prasanna,Reddy,9000033242,prasanna.reddy.780@example.com,Hyderabad,35 to 39,community,true,false,S2,free,,,Adviser 04,25 to 50 lakhs,25 lakhs to 1 crore,"Around 25%, meaningful amounts",Security,2026-08-13,2026-08-14,,,,,,,,2026-09-04,20,not_started,,not_started,,,,,,,,,off,,62,https://spiffler33.github.io/yeslyf-wireframes/admin_wireframes.html?run=3000&screen=M03&person=P02010,false
P02011,Prachi,Pawar,9000091786,prachi.pawar.404@example.com,Mumbai,30 to 34,community,true,false,S8,diwm,diwm,active,Adviser 02,25 to 50 lakhs,25 lakhs to 1 crore,"More than 40%, I live well below my means",Generosity,2026-08-10,2026-08-11,2026-08-31,2026-09-15,2026-09-15,2026-09-22,2026-09-05,2026-12-14,2026-09-30,2026-09-22,100,verified,failed,read,ready,0,3,,yes,0,2026-09-15T09:19:49+05:30,manual,off,Adviser 05,98,https://spiffler33.github.io/yeslyf-wireframes/admin_wireframes.html?run=3000&screen=M03&person=P02011,false
P02012,Shruti,Trivedi,9000020435,shruti.trivedi.365@example.com,Mumbai,30 to 34,organic,true,false,S9,diy,diy,active,Adviser 02,25 to 50 lakhs,25 lakhs to 1 crore,"More than 40%, I live well below my means",Freedom,2026-08-09,2026-08-09,2026-08-09,2026-08-25,2026-08-25,2026-08-25,,2026-11-23,2026-11-07,2026-09-21,100,verified,partial,read,executing,1,5,2026-11-08,yes,0,2026-08-25T07:30:01+05:30,,off,,98,https://spiffler33.github.io/yeslyf-wireframes/admin_wireframes.html?run=3000&screen=M03&person=P02012,false
P02013,Naina,Chopra,9000014862,,Noida,30 to 34,corporate_session,true,false,S2,free,,,Adviser 05,10 to 25 lakhs,5 to 25 lakhs,"More than 40%, I live well below my means",Freedom,2026-08-09,2026-08-10,,,,,,,,2026-08-13,20,not_started,,not_started,,,,,,,,,off,,62,https://spiffler33.github.io/yeslyf-wireframes/admin_wireframes.html?run=3000&screen=M03&person=P02013,false
P02019,Arjun,Singh,9000084896,arjun.singh.487@example.com,Gurugram,35 to 39,web_reveal,true,false,S2,free,,,Adviser 06,25 to 50 lakhs,25 lakhs to 1 crore,"More than 40%, I live well below my means",Security,2026-08-09,2026-08-10,,,,,,,,2026-08-31,20,not_started,,not_started,,,,,,,,,off,,62,https://spiffler33.github.io/yeslyf-wireframes/admin_wireframes.html?run=3000&screen=M03&person=P02019,false
P02020,Subhajit,Dutta,9000092311,,Mumbai,35 to 39,community,true,false,S1,free,,,Adviser 05,,,,,2026-08-21,,,,,,,,,2026-08-22,0,not_started,,not_started,,,,,,,,,off,,19,https://spiffler33.github.io/yeslyf-wireframes/admin_wireframes.html?run=3000&screen=M03&person=P02020,false
P02021,Naveen,Shetty,9000071837,,Hyderabad,35 to 39,organic,true,false,S2,free,,,Adviser 04,25 to 50 lakhs,25 lakhs to 1 crore,"More than 40%, I live well below my means",Security,2026-08-10,2026-08-10,,,,,,,,2026-08-13,20,not_started,,not_started,,,,,,,,,off,,62,https://spiffler33.github.io/yeslyf-wireframes/admin_wireframes.html?run=3000&screen=M03&person=P02021,false
P02023,Meenakshi,Reddy,9000096712,,Chennai,35 to 39,community,true,false,S2,free,,,Adviser 01,25 to 50 lakhs,25 lakhs to 1 crore,"More than 40%, I live well below my means",Family,2026-08-10,2026-08-11,,,,,,,,2026-08-14,20,not_started,,not_started,,,,,,,,,off,,62,https://spiffler33.github.io/yeslyf-wireframes/admin_wireframes.html?run=3000&screen=M03&person=P02023,false
P02024,Arun,Prasad,9000026697,arun.prasad.839@example.com,Mumbai,25 to 29,web_reveal,true,false,S1,free,,,Adviser 05,,,,,2026-08-11,,,,,,,,,2026-08-13,0,not_started,,not_started,,,,,,,,,off,,19,https://spiffler33.github.io/yeslyf-wireframes/admin_wireframes.html?run=3000&screen=M03&person=P02024,false
P02026,Vishnu,Rao,9000057254,,Bengaluru,25 to 29,organic,true,false,S2,free,,,Adviser 01,10 to 25 lakhs,5 to 25 lakhs,"More than 40%, I live well below my means",Security,2026-08-11,2026-08-11,,,,,,,,2026-08-14,20,not_started,,not_started,,,,,,,,,off,,62,https://spiffler33.github.io/yeslyf-wireframes/admin_wireframes.html?run=3000&screen=M03&person=P02026,false
P02028,Saloni,Pawar,9000016779,,Mumbai,25 to 29,community,true,false,S1,free,,,Adviser 03,,,,,2026-08-13,,,,,,,,,2026-08-14,0,not_started,,not_started,,,,,,,,,off,,12,https://spiffler33.github.io/yeslyf-wireframes/admin_wireframes.html?run=3000&screen=M03&person=P02028,false
P02030,Anjali,Singh,9000064814,anjali.singh.257@example.com,Noida,30 to 34,web_reveal,false,false,S2c,free,,,Adviser 02,25 to 50 lakhs,25 lakhs to 1 crore,"More than 40%, I live well below my means",Family,2026-08-11,2026-08-11,,,,,,,,2026-09-01,20,verified,,not_started,,,,,,,,,off,,94,https://spiffler33.github.io/yeslyf-wireframes/admin_wireframes.html?run=3000&screen=M03&person=P02030,false
P02031,Gurpreet,Saxena,9000089832,,Gurugram,35 to 39,community,false,true,S2,free,,,Adviser 05,25 to 50 lakhs,25 lakhs to 1 crore,"Around 40%, some serious money",Family,2026-08-11,2026-08-12,,,,,,,,2026-08-13,20,not_started,,not_started,,,,,,,,,off,,62,https://spiffler33.github.io/yeslyf-wireframes/admin_wireframes.html?run=3000&screen=M03&person=P02031,false
P02032,Nandini,Chandran,9000095450,,Chennai,30 to 34,community,true,false,S1,free,,,Adviser 02,,,,,2026-08-11,,,,,,,,,2026-08-13,0,not_started,,not_started,,,,,,,,,off,,12,https://spiffler33.github.io/yeslyf-wireframes/admin_wireframes.html?run=3000&screen=M03&person=P02032,false
P02035,Riddhi,Thakkar,9000091604,,Delhi,25 to 29,organic,true,false,S1,free,,,Adviser 02,,,,,2026-08-17,,,,,,,,,2026-08-18,0,not_started,,not_started,,,,,,,,,off,,19,https://spiffler33.github.io/yeslyf-wireframes/admin_wireframes.html?run=3000&screen=M03&person=P02035,false
P02037,Subhajit,Dutta,9000006402,,Pune,35 to 39,community,true,false,S2,free,,,Adviser 04,25 to 50 lakhs,25 lakhs to 1 crore,"Around 40%, some serious money",Family,2026-08-14,2026-08-14,,,,,,,,2026-08-18,20,not_started,,not_started,,,,,,,,,off,,62,https://spiffler33.github.io/yeslyf-wireframes/admin_wireframes.html?run=3000&screen=M03&person=P02037,false
P02038,Kavya,Chauhan,9000030620,,Noida,30 to 34,corporate_session,true,false,S1,free,,,Adviser 04,10 to 25 lakhs,Under 5 lakhs,"Around 25%, meaningful amounts",,2026-08-11,,,,,,,,,2026-08-13,0,not_started,,not_started,,,,,,,,,off,,44,https://spiffler33.github.io/yeslyf-wireframes/admin_wireframes.html?run=3000&screen=M03&person=P02038,false
P02039,Nidhi,Mehta,9000017070,,Ahmedabad,30 to 34,community,true,false,S1,free,,,Adviser 06,,,,,2026-08-11,,,,,,,,,2026-08-12,0,not_started,,not_started,,,,,,,,,off,,19,https://spiffler33.github.io/yeslyf-wireframes/admin_wireframes.html?run=3000&screen=M03&person=P02039,false
P02041,Pradeep,Nair,9000005871,pradeep.nair.225@example.com,Gurugram,30 to 34,community,true,false,S2,free,,,Adviser 03,25 to 50 lakhs,25 lakhs to 1 crore,"More than 40%, I live well below my means",Family,2026-08-11,2026-08-11,,,,,,,,2026-09-01,20,not_started,,not_started,,,,,,,,,off,,62,https://spiffler33.github.io/yeslyf-wireframes/admin_wireframes.html?run=3000&screen=M03&person=P02041,false
P02042,Rohit,Gokhale,9000046330,,Ahmedabad,30 to 34,referral,false,false,S2,free,,,Adviser 03,10 to 25 lakhs,25 lakhs to 1 crore,"Around 25%, meaningful amounts",Family,2026-08-12,2026-08-12,,,,,,,,2026-08-13,20,not_started,,not_started,,,,,,,,,off,,62,https://spiffler33.github.io/yeslyf-wireframes/admin_wireframes.html?run=3000&screen=M03&person=P02042,false
P02043,Urvi,Shinde,9000004935,urvi.shinde.367@example.com,Mumbai,25 to 29,community,false,false,S9,diy,diy,active,Adviser 04,25 to 50 lakhs,5 to 25 lakhs,"More than 40%, I live well below my means",Freedom,2026-08-14,2026-08-14,2026-08-14,2026-08-20,2026-08-20,2026-08-24,,2026-11-18,2026-10-13,2026-09-20,100,verified,not_connected,read,executing,1,3,,yes,2,2026-08-25T16:17:20+05:30,,off,,98,https://spiffler33.github.io/yeslyf-wireframes/admin_wireframes.html?run=3000&screen=M03&person=P02043,false
P02044,Arpita,Chatterjee,9000015509,,Bengaluru,25 to 29,corporate_session,true,false,S2,free,,,Adviser 05,10 to 25 lakhs,5 to 25 lakhs,"Around 40%, some serious money",Freedom,2026-08-13,2026-08-14,,,,,,,,2026-08-17,20,not_started,,not_started,,,,,,,,,off,,62,https://spiffler33.github.io/yeslyf-wireframes/admin_wireframes.html?run=3000&screen=M03&person=P02044,false
P02045,Manish,Gill,9000023457,,Delhi,40 to 44,community,true,false,S2,free,,,Adviser 04,50 lakhs to 1 crore,1 to 5 crores,"More than 40%, I live well below my means",Legacy,2026-08-17,2026-08-17,,,,,,,,2026-08-20,20,not_started,,not_started,,,,,,,,,off,,62,https://spiffler33.github.io/yeslyf-wireframes/admin_wireframes.html?run=3000&screen=M03&person=P02045,false
P02048,Amruta,Deshmukh,9000086637,,Pune,30 to 34,community,true,false,S1,free,,,Adviser 03,10 to 25 lakhs,25 lakhs to 1 crore,"More than 40%, I live well below my means",,2026-08-14,,,,,,,,,2026-08-15,0,not_started,,not_started,,,,,,,,,off,,44,https://spiffler33.github.io/yeslyf-wireframes/admin_wireframes.html?run=3000&screen=M03&person=P02048,false
P02049,Sudipta,Banerjee,9000003232,,Chennai,30 to 34,community,true,true,S2,free,,,Adviser 01,10 to 25 lakhs,25 lakhs to 1 crore,"Around 40%, some serious money",Legacy,2026-08-18,2026-08-19,,,,,,,,2026-08-20,20,not_started,,not_started,,,,,,,,,off,,62,https://spiffler33.github.io/yeslyf-wireframes/admin_wireframes.html?run=3000&screen=M03&person=P02049,false
P02052,Yogesh,Naik,9000078698,,Pune,35 to 39,community,true,false,S2,free,,,Adviser 04,25 to 50 lakhs,5 to 25 lakhs,"Around 40%, some serious money",Security,2026-08-13,2026-08-13,,,,,,,,2026-08-17,20,not_started,,not_started,,,,,,,,,off,,62,https://spiffler33.github.io/yeslyf-wireframes/admin_wireframes.html?run=3000&screen=M03&person=P02052,false
P02055,Arnab,Patnaik,9000070326,arnab.patnaik.560@example.com,Hyderabad,35 to 39,community,true,false,S2,free,,,Adviser 01,25 to 50 lakhs,25 lakhs to 1 crore,"More than 40%, I live well below my means",Security,2026-08-17,2026-08-18,,,,,,,,2026-09-08,20,not_started,,not_started,,,,,,,,,off,,62,https://spiffler33.github.io/yeslyf-wireframes/admin_wireframes.html?run=3000&screen=M03&person=P02055,false
P02057,Varun,Agarwal,9000061053,,Noida,30 to 34,organic,true,false,S2,free,,,Adviser 03,50 lakhs to 1 crore,25 lakhs to 1 crore,"Around 25%, meaningful amounts",Freedom,2026-08-23,2026-08-23,,,,,,,,2026-08-26,20,not_started,,not_started,,,,,,,,,off,,62,https://spiffler33.github.io/yeslyf-wireframes/admin_wireframes.html?run=3000&screen=M03&person=P02057,false
P02058,Lakshmi,Gowda,9000002968,lakshmi.gowda.938@example.com,Bengaluru,30 to 34,community,true,false,S2,free,,,Adviser 02,25 to 50 lakhs,1 to 5 crores,"More than 40%, I live well below my means",Freedom,2026-08-12,2026-08-12,,,,,,,,2026-09-02,20,not_started,,not_started,,,,,,,,,off,,62,https://spiffler33.github.io/yeslyf-wireframes/admin_wireframes.html?run=3000&screen=M03&person=P02058,false
P02059,Sourav,Mitra,9000071804,,Mumbai,30 to 34,referral,true,false,S2,free,,,Adviser 04,25 to 50 lakhs,25 lakhs to 1 crore,"More than 40%, I live well below my means",Security,2026-08-12,2026-08-12,,,,,,,,2026-08-16,20,not_started,,not_started,,,,,,,,,off,,62,https://spiffler33.github.io/yeslyf-wireframes/admin_wireframes.html?run=3000&screen=M03&person=P02059,false
P02064,Aravind,Naidu,9000081516,,Bengaluru,30 to 34,corporate_session,true,false,S2,free,,,Adviser 04,25 to 50 lakhs,Under 5 lakhs,"Around 25%, meaningful amounts",Freedom,2026-08-17,2026-08-18,,,,,,,,2026-08-21,20,not_started,,not_started,,,,,,,,,off,,62,https://spiffler33.github.io/yeslyf-wireframes/admin_wireframes.html?run=3000&screen=M03&person=P02064,false
P02066,Ketan,Pawar,9000091750,ketan.pawar.483@example.com,Ahmedabad,30 to 34,community,true,false,S2,free,,,Adviser 03,10 to 25 lakhs,5 to 25 lakhs,"Around 40%, some serious money",Generosity,2026-08-11,2026-08-12,,,,,,,,2026-09-02,20,not_started,,not_started,,,,,,,,,off,,62,https://spiffler33.github.io/yeslyf-wireframes/admin_wireframes.html?run=3000&screen=M03&person=P02066,false
P02067,Nirav,Desai,9000089962,,Ahmedabad,30 to 34,referral,false,false,S1,free,,,Adviser 01,10 to 25 lakhs,5 to 25 lakhs,,,2026-08-12,,,,,,,,,2026-08-12,0,not_started,,not_started,,,,,,,,,off,,38,https://spiffler33.github.io/yeslyf-wireframes/admin_wireframes.html?run=3000&screen=M03&person=P02067,false
P02068,Ayesha,Sethi,9000000027,ayesha.sethi.315@example.com,Gurugram,30 to 34,web_reveal,true,false,S6,diwm,diwm,active,Adviser 01,25 to 50 lakhs,25 lakhs to 1 crore,"More than 40%, I live well below my means",Legacy,2026-08-16,2026-08-16,2026-08-16,2026-08-26,2026-08-26,,,2026-11-24,2026-10-15,2026-09-20,100,verified,not_connected,built,ready,0,5,,yes,0,2026-08-26T20:50:44+05:30,,off,,100,https://spiffler33.github.io/yeslyf-wireframes/admin_wireframes.html?run=3000&screen=M03&person=P02068,false
P02069,Zoya,Srivastava,9000026185,,Gurugram,35 to 39,community,true,false,S2,free,,,Adviser 03,25 to 50 lakhs,25 lakhs to 1 crore,"More than 40%, I live well below my means",Family,2026-08-19,2026-08-20,,,,,,,,2026-08-23,20,not_started,,not_started,,,,,,,,,off,,62,https://spiffler33.github.io/yeslyf-wireframes/admin_wireframes.html?run=3000&screen=M03&person=P02069,false
P02070,Parth,Mehta,9000046149,,Mumbai,30 to 34,organic,false,false,S2,free,,,Adviser 01,10 to 25 lakhs,25 lakhs to 1 crore,"Around 25%, meaningful amounts",Security,2026-08-15,2026-08-15,,,,,,,,2026-08-16,20,not_started,,not_started,,,,,,,,,off,,62,https://spiffler33.github.io/yeslyf-wireframes/admin_wireframes.html?run=3000&screen=M03&person=P02070,false
P02072,Nidhi,Trivedi,9000064014,nidhi.trivedi.880@example.com,Ahmedabad,30 to 34,community,false,false,S1,free,,,Adviser 06,10 to 25 lakhs,25 lakhs to 1 crore,"More than 40%, I live well below my means",,2026-08-15,,,,,,,,,2026-08-15,0,not_started,,not_started,,,,,,,,,off,,50,https://spiffler33.github.io/yeslyf-wireframes/admin_wireframes.html?run=3000&screen=M03&person=P02072,false
P02073,Divakar,Varma,9000083562,divakar.varma.323@example.com,Chennai,35 to 39,corporate_session,true,false,S7,diwm,diwm,active,Adviser 02,10 to 25 lakhs,25 lakhs to 1 crore,"More than 40%, I live well below my means",Security,2026-08-18,2026-08-18,2026-08-21,2026-09-09,2026-09-09,,,2026-12-08,2026-11-19,2026-09-23,100,verified,not_connected,built,ready,0,5,,yes,0,2026-09-09T21:46:39+05:30,,off,,97,https://spiffler33.github.io/yeslyf-wireframes/admin_wireframes.html?run=3000&screen=M03&person=P02073,false
P02074,Vignesh,Rajan,9000046619,,Hyderabad,35 to 39,community,false,false,S2,free,,,Adviser 01,50 lakhs to 1 crore,1 to 5 crores,"Around 25%, meaningful amounts",Security,2026-08-14,2026-08-14,,,,,,,,2026-08-15,20,not_started,,not_started,,,,,,,,,off,,62,https://spiffler33.github.io/yeslyf-wireframes/admin_wireframes.html?run=3000&screen=M03&person=P02074,false
P02075,Nithya,Prasad,9000080481,,Hyderabad,35 to 39,corporate_session,false,false,S1,free,,,Adviser 04,,,,,2026-08-15,,,,,,,,,2026-08-16,0,not_started,,not_started,,,,,,,,,off,,12,https://spiffler33.github.io/yeslyf-wireframes/admin_wireframes.html?run=3000&screen=M03&person=P02075,false
P02079,Pranav,Agarwal,9000061721,,Delhi,35 to 39,organic,false,false,S2,free,,,Adviser 02,50 lakhs to 1 crore,25 lakhs to 1 crore,"Around 40%, some serious money",Family,2026-08-13,2026-08-14,,,,,,,,2026-08-15,20,not_started,,not_started,,,,,,,,,off,,62,https://spiffler33.github.io/yeslyf-wireframes/admin_wireframes.html?run=3000&screen=M03&person=P02079,false
P02081,Ketan,Patil,9000069580,,Pune,30 to 34,corporate_session,false,false,S2,free,,,Adviser 05,10 to 25 lakhs,25 lakhs to 1 crore,"More than 40%, I live well below my means",Freedom,2026-08-14,2026-08-14,,,,,,,,2026-08-15,20,not_started,,not_started,,,,,,,,,off,,62,https://spiffler33.github.io/yeslyf-wireframes/admin_wireframes.html?run=3000&screen=M03&person=P02081,false
P02082,Ketan,Patil,9000079856,,Nagpur,30 to 34,community,true,false,S2,free,,,Adviser 05,10 to 25 lakhs,5 to 25 lakhs,"Around 25%, meaningful amounts",Family,2026-08-12,2026-08-12,,,,,,,,2026-08-16,20,not_started,,not_started,,,,,,,,,off,,62,https://spiffler33.github.io/yeslyf-wireframes/admin_wireframes.html?run=3000&screen=M03&person=P02082,false
P02083,Hardik,Deshmukh,9000033419,,Pune,30 to 34,community,true,false,S2,free,,,Adviser 03,10 to 25 lakhs,Under 5 lakhs,"More than 40%, I live well below my means",Generosity,2026-08-13,2026-08-13,,,,,,,,2026-08-16,20,not_started,,not_started,,,,,,,,,off,,62,https://spiffler33.github.io/yeslyf-wireframes/admin_wireframes.html?run=3000&screen=M03&person=P02083,false
P02085,Revathi,Varma,9000079652,,Chennai,35 to 39,organic,false,false,S2,free,,,Adviser 03,25 to 50 lakhs,25 lakhs to 1 crore,"More than 40%, I live well below my means",Family,2026-08-17,2026-08-17,,,,,,,,2026-08-18,20,not_started,,not_started,,,,,,,,,off,,62,https://spiffler33.github.io/yeslyf-wireframes/admin_wireframes.html?run=3000&screen=M03&person=P02085,false
P02086,Harpreet,Gupta,9000079214,,Gurugram,35 to 39,community,true,false,S2,free,,,Adviser 06,25 to 50 lakhs,25 lakhs to 1 crore,"More than 40%, I live well below my means",Security,2026-08-17,2026-08-17,,,,,,,,2026-08-20,20,not_started,,not_started,,,,,,,,,off,,62,https://spiffler33.github.io/yeslyf-wireframes/admin_wireframes.html?run=3000&screen=M03&person=P02086,false
P02087,Saloni,Sawant,9000011403,saloni.sawant.399@example.com,Pune,30 to 34,web_reveal,true,false,S2,free,,,Adviser 06,10 to 25 lakhs,Under 5 lakhs,"Around 25%, meaningful amounts",Freedom,2026-08-13,2026-08-14,,,,,,,,2026-09-04,20,not_started,,not_started,,,,,,,,,off,,62,https://spiffler33.github.io/yeslyf-wireframes/admin_wireframes.html?run=3000&screen=M03&person=P02087,false
P02089,Nikhil,Gupta,9000034273,nikhil.gupta.909@example.com,Chennai,35 to 39,community,true,false,S2,free,,,Adviser 03,10 to 25 lakhs,5 to 25 lakhs,"Around 40%, some serious money",Security,2026-08-14,2026-08-14,,,,,,,,2026-09-04,20,not_started,,not_started,,,,,,,,,off,,62,https://spiffler33.github.io/yeslyf-wireframes/admin_wireframes.html?run=3000&screen=M03&person=P02089,false
P02090,Rohit,Vora,9000071029,,Pune,30 to 34,community,true,false,S2,free,,,Adviser 05,10 to 25 lakhs,5 to 25 lakhs,"Around 40%, some serious money",Family,2026-08-16,2026-08-17,,,,,,,,2026-08-20,20,not_started,,not_started,,,,,,,,,off,,62,https://spiffler33.github.io/yeslyf-wireframes/admin_wireframes.html?run=3000&screen=M03&person=P02090,false
P02091,Jigar,Chitale,9000030345,,Pune,40 to 44,community,true,false,S2,free,,,Adviser 02,10 to 25 lakhs,25 lakhs to 1 crore,"More than 40%, I live well below my means",Freedom,2026-08-14,2026-08-14,,,,,,,,2026-08-17,20,not_started,,not_started,,,,,,,,,off,,62,https://spiffler33.github.io/yeslyf-wireframes/admin_wireframes.html?run=3000&screen=M03&person=P02091,false
P02093,Sayan,Das,9000021948,sayan.das.879@example.com,Gurugram,30 to 34,community,true,false,S2,free,,,Adviser 02,25 to 50 lakhs,25 lakhs to 1 crore,"More than 40%, I live well below my means",Generosity,2026-08-13,2026-08-13,,,,,,,,2026-09-03,20,not_started,,not_started,,,,,,,,,off,,62,https://spiffler33.github.io/yeslyf-wireframes/admin_wireframes.html?run=3000&screen=M03&person=P02093,false
P02095,Jigar,Pandya,9000096391,,Pune,25 to 29,community,true,false,S2,free,,,Adviser 06,10 to 25 lakhs,Under 5 lakhs,"More than 40%, I live well below my means",Family,2026-08-17,2026-08-17,,,,,,,,2026-08-21,20,not_started,,not_started,,,,,,,,,off,,62,https://spiffler33.github.io/yeslyf-wireframes/admin_wireframes.html?run=3000&screen=M03&person=P02095,false
P02097,Chaitanya,Krishnan,9000020868,chaitanya.krishnan.951@example.com,Bengaluru,25 to 29,community,true,false,S2,free,,,Adviser 01,10 to 25 lakhs,5 to 25 lakhs,"Around 40%, some serious money",Freedom,2026-08-25,2026-08-25,,,,,,,,2026-09-15,20,not_started,,not_started,,,,,,,,,off,,62,https://spiffler33.github.io/yeslyf-wireframes/admin_wireframes.html?run=3000&screen=M03&person=P02097,false
P02098,Deepa,Pillai,9000051876,,Hyderabad,35 to 39,corporate_session,true,true,S2,free,,,Adviser 02,25 to 50 lakhs,25 lakhs to 1 crore,"More than 40%, I live well below my means",Family,2026-08-15,2026-08-15,,,,,,,,2026-08-16,20,not_started,,not_started,,,,,,,,,off,,62,https://spiffler33.github.io/yeslyf-wireframes/admin_wireframes.html?run=3000&screen=M03&person=P02098,false
P02099,Shruti,Chitale,9000043360,,Mumbai,30 to 34,corporate_session,true,false,S2,free,,,Adviser 04,10 to 25 lakhs,5 to 25 lakhs,"Around 40%, some serious money",Generosity,2026-08-15,2026-08-15,,,,,,,,2026-08-19,20,not_started,,not_started,,,,,,,,,off,,62,https://spiffler33.github.io/yeslyf-wireframes/admin_wireframes.html?run=3000&screen=M03&person=P02099,false
P02104,Simran,Khanna,9000071039,,Gurugram,30 to 34,organic,false,false,S2,free,,,Adviser 05,25 to 50 lakhs,25 lakhs to 1 crore,"More than 40%, I live well below my means",Family,2026-08-15,2026-08-15,,,,,,,,2026-08-16,20,not_started,,not_started,,,,,,,,,off,,62,https://spiffler33.github.io/yeslyf-wireframes/admin_wireframes.html?run=3000&screen=M03&person=P02104,false
P02106,Varsha,Raman,9000046560,varsha.raman.342@example.com,Chennai,35 to 39,community,false,false,S5,diy,diy,active,Adviser 01,10 to 25 lakhs,Under 5 lakhs,"Around 10%, small consistent chunks",Generosity,2026-08-13,2026-08-14,2026-09-05,,,,,,2026-12-04,2026-09-19,94,verified,cas_uploaded,in_progress,not_started,,,,yes,0,2026-09-18T09:57:08+05:30,,off,,98,https://spiffler33.github.io/yeslyf-wireframes/admin_wireframes.html?run=3000&screen=M03&person=P02106,false
P02107,Sneha,Kulkarni,9000073209,sneha.kulkarni.970@example.com,Mumbai,25 to 29,web_reveal,true,false,S1,free,,,Adviser 02,,,,,2026-08-22,,,,,,,,,2026-08-23,0,not_started,,not_started,,,,,,,,,off,,19,https://spiffler33.github.io/yeslyf-wireframes/admin_wireframes.html?run=3000&screen=M03&person=P02107,false
P02109,Sagar,Gokhale,9000089909,,Pune,30 to 34,corporate_session,true,false,S1,free,,,Adviser 06,10 to 25 lakhs,5 to 25 lakhs,,,2026-08-14,,,,,,,,,2026-08-15,0,not_started,,not_started,,,,,,,,,off,,38,https://spiffler33.github.io/yeslyf-wireframes/admin_wireframes.html?run=3000&screen=M03&person=P02109,false
P02110,Lakshmi,Chandran,9000088459,lakshmi.chandran.829@example.com,Hyderabad,40 to 44,web_reveal,false,false,S1,free,,,Adviser 02,,,,,2026-08-15,,,,,,,,,2026-08-15,0,not_started,,not_started,,,,,,,,,off,,12,https://spiffler33.github.io/yeslyf-wireframes/admin_wireframes.html?run=3000&screen=M03&person=P02110,false
P02111,Bhavana,Menon,9000082008,bhavana.menon.158@example.com,Bengaluru,35 to 39,web_reveal,false,false,S1,free,,,Adviser 06,,,,,2026-08-14,,,,,,,,,2026-08-14,0,not_started,,not_started,,,,,,,,,off,,12,https://spiffler33.github.io/yeslyf-wireframes/admin_wireframes.html?run=3000&screen=M03&person=P02111,false
P02112,Rutuja,Kulkarni,9000022576,,Pune,30 to 34,corporate_session,false,false,S1,free,,,Adviser 02,,,,,2026-08-16,,,,,,,,,2026-08-16,0,not_started,,not_started,,,,,,,,,off,,12,https://spiffler33.github.io/yeslyf-wireframes/admin_wireframes.html?run=3000&screen=M03&person=P02112,false
P02113,Omkar,Trivedi,9000025764,,Pune,30 to 34,organic,true,false,S1,free,,,Adviser 05,,,,,2026-08-14,,,,,,,,,2026-08-15,0,not_started,,not_started,,,,,,,,,off,,25,https://spiffler33.github.io/yeslyf-wireframes/admin_wireframes.html?run=3000&screen=M03&person=P02113,false
P02114,Varsha,Murthy,9000092410,,Chennai,35 to 39,community,true,false,S2,free,,,Adviser 02,10 to 25 lakhs,25 lakhs to 1 crore,"More than 40%, I live well below my means",Freedom,2026-08-17,2026-08-18,,,,,,,,2026-08-21,20,not_started,,not_started,,,,,,,,,off,,62,https://spiffler33.github.io/yeslyf-wireframes/admin_wireframes.html?run=3000&screen=M03&person=P02114,false
P02115,Rohan,Verma,9000024773,,Gurugram,25 to 29,corporate_session,true,false,S2,free,,,Adviser 06,25 to 50 lakhs,25 lakhs to 1 crore,"More than 40%, I live well below my means",Freedom,2026-08-16,2026-08-16,,,,,,,,2026-08-19,20,not_started,,not_started,,,,,,,,,off,,62,https://spiffler33.github.io/yeslyf-wireframes/admin_wireframes.html?run=3000&screen=M03&person=P02115,false
P02117,Rituparna,Sahoo,9000002432,,Mumbai,25 to 29,corporate_session,true,false,S2,free,,,Adviser 03,25 to 50 lakhs,25 lakhs to 1 crore,"More than 40%, I live well below my means",Family,2026-08-17,2026-08-17,,,,,,,,2026-08-20,20,not_started,,not_started,,,,,,,,,off,,62,https://spiffler33.github.io/yeslyf-wireframes/admin_wireframes.html?run=3000&screen=M03&person=P02117,false
P02119,Revathi,Balakrishnan,9000055785,revathi.balakrishnan.468@example.com,Hyderabad,40 to 44,web_reveal,false,false,S2,free,,,Adviser 01,Over 1 crore,25 lakhs to 1 crore,"More than 40%, I live well below my means",Legacy,2026-08-14,2026-08-14,,,,,,,,2026-09-04,20,not_started,,not_started,,,,,,,,,off,,62,https://spiffler33.github.io/yeslyf-wireframes/admin_wireframes.html?run=3000&screen=M03&person=P02119,false
P02120,Biswajit,Roy,9000045117,,Kolkata,30 to 34,community,true,false,S2,free,,,Adviser 06,25 to 50 lakhs,25 lakhs to 1 crore,"More than 40%, I live well below my means",Family,2026-08-15,2026-08-16,,,,,,,,2026-08-19,20,not_started,,not_started,,,,,,,,,off,,62,https://spiffler33.github.io/yeslyf-wireframes/admin_wireframes.html?run=3000&screen=M03&person=P02120,false
P02124,Kavitha,Naidu,9000090261,kavitha.naidu.563@example.com,Hyderabad,30 to 34,community,true,false,S2,free,,,Adviser 02,10 to 25 lakhs,25 lakhs to 1 crore,"Around 40%, some serious money",Generosity,2026-08-14,2026-08-14,,,,,,,,2026-09-05,20,not_started,,not_started,,,,,,,,,off,,62,https://spiffler33.github.io/yeslyf-wireframes/admin_wireframes.html?run=3000&screen=M03&person=P02124,false
P02126,Gauri,Jadhav,9000049189,,Pune,30 to 34,organic,false,false,S2,free,,,Adviser 03,10 to 25 lakhs,5 to 25 lakhs,"Around 40%, some serious money",Freedom,2026-08-15,2026-08-16,,,,,,,,2026-08-17,20,not_started,,not_started,,,,,,,,,off,,62,https://spiffler33.github.io/yeslyf-wireframes/admin_wireframes.html?run=3000&screen=M03&person=P02126,false
P02127,Bhavana,Iyengar,9000002101,bhavana.iyengar.646@example.com,Hyderabad,under 25,web_reveal,false,false,S2,free,,,Adviser 01,10 to 25 lakhs,5 to 25 lakhs,"Around 10%, small consistent chunks",Family,2026-08-15,2026-08-15,,,,,,,,2026-09-05,20,not_started,,not_started,,,,,,,,,off,,62,https://spiffler33.github.io/yeslyf-wireframes/admin_wireframes.html?run=3000&screen=M03&person=P02127,false
P02128,Jigar,Shah,9000092505,jigar.shah.656@example.com,Ahmedabad,30 to 34,web_reveal,true,true,S2,free,,,Adviser 03,10 to 25 lakhs,5 to 25 lakhs,"More than 40%, I live well below my means",Family,2026-08-15,2026-08-15,,,,,,,,2026-09-05,20,not_started,,not_started,,,,,,,,,off,,62,https://spiffler33.github.io/yeslyf-wireframes/admin_wireframes.html?run=3000&screen=M03&person=P02128,false
P02130,Lakshmi,Iyengar,9000059716,lakshmi.iyengar.379@example.com,Gurugram,30 to 34,community,true,false,S9,diy,diy,active,Adviser 02,25 to 50 lakhs,25 lakhs to 1 crore,"Around 40%, some serious money",Freedom,2026-08-22,2026-08-22,2026-08-22,2026-08-30,2026-08-30,2026-08-30,,2026-11-28,2026-11-20,2026-09-18,100,verified (address typed),not_connected,read,executing,1,4,,yes,0,2026-08-30T14:52:09+05:30,,off,,100,https://spiffler33.github.io/yeslyf-wireframes/admin_wireframes.html?run=3000&screen=M03&person=P02130,false
P02131,Heena,Apte,9000045202,,Mumbai,40 to 44,community,true,false,S1,free,,,Adviser 06,,,,,2026-08-27,,,,,,,,,2026-08-28,0,not_started,,not_started,,,,,,,,,off,,12,https://spiffler33.github.io/yeslyf-wireframes/admin_wireframes.html?run=3000&screen=M03&person=P02131,false
P02135,Sowmya,Rajan,9000030882,sowmya.rajan.843@example.com,Chennai,35 to 39,community,true,false,S2,free,,,Adviser 04,25 to 50 lakhs,5 to 25 lakhs,"More than 40%, I live well below my means",Security,2026-08-16,2026-08-16,,,,,,,,2026-09-07,20,not_started,,not_started,,,,,,,,,off,,62,https://spiffler33.github.io/yeslyf-wireframes/admin_wireframes.html?run=3000&screen=M03&person=P02135,false
P02136,Kunal,Shah,9000011374,kunal.shah.214@example.com,Mumbai,25 to 29,community,true,false,S2,free,,,Adviser 06,25 to 50 lakhs,25 lakhs to 1 crore,"More than 40%, I live well below my means",Family,2026-08-16,2026-08-17,,,,,,,,2026-09-07,20,not_started,,not_started,,,,,,,,,off,,62,https://spiffler33.github.io/yeslyf-wireframes/admin_wireframes.html?run=3000&screen=M03&person=P02136,false
P02137,Venkat,Kumar,9000004310,,Hyderabad,under 25,community,true,false,S1,free,,,Adviser 05,,,,,2026-08-14,,,,,,,,,2026-08-16,0,not_started,,not_started,,,,,,,,,off,,25,https://spiffler33.github.io/yeslyf-wireframes/admin_wireframes.html?run=3000&screen=M03&person=P02137,false
P02139,Suresh,Iyengar,9000097878,suresh.iyengar.469@example.com,Bengaluru,25 to 29,corporate_session,true,false,S24,diy,diy,cancelled,Adviser 06,10 to 25 lakhs,5 to 25 lakhs,"Around 40%, some serious money",Legacy,2026-08-25,2026-08-25,2026-09-15,,,,,,,2026-09-20,50,verified,failed,in_progress,not_started,,,,no,0,2026-09-20T03:19:51+05:30,,off,,77,https://spiffler33.github.io/yeslyf-wireframes/admin_wireframes.html?run=3000&screen=M03&person=P02139,false
P02141,Sourav,Sahoo,9000073368,sourav.sahoo.510@example.com,Delhi,35 to 39,community,true,false,S25,diwm,diwm,active,Adviser 05,25 to 50 lakhs,1 to 5 crores,"More than 40%, I live well below my means",Security,2026-08-16,2026-08-16,2026-08-16,2026-08-25,2026-08-25,2026-09-03,2026-08-22,2026-11-23,2026-10-15,2026-09-20,100,verified,cas_uploaded,read,executing,1,3,,yes,0,2026-08-25T09:28:29+05:30,,off,Adviser 04,100,https://spiffler33.github.io/yeslyf-wireframes/admin_wireframes.html?run=3000&screen=M03&person=P02141,false
P02144,Pranav,Sharma,9000042224,,Delhi,35 to 39,corporate_session,true,false,S14,difm,,adviser relationship,Harish,,,,,2026-08-20,,,,,,,2026-11-18,,2026-09-06,68,"verified (assisted onboarding, M12)",connected,not applicable (adviser relationship),,,,2026-11-18,,0,2026-09-06T20:37:34+05:30,,off,,72,https://spiffler33.github.io/yeslyf-wireframes/admin_wireframes.html?run=3000&screen=M03&person=P02144,false
P02145,Vishnu,Prasad,9000099775,vishnu.prasad.736@example.com,Hyderabad,30 to 34,web_reveal,true,false,S2,free,,,Adviser 02,25 to 50 lakhs,25 lakhs to 1 crore,"More than 40%, I live well below my means",Security,2026-08-18,2026-08-19,,,,,,,,2026-09-09,20,not_started,,not_started,,,,,,,,,off,,62,https://spiffler33.github.io/yeslyf-wireframes/admin_wireframes.html?run=3000&screen=M03&person=P02145,false
P02147,Sagar,Chitale,9000037597,,Pune,25 to 29,corporate_session,true,false,S2,free,,,Adviser 03,10 to 25 lakhs,25 lakhs to 1 crore,"More than 40%, I live well below my means",Freedom,2026-08-16,2026-08-16,,,,,,,,2026-08-20,20,not_started,,not_started,,,,,,,,,off,,62,https://spiffler33.github.io/yeslyf-wireframes/admin_wireframes.html?run=3000&screen=M03&person=P02147,false
P02148,Pavithra,Rao,9000082970,,Hyderabad,40 to 44,community,true,false,S2,free,,,Adviser 03,25 to 50 lakhs,25 lakhs to 1 crore,"More than 40%, I live well below my means",Security,2026-08-18,2026-08-19,,,,,,,,2026-08-22,20,not_started,,not_started,,,,,,,,,off,,62,https://spiffler33.github.io/yeslyf-wireframes/admin_wireframes.html?run=3000&screen=M03&person=P02148,false
P02149,Nikhil,Agarwal,9000041150,,Gurugram,30 to 34,community,true,false,S1,free,,,Adviser 05,25 to 50 lakhs,,,,2026-08-17,,,,,,,,,2026-08-18,0,not_started,,not_started,,,,,,,,,off,,31,https://spiffler33.github.io/yeslyf-wireframes/admin_wireframes.html?run=3000&screen=M03&person=P02149,false
P02150,Sahil,Malhotra,9000099129,,Gurugram,30 to 34,corporate_session,true,false,S2,free,,,Adviser 01,25 to 50 lakhs,25 lakhs to 1 crore,"More than 40%, I live well below my means",Freedom,2026-08-16,2026-08-18,,,,,,,,2026-08-21,20,not_started,,not_started,,,,,,,,,off,,62,https://spiffler33.github.io/yeslyf-wireframes/admin_wireframes.html?run=3000&screen=M03&person=P02150,false
P02156,Nithya,Kumar,9000063136,,Bengaluru,25 to 29,community,true,false,S1,free,,,Adviser 05,,,,,2026-08-17,,,,,,,,,2026-08-18,0,not_started,,not_started,,,,,,,,,off,,12,https://spiffler33.github.io/yeslyf-wireframes/admin_wireframes.html?run=3000&screen=M03&person=P02156,false
P02157,Moumita,Roy,9000099247,,Kolkata,30 to 34,corporate_session,false,false,S2,free,,,Adviser 04,25 to 50 lakhs,25 lakhs to 1 crore,"More than 40%, I live well below my means",Security,2026-08-18,2026-08-18,,,,,,,,2026-08-20,20,not_started,,not_started,,,,,,,,,off,,62,https://spiffler33.github.io/yeslyf-wireframes/admin_wireframes.html?run=3000&screen=M03&person=P02157,false
P02159,Sai,Gowda,9000020826,,Hyderabad,35 to 39,community,true,true,S1,free,,,Adviser 05,50 lakhs to 1 crore,1 to 5 crores,"Around 40%, some serious money",,2026-08-19,,,,,,,,,2026-08-19,0,not_started,,not_started,,,,,,,,,off,,44,https://spiffler33.github.io/yeslyf-wireframes/admin_wireframes.html?run=3000&screen=M03&person=P02159,false
P02160,Saloni,Pandya,9000030076,,Pune,30 to 34,community,true,false,S1,free,,,Adviser 05,,,,,2026-08-18,,,,,,,,,2026-08-19,0,not_started,,not_started,,,,,,,,,off,,12,https://spiffler33.github.io/yeslyf-wireframes/admin_wireframes.html?run=3000&screen=M03&person=P02160,false
P02161,Vishnu,Rajan,9000018641,vishnu.rajan.993@example.com,Gurugram,35 to 39,web_reveal,true,false,S1,free,,,Adviser 02,25 to 50 lakhs,25 lakhs to 1 crore,,,2026-08-23,,,,,,,,,2026-08-24,0,not_started,,not_started,,,,,,,,,off,,38,https://spiffler33.github.io/yeslyf-wireframes/admin_wireframes.html?run=3000&screen=M03&person=P02161,false
P02162,Aniket,Shinde,9000070437,,Mumbai,25 to 29,organic,true,false,S2,free,,,Adviser 01,25 to 50 lakhs,25 lakhs to 1 crore,"More than 40%, I live well below my means",Family,2026-08-19,2026-08-19,,,,,,,,2026-08-22,20,not_started,,not_started,,,,,,,,,off,,62,https://spiffler33.github.io/yeslyf-wireframes/admin_wireframes.html?run=3000&screen=M03&person=P02162,false
P02166,Siddharth,Dave,9000094888,siddharth.dave.226@example.com,Bengaluru,30 to 34,community,true,true,S2,free,,,Adviser 04,25 to 50 lakhs,5 to 25 lakhs,"More than 40%, I live well below my means",Family,2026-08-23,2026-08-23,,,,,,,,2026-09-13,20,not_started,,not_started,,,,,,,,,off,,62,https://spiffler33.github.io/yeslyf-wireframes/admin_wireframes.html?run=3000&screen=M03&person=P02166,false
P02167,Ramya,Murthy,9000047515,ramya.murthy.429@example.com,Bengaluru,25 to 29,corporate_session,false,false,S7,diwm,diwm,active,Adviser 03,10 to 25 lakhs,5 to 25 lakhs,"Around 25%, meaningful amounts",Family,2026-08-18,2026-08-19,2026-08-26,,,,,,2026-09-25,2026-09-22,91,verified,connected,in_progress,not_started,,,2026-11-24,no,0,2026-08-29T17:00:54+05:30,,off,,98,https://spiffler33.github.io/yeslyf-wireframes/admin_wireframes.html?run=3000&screen=M03&person=P02167,false
P02169,Sayan,Majumdar,9000082969,sayan.majumdar.609@example.com,Mumbai,25 to 29,web_reveal,true,true,S2,free,,,Adviser 01,25 to 50 lakhs,Under 5 lakhs,"More than 40%, I live well below my means",Generosity,2026-08-17,2026-08-17,,,,,,,,2026-09-07,20,not_started,,not_started,,,,,,,,,off,,62,https://spiffler33.github.io/yeslyf-wireframes/admin_wireframes.html?run=3000&screen=M03&person=P02169,false
P02171,Anand,Raman,9000050375,anand.raman.345@example.com,Bengaluru,30 to 34,community,true,true,S2,free,,,Adviser 02,10 to 25 lakhs,5 to 25 lakhs,"More than 40%, I live well below my means",Freedom,2026-08-28,2026-08-29,,,,,,,,2026-09-19,20,not_started,,not_started,,,,,,,,,off,,62,https://spiffler33.github.io/yeslyf-wireframes/admin_wireframes.html?run=3000&screen=M03&person=P02171,false
P02174,Madhav,Iyer,9000078952,,Chennai,35 to 39,community,true,false,S1,free,,,Adviser 05,10 to 25 lakhs,25 lakhs to 1 crore,"Around 25%, meaningful amounts",,2026-08-22,,,,,,,,,2026-08-23,0,not_started,,not_started,,,,,,,,,off,,44,https://spiffler33.github.io/yeslyf-wireframes/admin_wireframes.html?run=3000&screen=M03&person=P02174,false
P02175,Devika,Jadhav,9000000249,,Pune,30 to 34,community,true,false,S2,free,,,Adviser 05,10 to 25 lakhs,Under 5 lakhs,"More than 40%, I live well below my means",Generosity,2026-08-24,2026-08-24,,,,,,,,2026-08-27,20,not_started,,not_started,,,,,,,,,off,,62,https://spiffler33.github.io/yeslyf-wireframes/admin_wireframes.html?run=3000&screen=M03&person=P02175,false
P02179,Siddharth,Deshmukh,9000048085,,Pune,30 to 34,organic,true,false,S2,free,,,Adviser 04,10 to 25 lakhs,5 to 25 lakhs,"Around 40%, some serious money",Freedom,2026-08-20,2026-08-21,,,,,,,,2026-08-24,20,not_started,,not_started,,,,,,,,,off,,62,https://spiffler33.github.io/yeslyf-wireframes/admin_wireframes.html?run=3000&screen=M03&person=P02179,false
P02183,Nikhil,Agarwal,9000087056,,Delhi,25 to 29,corporate_session,true,false,S2,free,,,Adviser 04,10 to 25 lakhs,5 to 25 lakhs,"More than 40%, I live well below my means",Generosity,2026-08-18,2026-08-19,,,,,,,,2026-08-22,20,not_started,,not_started,,,,,,,,,off,,62,https://spiffler33.github.io/yeslyf-wireframes/admin_wireframes.html?run=3000&screen=M03&person=P02183,false
P02184,Ganesh,Kamath,9000057297,ganesh.kamath.929@example.com,Chennai,30 to 34,community,true,false,S1,free,,,Adviser 04,,,,,2026-08-24,,,,,,,,,2026-08-26,0,not_started,,not_started,,,,,,,,,off,,25,https://spiffler33.github.io/yeslyf-wireframes/admin_wireframes.html?run=3000&screen=M03&person=P02184,false
P02187,Suresh,Kamath,9000023002,,Bengaluru,30 to 34,referral,true,false,S2,free,,,Adviser 04,25 to 50 lakhs,25 lakhs to 1 crore,"Around 40%, some serious money",Legacy,2026-08-19,2026-08-19,,,,,,,,2026-08-22,20,not_started,,not_started,,,,,,,,,off,,62,https://spiffler33.github.io/yeslyf-wireframes/admin_wireframes.html?run=3000&screen=M03&person=P02187,false
P02188,Dhruv,Kulkarni,9000076553,,Pune,25 to 29,community,true,false,S2,free,,,Adviser 01,Under 10 lakhs,25 lakhs to 1 crore,"More than 40%, I live well below my means",Family,2026-08-18,2026-08-19,,,,,,,,2026-08-22,20,not_started,,not_started,,,,,,,,,off,,62,https://spiffler33.github.io/yeslyf-wireframes/admin_wireframes.html?run=3000&screen=M03&person=P02188,false
P02189,Srinivas,Subramanian,9000055942,srinivas.subramanian.231@example.com,Hyderabad,25 to 29,community,true,false,S2b,free,,,Adviser 06,10 to 25 lakhs,5 to 25 lakhs,"Around 40%, some serious money",Security,2026-08-20,2026-08-20,,,,,,,,2026-09-10,20,verified,,not_started,,,,,,,,,off,,88,https://spiffler33.github.io/yeslyf-wireframes/admin_wireframes.html?run=3000&screen=M03&person=P02189,false
P02190,Keerthana,Srinivasan,9000036369,keerthana.srinivasan.470@example.com,Bengaluru,30 to 34,organic,false,false,S19,diwm,diwm,active,Adviser 06,10 to 25 lakhs,25 lakhs to 1 crore,"Around 25%, meaningful amounts",Legacy,2026-08-26,2026-08-26,2026-08-26,,,,,,2026-09-25,2026-09-11,44,verified,not_connected,in_progress,not_started,,,,no,0,2026-09-01T18:13:40+05:30,,off,,56,https://spiffler33.github.io/yeslyf-wireframes/admin_wireframes.html?run=3000&screen=M03&person=P02190,false
P02191,Sourav,Patnaik,9000072690,,Nagpur,under 25,community,true,false,S2,free,,,Adviser 05,10 to 25 lakhs,5 to 25 lakhs,"Around 25%, meaningful amounts",Family,2026-08-18,2026-08-19,,,,,,,,2026-08-22,20,not_started,,not_started,,,,,,,,,off,,62,https://spiffler33.github.io/yeslyf-wireframes/admin_wireframes.html?run=3000&screen=M03&person=P02191,false
P02192,Divya,Agarwal,9000060880,divya.agarwal.311@example.com,Gurugram,25 to 29,corporate_session,true,false,S3,diwm,diwm,active,Adviser 02,25 to 50 lakhs,5 to 25 lakhs,"More than 40%, I live well below my means",Family,2026-08-18,2026-08-19,2026-09-19,,,,,,2026-12-18,2026-09-22,20,verified,not_connected,not_started,not_started,,,,no,0,,,off,,46,https://spiffler33.github.io/yeslyf-wireframes/admin_wireframes.html?run=3000&screen=M03&person=P02192,false
P02194,Heena,Mehta,9000073812,,Pune,30 to 34,organic,true,false,S1,free,,,Adviser 01,,,,,2026-08-22,,,,,,,,,2026-08-24,0,not_started,,not_started,,,,,,,,,off,,25,https://spiffler33.github.io/yeslyf-wireframes/admin_wireframes.html?run=3000&screen=M03&person=P02194,false
P02195,Rajiv,Balakrishnan,9000023061,rajiv.balakrishnan.730@example.com,Hyderabad,35 to 39,web_reveal,true,false,S2,free,,,Adviser 06,50 lakhs to 1 crore,1 to 5 crores,"Around 25%, meaningful amounts",Legacy,2026-08-18,2026-08-18,,,,,,,,2026-09-08,20,not_started,,not_started,,,,,,,,,off,,62,https://spiffler33.github.io/yeslyf-wireframes/admin_wireframes.html?run=3000&screen=M03&person=P02195,false
P02197,Naveen,Iyer,9000075094,,Hyderabad,40 to 44,corporate_session,true,false,S2,free,,,Adviser 04,50 lakhs to 1 crore,1 to 5 crores,"Around 40%, some serious money",Legacy,2026-08-19,2026-08-20,,,,,,,,2026-08-23,20,not_started,,not_started,,,,,,,,,off,,62,https://spiffler33.github.io/yeslyf-wireframes/admin_wireframes.html?run=3000&screen=M03&person=P02197,false
P02198,Tanvi,Bansal,9000014240,,Gurugram,30 to 34,organic,true,false,S1,free,,,Adviser 03,25 to 50 lakhs,,,,2026-08-19,,,,,,,,,2026-08-20,0,not_started,,not_started,,,,,,,,,off,,31,https://spiffler33.github.io/yeslyf-wireframes/admin_wireframes.html?run=3000&screen=M03&person=P02198,false
P02200,Anjali,Tandon,9000048004,,Delhi,30 to 34,corporate_session,true,false,S1,free,,,Adviser 05,10 to 25 lakhs,25 lakhs to 1 crore,"Around 25%, meaningful amounts",,2026-08-19,,,,,,,,,2026-08-20,0,not_started,,not_started,,,,,,,,,off,,50,https://spiffler33.github.io/yeslyf-wireframes/admin_wireframes.html?run=3000&screen=M03&person=P02200,false
P02201,Nirav,Desai,9000042619,,Pune,30 to 34,community,true,false,S2,free,,,Adviser 06,10 to 25 lakhs,5 to 25 lakhs,"Around 40%, some serious money",Legacy,2026-08-19,2026-08-19,,,,,,,,2026-08-22,20,not_started,,not_started,,,,,,,,,off,,62,https://spiffler33.github.io/yeslyf-wireframes/admin_wireframes.html?run=3000&screen=M03&person=P02201,false
P02202,Anand,Gowda,9000011326,,Hyderabad,35 to 39,corporate_session,true,false,S2,free,,,Adviser 06,50 lakhs to 1 crore,1 to 5 crores,"More than 40%, I live well below my means",Security,2026-08-20,2026-08-20,,,,,,,,2026-08-23,20,not_started,,not_started,,,,,,,,,off,,62,https://spiffler33.github.io/yeslyf-wireframes/admin_wireframes.html?run=3000&screen=M03&person=P02202,false
P02205,Vishnu,Kumar,9000095561,,Bengaluru,25 to 29,organic,true,true,S2,free,,,Adviser 03,10 to 25 lakhs,5 to 25 lakhs,"More than 40%, I live well below my means",Generosity,2026-08-28,2026-08-28,,,,,,,,2026-08-29,20,not_started,,not_started,,,,,,,,,off,,62,https://spiffler33.github.io/yeslyf-wireframes/admin_wireframes.html?run=3000&screen=M03&person=P02205,false
P02208,Naina,Tandon,9000051634,,Pune,30 to 34,community,true,true,S2,free,,,Adviser 06,10 to 25 lakhs,5 to 25 lakhs,"Around 40%, some serious money",Legacy,2026-08-19,2026-08-19,,,,,,,,2026-08-20,20,not_started,,not_started,,,,,,,,,off,,62,https://spiffler33.github.io/yeslyf-wireframes/admin_wireframes.html?run=3000&screen=M03&person=P02208,false
P02209,Yogesh,Kamat,9000076809,,Mumbai,30 to 34,corporate_session,true,false,S2,free,,,Adviser 06,25 to 50 lakhs,1 to 5 crores,"More than 40%, I live well below my means",Freedom,2026-08-18,2026-08-19,,,,,,,,2026-08-22,20,not_started,,not_started,,,,,,,,,off,,62,https://spiffler33.github.io/yeslyf-wireframes/admin_wireframes.html?run=3000&screen=M03&person=P02209,false
P02210,Rajiv,Kumar,9000020237,rajiv.kumar.887@example.com,Pune,40 to 44,community,true,false,S2,free,,,Adviser 05,25 to 50 lakhs,25 lakhs to 1 crore,"More than 40%, I live well below my means",Security,2026-08-23,2026-08-23,,,,,,,,2026-09-14,20,not_started,,not_started,,,,,,,,,off,,62,https://spiffler33.github.io/yeslyf-wireframes/admin_wireframes.html?run=3000&screen=M03&person=P02210,false
P02211,Bhavin,Thakkar,9000076900,bhavin.thakkar.122@example.com,Ahmedabad,30 to 34,community,true,false,S1,free,,,Adviser 02,,,,,2026-08-23,,,,,,,,,2026-08-24,0,not_started,,not_started,,,,,,,,,off,,12,https://spiffler33.github.io/yeslyf-wireframes/admin_wireframes.html?run=3000&screen=M03&person=P02211,false
P02213,Naina,Sethi,9000061488,,Bengaluru,25 to 29,community,true,false,S2,free,,,Adviser 04,10 to 25 lakhs,5 to 25 lakhs,"Around 25%, meaningful amounts",Freedom,2026-08-19,2026-08-19,,,,,,,,2026-08-22,20,not_started,,not_started,,,,,,,,,off,,62,https://spiffler33.github.io/yeslyf-wireframes/admin_wireframes.html?run=3000&screen=M03&person=P02213,false
P02214,Rohit,Gokhale,9000029224,rohit.gokhale.113@example.com,Mumbai,25 to 29,web_reveal,true,false,S1,free,,,Adviser 02,,,,,2026-08-19,,,,,,,,,2026-08-20,0,not_started,,not_started,,,,,,,,,off,,25,https://spiffler33.github.io/yeslyf-wireframes/admin_wireframes.html?run=3000&screen=M03&person=P02214,false
P02215,Revathi,Raman,9000006681,,Chennai,35 to 39,community,true,false,S2,free,,,Adviser 02,10 to 25 lakhs,5 to 25 lakhs,"Around 25%, meaningful amounts",Family,2026-08-19,2026-08-19,,,,,,,,2026-08-22,20,not_started,,not_started,,,,,,,,,off,,62,https://spiffler33.github.io/yeslyf-wireframes/admin_wireframes.html?run=3000&screen=M03&person=P02215,false
P02216,Akshay,Gupta,9000068011,akshay.gupta.867@example.com,Noida,30 to 34,web_reveal,true,false,S2,free,,,Adviser 03,25 to 50 lakhs,5 to 25 lakhs,"More than 40%, I live well below my means",Security,2026-08-19,2026-08-20,,,,,,,,2026-09-10,20,not_started,,not_started,,,,,,,,,off,,62,https://spiffler33.github.io/yeslyf-wireframes/admin_wireframes.html?run=3000&screen=M03&person=P02216,false
P02217,Pavithra,Srinivasan,9000027085,pavithra.srinivasan.617@example.com,Hyderabad,40 to 44,community,true,false,S2,free,,,Adviser 01,25 to 50 lakhs,25 lakhs to 1 crore,"More than 40%, I live well below my means",Security,2026-08-19,2026-08-20,,,,,,,,2026-09-10,20,not_started,,not_started,,,,,,,,,off,,62,https://spiffler33.github.io/yeslyf-wireframes/admin_wireframes.html?run=3000&screen=M03&person=P02217,false
P02219,Sai,Iyer,9000057409,,Bengaluru,25 to 29,corporate_session,false,false,S1,free,,,Adviser 05,10 to 25 lakhs,5 to 25 lakhs,"More than 40%, I live well below my means",,2026-08-22,,,,,,,,,2026-08-22,0,not_started,,not_started,,,,,,,,,off,,44,https://spiffler33.github.io/yeslyf-wireframes/admin_wireframes.html?run=3000&screen=M03&person=P02219,false
P02220,Sakshi,Arora,9000077755,sakshi.arora.666@example.com,Gurugram,30 to 34,community,true,false,S2,free,,,Adviser 01,25 to 50 lakhs,1 to 5 crores,"More than 40%, I live well below my means",Family,2026-08-20,2026-08-20,,,,,,,,2026-09-10,20,not_started,,not_started,,,,,,,,,off,,62,https://spiffler33.github.io/yeslyf-wireframes/admin_wireframes.html?run=3000&screen=M03&person=P02220,false
P02222,Shreya,Saxena,9000099798,,Delhi,35 to 39,organic,true,false,S2,free,,,Adviser 03,50 lakhs to 1 crore,Over 5 crores,"More than 40%, I live well below my means",Family,2026-08-20,2026-08-21,,,,,,,,2026-08-24,20,not_started,,not_started,,,,,,,,,off,,62,https://spiffler33.github.io/yeslyf-wireframes/admin_wireframes.html?run=3000&screen=M03&person=P02222,false
P02223,Rahul,Srivastava,9000025204,,Delhi,30 to 34,corporate_session,false,false,S1,free,,,Adviser 06,,,,,2026-08-22,,,,,,,,,2026-08-22,0,not_started,,not_started,,,,,,,,,off,,25,https://spiffler33.github.io/yeslyf-wireframes/admin_wireframes.html?run=3000&screen=M03&person=P02223,false
P02224,Arpita,Saha,9000016483,,Kolkata,30 to 34,corporate_session,true,false,S1,free,,,Adviser 02,,,,,2026-08-20,,,,,,,,,2026-08-21,0,not_started,,not_started,,,,,,,,,off,,25,https://spiffler33.github.io/yeslyf-wireframes/admin_wireframes.html?run=3000&screen=M03&person=P02224,false
P02225,Heena,Trivedi,9000005609,,Pune,25 to 29,organic,true,false,S2,free,,,Adviser 01,10 to 25 lakhs,25 lakhs to 1 crore,"Around 40%, some serious money",Freedom,2026-08-27,2026-08-27,,,,,,,,2026-08-30,20,not_started,,not_started,,,,,,,,,off,,62,https://spiffler33.github.io/yeslyf-wireframes/admin_wireframes.html?run=3000&screen=M03&person=P02225,false
P02226,Sowmya,Srinivasan,9000063145,sowmya.srinivasan.217@example.com,Bengaluru,under 25,web_reveal,true,false,S2,free,,,Adviser 06,Under 10 lakhs,Under 5 lakhs,"More than 40%, I live well below my means",Family,2026-08-22,2026-08-23,,,,,,,,2026-09-13,20,not_started,,not_started,,,,,,,,,off,,62,https://spiffler33.github.io/yeslyf-wireframes/admin_wireframes.html?run=3000&screen=M03&person=P02226,false
P02229,Harpreet,Chopra,9000029389,harpreet.chopra.261@example.com,Delhi,40 to 44,web_reveal,true,false,S2,free,,,Adviser 02,50 lakhs to 1 crore,1 to 5 crores,"Around 25%, meaningful amounts",Freedom,2026-08-21,2026-08-21,,,,,,,,2026-09-11,20,not_started,,not_started,,,,,,,,,off,,62,https://spiffler33.github.io/yeslyf-wireframes/admin_wireframes.html?run=3000&screen=M03&person=P02229,false
P02230,Pranali,Mehta,9000091495,,Mumbai,30 to 34,community,true,false,S2,free,,,Adviser 05,25 to 50 lakhs,25 lakhs to 1 crore,"More than 40%, I live well below my means",Family,2026-08-20,2026-08-21,,,,,,,,2026-08-24,20,not_started,,not_started,,,,,,,,,off,,62,https://spiffler33.github.io/yeslyf-wireframes/admin_wireframes.html?run=3000&screen=M03&person=P02230,false
P02232,Aman,Agarwal,9000031938,,Delhi,35 to 39,community,true,false,S1,free,,,Adviser 05,25 to 50 lakhs,25 lakhs to 1 crore,,,2026-08-22,,,,,,,,,2026-08-23,0,not_started,,not_started,,,,,,,,,off,,38,https://spiffler33.github.io/yeslyf-wireframes/admin_wireframes.html?run=3000&screen=M03&person=P02232,false
P02234,Ruchi,Chopra,9000041817,ruchi.chopra.337@example.com,Gurugram,35 to 39,corporate_session,false,false,S8,diy,diy,active,Adviser 03,25 to 50 lakhs,25 lakhs to 1 crore,"Around 40%, some serious money",Family,2026-08-22,2026-08-23,2026-08-23,2026-08-30,2026-08-30,2026-08-30,,2026-11-28,2026-11-21,2026-09-22,100,verified,connected,read,ready,0,4,2026-11-22,yes,2,2026-09-01T02:29:44+05:30,,off,,100,https://spiffler33.github.io/yeslyf-wireframes/admin_wireframes.html?run=3000&screen=M03&person=P02234,false
P02235,Nitin,Verma,9000012131,nitin.verma.882@example.com,Delhi,40 to 44,web_reveal,false,false,S2,free,,,Adviser 02,50 lakhs to 1 crore,1 to 5 crores,"More than 40%, I live well below my means",Legacy,2026-08-22,2026-08-22,,,,,,,,2026-09-12,20,not_started,,not_started,,,,,,,,,off,,62,https://spiffler33.github.io/yeslyf-wireframes/admin_wireframes.html?run=3000&screen=M03&person=P02235,false
P02236,Karthik,Gowda,9000075837,,Hyderabad,35 to 39,corporate_session,true,false,S2,free,,,Adviser 02,25 to 50 lakhs,25 lakhs to 1 crore,"Around 40%, some serious money",Legacy,2026-08-26,2026-08-26,,,,,,,,2026-08-30,20,not_started,,not_started,,,,,,,,,off,,62,https://spiffler33.github.io/yeslyf-wireframes/admin_wireframes.html?run=3000&screen=M03&person=P02236,false
P02237,Bhavana,Rajan,9000052900,,Hyderabad,35 to 39,community,true,false,S2,free,,,Adviser 05,25 to 50 lakhs,5 to 25 lakhs,"More than 40%, I live well below my means",Security,2026-08-24,2026-08-24,,,,,,,,2026-08-27,20,not_started,,not_started,,,,,,,,,off,,62,https://spiffler33.github.io/yeslyf-wireframes/admin_wireframes.html?run=3000&screen=M03&person=P02237,false
P02238,Jigar,Pawar,9000093239,,Mumbai,30 to 34,community,true,false,S1,free,,,Adviser 04,,,,,2026-08-22,,,,,,,,,2026-08-23,0,not_started,,not_started,,,,,,,,,off,,25,https://spiffler33.github.io/yeslyf-wireframes/admin_wireframes.html?run=3000&screen=M03&person=P02238,false
P02240,Payel,Banerjee,9000060403,,Kolkata,40 to 44,referral,true,false,S14,difm,,adviser relationship,Harish,,,,,2026-08-22,,,,,,,2026-11-20,,2026-09-21,68,"verified (assisted onboarding, M12)",connected,not applicable (adviser relationship),,,,2026-11-20,,0,2026-09-11T01:06:05+05:30,,off,,74,https://spiffler33.github.io/yeslyf-wireframes/admin_wireframes.html?run=3000&screen=M03&person=P02240,false
P02242,Ramya,Reddy,9000036380,,Chennai,35 to 39,organic,true,false,S1,free,,,Adviser 05,,,,,2026-08-19,,,,,,,,,2026-08-21,0,not_started,,not_started,,,,,,,,,off,,12,https://spiffler33.github.io/yeslyf-wireframes/admin_wireframes.html?run=3000&screen=M03&person=P02242,false
P02244,Mansi,Desai,9000034085,,Pune,25 to 29,organic,true,false,S2,free,,,Adviser 01,10 to 25 lakhs,Under 5 lakhs,"More than 40%, I live well below my means",Family,2026-08-23,2026-08-23,,,,,,,,2026-08-26,20,not_started,,not_started,,,,,,,,,off,,62,https://spiffler33.github.io/yeslyf-wireframes/admin_wireframes.html?run=3000&screen=M03&person=P02244,false
P02245,Soumya,Majumdar,9000005237,,Ahmedabad,35 to 39,organic,false,false,S2,free,,,Adviser 06,10 to 25 lakhs,25 lakhs to 1 crore,"More than 40%, I live well below my means",Generosity,2026-08-21,2026-08-22,,,,,,,,2026-08-23,20,not_started,,not_started,,,,,,,,,off,,62,https://spiffler33.github.io/yeslyf-wireframes/admin_wireframes.html?run=3000&screen=M03&person=P02245,false
P02246,Sindhu,Hegde,9000011885,,Bengaluru,30 to 34,organic,true,false,S1,free,,,Adviser 06,,,,,2026-08-24,,,,,,,,,2026-08-25,0,not_started,,not_started,,,,,,,,,off,,19,https://spiffler33.github.io/yeslyf-wireframes/admin_wireframes.html?run=3000&screen=M03&person=P02246,false
P02248,Tarun,Kapoor,9000021607,,Gurugram,35 to 39,community,true,false,S1,free,,,Adviser 04,,,,,2026-08-21,,,,,,,,,2026-08-22,0,not_started,,not_started,,,,,,,,,off,,12,https://spiffler33.github.io/yeslyf-wireframes/admin_wireframes.html?run=3000&screen=M03&person=P02248,false
P02250,Yogesh,Pawar,9000057663,,Ahmedabad,35 to 39,community,true,false,S2,free,,,Adviser 03,25 to 50 lakhs,25 lakhs to 1 crore,"Around 10%, small consistent chunks",Legacy,2026-08-21,2026-08-22,,,,,,,,2026-08-25,20,not_started,,not_started,,,,,,,,,off,,62,https://spiffler33.github.io/yeslyf-wireframes/admin_wireframes.html?run=3000&screen=M03&person=P02250,false
P02254,Shreya,Bansal,9000088439,shreya.bansal.164@example.com,Gurugram,30 to 34,community,true,false,S2,free,,,Adviser 01,25 to 50 lakhs,1 to 5 crores,"More than 40%, I live well below my means",Family,2026-08-20,2026-08-21,,,,,,,,2026-09-11,20,not_started,,not_started,,,,,,,,,off,,62,https://spiffler33.github.io/yeslyf-wireframes/admin_wireframes.html?run=3000&screen=M03&person=P02254,false
P02255,Hardik,Sawant,9000088415,,Pune,30 to 34,community,true,false,S2,free,,,Adviser 02,10 to 25 lakhs,5 to 25 lakhs,"More than 40%, I live well below my means",Legacy,2026-09-03,2026-09-03,,,,,,,,2026-09-06,20,not_started,,not_started,,,,,,,,,off,,62,https://spiffler33.github.io/yeslyf-wireframes/admin_wireframes.html?run=3000&screen=M03&person=P02255,false
P02257,Payel,Mohanty,9000016202,,Kolkata,35 to 39,organic,true,false,S2,free,,,Adviser 06,50 lakhs to 1 crore,25 lakhs to 1 crore,"Around 25%, meaningful amounts",Security,2026-08-26,2026-08-27,,,,,,,,2026-08-30,20,not_started,,not_started,,,,,,,,,off,,62,https://spiffler33.github.io/yeslyf-wireframes/admin_wireframes.html?run=3000&screen=M03&person=P02257,false
P02260,Sahil,Singh,9000086514,sahil.singh.302@example.com,Noida,45 and over,community,false,false,S2,free,,,Adviser 01,10 to 25 lakhs,25 lakhs to 1 crore,"More than 40%, I live well below my means",Family,2026-08-23,2026-08-23,,,,,,,,2026-09-14,20,not_started,,not_started,,,,,,,,,off,,62,https://spiffler33.github.io/yeslyf-wireframes/admin_wireframes.html?run=3000&screen=M03&person=P02260,false
P02261,Nithya,Prasad,9000076701,,Bengaluru,25 to 29,referral,false,false,S2,free,,,Adviser 04,10 to 25 lakhs,5 to 25 lakhs,"Around 10%, small consistent chunks",Security,2026-08-27,2026-08-28,,,,,,,,2026-08-29,20,not_started,,not_started,,,,,,,,,off,,62,https://spiffler33.github.io/yeslyf-wireframes/admin_wireframes.html?run=3000&screen=M03&person=P02261,false
P02262,Rutuja,Pawar,9000075284,rutuja.pawar.749@example.com,Mumbai,30 to 34,web_reveal,false,false,S1,free,,,Adviser 06,,,,,2026-08-23,,,,,,,,,2026-08-23,0,not_started,,not_started,,,,,,,,,off,,25,https://spiffler33.github.io/yeslyf-wireframes/admin_wireframes.html?run=3000&screen=M03&person=P02262,false
P02264,Shreyasi,Sahoo,9000009949,shreyasi.sahoo.724@example.com,Bengaluru,30 to 34,web_reveal,true,true,S1,free,,,Adviser 01,,,,,2026-09-02,,,,,,,,,2026-09-02,0,not_started,,not_started,,,,,,,,,off,,25,https://spiffler33.github.io/yeslyf-wireframes/admin_wireframes.html?run=3000&screen=M03&person=P02264,false
P02265,Nitin,Sethi,9000080096,,Gurugram,35 to 39,organic,true,true,S2,free,,,Adviser 04,25 to 50 lakhs,25 lakhs to 1 crore,"More than 40%, I live well below my means",Family,2026-08-25,2026-08-25,,,,,,,,2026-08-26,20,not_started,,not_started,,,,,,,,,off,,62,https://spiffler33.github.io/yeslyf-wireframes/admin_wireframes.html?run=3000&screen=M03&person=P02265,false
P02266,Payal,Verma,9000099461,payal.verma.995@example.com,Gurugram,30 to 34,community,true,true,S2,free,,,Adviser 03,50 lakhs to 1 crore,25 lakhs to 1 crore,"More than 40%, I live well below my means",Security,2026-09-01,2026-09-02,,,,,,,,2026-09-09,20,not_started,,not_started,,,,,,,,,off,,62,https://spiffler33.github.io/yeslyf-wireframes/admin_wireframes.html?run=3000&screen=M03&person=P02266,false
P02267,Swathi,Kamath,9000054586,,Hyderabad,35 to 39,community,true,false,S2,free,,,Adviser 03,50 lakhs to 1 crore,1 to 5 crores,"More than 40%, I live well below my means",Security,2026-08-23,2026-08-23,,,,,,,,2026-08-26,20,not_started,,not_started,,,,,,,,,off,,62,https://spiffler33.github.io/yeslyf-wireframes/admin_wireframes.html?run=3000&screen=M03&person=P02267,false
P02268,Aravind,Subramanian,9000061734,,Bengaluru,30 to 34,corporate_session,false,false,S2,free,,,Adviser 01,25 to 50 lakhs,1 to 5 crores,"More than 40%, I live well below my means",Family,2026-08-22,2026-08-23,,,,,,,,2026-08-24,20,not_started,,not_started,,,,,,,,,off,,62,https://spiffler33.github.io/yeslyf-wireframes/admin_wireframes.html?run=3000&screen=M03&person=P02268,false
P02269,Naveen,Srinivasan,9000043148,naveen.srinivasan.244@example.com,Hyderabad,30 to 34,organic,true,false,S2b,free,,,Adviser 06,25 to 50 lakhs,25 lakhs to 1 crore,"More than 40%, I live well below my means",Family,2026-08-22,2026-08-23,,,,,,,,2026-09-13,20,verified,,not_started,,,,,,,,,off,,88,https://spiffler33.github.io/yeslyf-wireframes/admin_wireframes.html?run=3000&screen=M03&person=P02269,false
P02271,Aparna,Menon,9000012393,,Hyderabad,35 to 39,corporate_session,true,false,S2,free,,,Adviser 02,25 to 50 lakhs,25 lakhs to 1 crore,"More than 40%, I live well below my means",Security,2026-08-24,2026-08-25,,,,,,,,2026-08-28,20,not_started,,not_started,,,,,,,,,off,,62,https://spiffler33.github.io/yeslyf-wireframes/admin_wireframes.html?run=3000&screen=M03&person=P02271,false
P02272,Rohit,Shinde,9000043055,rohit.shinde.752@example.com,Mumbai,30 to 34,web_reveal,true,true,S1,free,,,Adviser 04,25 to 50 lakhs,25 lakhs to 1 crore,"More than 40%, I live well below my means",,2026-08-22,,,,,,,,,2026-08-22,0,not_started,,not_started,,,,,,,,,off,,50,https://spiffler33.github.io/yeslyf-wireframes/admin_wireframes.html?run=3000&screen=M03&person=P02272,false
P02273,Prasanna,Shetty,9000032829,,Bengaluru,25 to 29,organic,true,false,S2,free,,,Adviser 03,10 to 25 lakhs,5 to 25 lakhs,"More than 40%, I live well below my means",Freedom,2026-08-22,2026-08-22,,,,,,,,2026-08-25,20,not_started,,not_started,,,,,,,,,off,,62,https://spiffler33.github.io/yeslyf-wireframes/admin_wireframes.html?run=3000&screen=M03&person=P02273,false
P02276,Chinmay,Jain,9000097198,chinmay.jain.295@example.com,Ahmedabad,30 to 34,community,true,false,S2c,free,,,Adviser 06,25 to 50 lakhs,5 to 25 lakhs,"More than 40%, I live well below my means",Legacy,2026-08-30,2026-08-31,,,,,,,,2026-09-21,20,verified,,not_started,,,,,,,,,off,,94,https://spiffler33.github.io/yeslyf-wireframes/admin_wireframes.html?run=3000&screen=M03&person=P02276,false
P02277,Amruta,Gokhale,9000068172,,Mumbai,25 to 29,organic,true,false,S2,free,,,Adviser 04,10 to 25 lakhs,25 lakhs to 1 crore,"More than 40%, I live well below my means",Legacy,2026-08-26,2026-08-26,,,,,,,,2026-08-29,20,not_started,,not_started,,,,,,,,,off,,62,https://spiffler33.github.io/yeslyf-wireframes/admin_wireframes.html?run=3000&screen=M03&person=P02277,false
P02278,Bhavana,Reddy,9000003170,bhavana.reddy.354@example.com,Chennai,35 to 39,web_reveal,false,false,S7,diwm,diwm,active,Adviser 05,25 to 50 lakhs,25 lakhs to 1 crore,"More than 40%, I live well below my means",Generosity,2026-08-29,2026-08-29,2026-08-29,2026-09-05,2026-09-05,,,2026-12-04,2026-11-27,2026-09-22,100,verified,cas_uploaded,built,ready,0,7,,yes,0,2026-09-02T13:30:43+05:30,,off,,98,https://spiffler33.github.io/yeslyf-wireframes/admin_wireframes.html?run=3000&screen=M03&person=P02278,false
P02279,Siddharth,Shah,9000021381,siddharth.shah.323@example.com,Ahmedabad,30 to 34,corporate_session,false,false,S4,diwm,diwm,active,Adviser 02,10 to 25 lakhs,5 to 25 lakhs,"Around 40%, some serious money",Legacy,2026-08-27,2026-08-28,2026-09-18,,,,,,2026-10-18,2026-09-22,51,verified,not_connected,in_progress,not_started,,,,no,0,2026-09-22T04:51:46+05:30,,off,,66,https://spiffler33.github.io/yeslyf-wireframes/admin_wireframes.html?run=3000&screen=M03&person=P02279,false
P02281,Hardik,Patel,9000033016,hardik.patel.249@example.com,Pune,30 to 34,organic,true,false,S2b,free,,,Adviser 03,10 to 25 lakhs,5 to 25 lakhs,"Around 25%, meaningful amounts",Security,2026-08-22,2026-08-25,,,,,,,,2026-09-18,20,verified,,not_started,,,,,,,,,off,,88,https://spiffler33.github.io/yeslyf-wireframes/admin_wireframes.html?run=3000&screen=M03&person=P02281,false
P02282,Deepa,Iyer,9000046918,deepa.iyer.715@example.com,Hyderabad,35 to 39,web_reveal,true,false,S1,free,,,Adviser 01,,,,,2026-08-22,,,,,,,,,2026-08-23,0,not_started,,not_started,,,,,,,,,off,,12,https://spiffler33.github.io/yeslyf-wireframes/admin_wireframes.html?run=3000&screen=M03&person=P02282,false
P02283,Harini,Iyer,9000097438,,Gurugram,30 to 34,corporate_session,true,false,S1,free,,,Adviser 01,10 to 25 lakhs,5 to 25 lakhs,"Around 25%, meaningful amounts",,2026-08-22,,,,,,,,,2026-08-23,0,not_started,,not_started,,,,,,,,,off,,44,https://spiffler33.github.io/yeslyf-wireframes/admin_wireframes.html?run=3000&screen=M03&person=P02283,false
P02284,Heena,Desai,9000057787,heena.desai.315@example.com,Ahmedabad,30 to 34,web_reveal,true,false,S2b,free,,,Adviser 02,10 to 25 lakhs,5 to 25 lakhs,"Around 40%, some serious money",Security,2026-08-24,2026-08-24,,,,,,,,2026-09-15,20,verified,,not_started,,,,,,,,,off,,88,https://spiffler33.github.io/yeslyf-wireframes/admin_wireframes.html?run=3000&screen=M03&person=P02284,false
P02287,Aman,Kapoor,9000055171,,Noida,25 to 29,organic,true,false,S2,free,,,Adviser 04,10 to 25 lakhs,5 to 25 lakhs,"More than 40%, I live well below my means",Generosity,2026-08-22,2026-08-23,,,,,,,,2026-08-27,20,not_started,,not_started,,,,,,,,,off,,62,https://spiffler33.github.io/yeslyf-wireframes/admin_wireframes.html?run=3000&screen=M03&person=P02287,false
P02289,Madhura,Dave,9000016233,madhura.dave.647@example.com,Ahmedabad,30 to 34,web_reveal,false,false,S2,free,,,Adviser 06,10 to 25 lakhs,25 lakhs to 1 crore,"More than 40%, I live well below my means",Family,2026-08-23,2026-08-23,,,,,,,,2026-09-13,20,not_started,,not_started,,,,,,,,,off,,62,https://spiffler33.github.io/yeslyf-wireframes/admin_wireframes.html?run=3000&screen=M03&person=P02289,false
P02292,Sindhu,Nair,9000026675,sindhu.nair.160@example.com,Bengaluru,25 to 29,web_reveal,false,false,S2,free,,,Adviser 05,10 to 25 lakhs,5 to 25 lakhs,"More than 40%, I live well below my means",Freedom,2026-08-23,2026-08-23,,,,,,,,2026-09-13,20,not_started,,not_started,,,,,,,,,off,,62,https://spiffler33.github.io/yeslyf-wireframes/admin_wireframes.html?run=3000&screen=M03&person=P02292,false
P02293,Shalini,Prasad,9000045526,shalini.prasad.877@example.com,Ahmedabad,30 to 34,web_reveal,false,false,S2,free,,,Adviser 05,10 to 25 lakhs,5 to 25 lakhs,"Around 25%, meaningful amounts",Family,2026-08-27,2026-08-27,,,,,,,,2026-09-17,20,not_started,,not_started,,,,,,,,,off,,62,https://spiffler33.github.io/yeslyf-wireframes/admin_wireframes.html?run=3000&screen=M03&person=P02293,false
P02294,Vignesh,Shetty,9000021296,vignesh.shetty.458@example.com,Hyderabad,30 to 34,web_reveal,true,false,S2,free,,,Adviser 05,10 to 25 lakhs,25 lakhs to 1 crore,"Around 10%, small consistent chunks",Freedom,2026-08-25,2026-08-26,,,,,,,,2026-09-16,20,not_started,,not_started,,,,,,,,,off,,62,https://spiffler33.github.io/yeslyf-wireframes/admin_wireframes.html?run=3000&screen=M03&person=P02294,false
P02297,Suresh,Krishnan,9000095682,suresh.krishnan.310@example.com,Hyderabad,35 to 39,corporate_session,true,false,S6,diwm,diwm,active,Adviser 04,25 to 50 lakhs,25 lakhs to 1 crore,"More than 40%, I live well below my means",Security,2026-08-24,2026-08-24,2026-08-25,2026-08-31,2026-08-31,,,2026-11-29,2026-09-24,2026-09-16,100,verified,not_connected,built,ready,0,5,,yes,0,2026-08-31T07:19:08+05:30,,off,,98,https://spiffler33.github.io/yeslyf-wireframes/admin_wireframes.html?run=3000&screen=M03&person=P02297,false
P02298,Rohan,Mishra,9000032436,rohan.mishra.313@example.com,Delhi,35 to 39,community,true,false,S2,free,,,Adviser 02,50 lakhs to 1 crore,25 lakhs to 1 crore,"Around 40%, some serious money",Freedom,2026-08-23,2026-08-24,,,,,,,,2026-09-14,20,not_started,,not_started,,,,,,,,,off,,62,https://spiffler33.github.io/yeslyf-wireframes/admin_wireframes.html?run=3000&screen=M03&person=P02298,false
P02299,Sindhu,Chandran,9000003509,,Bengaluru,25 to 29,organic,false,false,S2,free,,,Adviser 03,10 to 25 lakhs,5 to 25 lakhs,"Around 40%, some serious money",Legacy,2026-08-24,2026-08-24,,,,,,,,2026-08-25,20,not_started,,not_started,,,,,,,,,off,,62,https://spiffler33.github.io/yeslyf-wireframes/admin_wireframes.html?run=3000&screen=M03&person=P02299,false
P02300,Ishaan,Chauhan,9000011303,,Noida,30 to 34,corporate_session,true,false,S1,free,,,Adviser 01,,,,,2026-08-25,,,,,,,,,2026-08-27,0,not_started,,not_started,,,,,,,,,off,,12,https://spiffler33.github.io/yeslyf-wireframes/admin_wireframes.html?run=3000&screen=M03&person=P02300,false
P02301,Payal,Gupta,9000090100,payal.gupta.163@example.com,Delhi,30 to 34,web_reveal,true,false,S2,free,,,Adviser 03,25 to 50 lakhs,25 lakhs to 1 crore,"More than 40%, I live well below my means",Family,2026-09-01,2026-09-02,,,,,,,,2026-09-09,20,not_started,,not_started,,,,,,,,,off,,62,https://spiffler33.github.io/yeslyf-wireframes/admin_wireframes.html?run=3000&screen=M03&person=P02301,false
P02303,Payal,Saxena,9000015365,,Noida,30 to 34,community,true,false,S1,free,,,Adviser 01,,,,,2026-08-24,,,,,,,,,2026-08-25,0,not_started,,not_started,,,,,,,,,off,,12,https://spiffler33.github.io/yeslyf-wireframes/admin_wireframes.html?run=3000&screen=M03&person=P02303,false
P02305,Dhruv,Desai,9000091676,,Mumbai,25 to 29,community,true,false,S1,free,,,Adviser 06,25 to 50 lakhs,25 lakhs to 1 crore,"Around 40%, some serious money",,2026-08-24,,,,,,,,,2026-08-25,0,not_started,,not_started,,,,,,,,,off,,44,https://spiffler33.github.io/yeslyf-wireframes/admin_wireframes.html?run=3000&screen=M03&person=P02305,false
P02308,Anjali,Tiwari,9000083676,,Noida,30 to 34,community,true,false,S2,free,,,Adviser 04,10 to 25 lakhs,Under 5 lakhs,"Around 25%, meaningful amounts",Security,2026-08-23,2026-08-24,,,,,,,,2026-08-27,20,not_started,,not_started,,,,,,,,,off,,62,https://spiffler33.github.io/yeslyf-wireframes/admin_wireframes.html?run=3000&screen=M03&person=P02308,false
P02310,Kunal,Joshi,9000089607,,Mumbai,25 to 29,organic,true,false,S2,free,,,Adviser 02,Under 10 lakhs,5 to 25 lakhs,"More than 40%, I live well below my means",Freedom,2026-08-25,2026-08-26,,,,,,,,2026-08-29,20,not_started,,not_started,,,,,,,,,off,,62,https://spiffler33.github.io/yeslyf-wireframes/admin_wireframes.html?run=3000&screen=M03&person=P02310,false
P02311,Madhura,Apte,9000084712,madhura.apte.276@example.com,Bengaluru,25 to 29,community,false,false,S2b,free,,,Adviser 01,10 to 25 lakhs,5 to 25 lakhs,"Around 25%, meaningful amounts",Freedom,2026-08-24,2026-08-24,,,,,,,,2026-09-14,20,verified,,not_started,,,,,,,,,off,,88,https://spiffler33.github.io/yeslyf-wireframes/admin_wireframes.html?run=3000&screen=M03&person=P02311,false
P02313,Jay,Jadhav,9000002767,,Surat,30 to 34,organic,true,false,S2,free,,,Adviser 06,10 to 25 lakhs,25 lakhs to 1 crore,"Around 25%, meaningful amounts",Family,2026-08-30,2026-08-30,,,,,,,,2026-09-02,20,not_started,,not_started,,,,,,,,,off,,62,https://spiffler33.github.io/yeslyf-wireframes/admin_wireframes.html?run=3000&screen=M03&person=P02313,false
P02317,Sandeep,Reddy,9000097794,sandeep.reddy.756@example.com,Bengaluru,25 to 29,web_reveal,false,false,S1,free,,,Adviser 03,10 to 25 lakhs,,,,2026-08-23,,,,,,,,,2026-08-24,0,not_started,,not_started,,,,,,,,,off,,31,https://spiffler33.github.io/yeslyf-wireframes/admin_wireframes.html?run=3000&screen=M03&person=P02317,false
P02319,Mehak,Pandey,9000024730,,Gurugram,30 to 34,corporate_session,true,false,S1,free,,,Adviser 05,25 to 50 lakhs,,,,2026-08-24,,,,,,,,,2026-08-26,0,not_started,,not_started,,,,,,,,,off,,31,https://spiffler33.github.io/yeslyf-wireframes/admin_wireframes.html?run=3000&screen=M03&person=P02319,false
P02322,Harini,Menon,9000063149,,Hyderabad,25 to 29,community,true,false,S1,free,,,Adviser 04,,,,,2026-08-23,,,,,,,,,2026-08-25,0,not_started,,not_started,,,,,,,,,off,,12,https://spiffler33.github.io/yeslyf-wireframes/admin_wireframes.html?run=3000&screen=M03&person=P02322,false
P02325,Nithya,Natarajan,9000091349,nithya.natarajan.138@example.com,Chennai,35 to 39,community,true,false,S1,free,,,Adviser 05,,,,,2026-08-26,,,,,,,,,2026-08-27,0,not_started,,not_started,,,,,,,,,off,,25,https://spiffler33.github.io/yeslyf-wireframes/admin_wireframes.html?run=3000&screen=M03&person=P02325,false
P02326,Payal,Verma,9000039020,payal.verma.733@example.com,Gurugram,30 to 34,community,true,false,S1,free,,,Adviser 04,50 lakhs to 1 crore,5 to 25 lakhs,"Around 10%, small consistent chunks",,2026-08-30,,,,,,,,,2026-08-31,0,not_started,,not_started,,,,,,,,,off,,44,https://spiffler33.github.io/yeslyf-wireframes/admin_wireframes.html?run=3000&screen=M03&person=P02326,false
P02327,Rohan,Srivastava,9000026475,,Gurugram,30 to 34,corporate_session,false,false,S2,free,,,Adviser 01,25 to 50 lakhs,25 lakhs to 1 crore,"Around 25%, meaningful amounts",Family,2026-08-26,2026-08-26,,,,,,,,2026-08-27,20,not_started,,not_started,,,,,,,,,off,,62,https://spiffler33.github.io/yeslyf-wireframes/admin_wireframes.html?run=3000&screen=M03&person=P02327,false
P02329,Bhavana,Kumar,9000037349,,Hyderabad,40 to 44,community,true,false,S2,free,,,Adviser 03,25 to 50 lakhs,1 to 5 crores,"Around 40%, some serious money",Family,2026-08-24,2026-08-25,,,,,,,,2026-08-28,20,not_started,,not_started,,,,,,,,,off,,62,https://spiffler33.github.io/yeslyf-wireframes/admin_wireframes.html?run=3000&screen=M03&person=P02329,false
P02330,Chaitanya,Hegde,9000089576,,Hyderabad,40 to 44,community,true,true,S2,free,,,Adviser 05,10 to 25 lakhs,5 to 25 lakhs,"More than 40%, I live well below my means",Family,2026-08-31,2026-09-01,,,,,,,,2026-09-02,20,not_started,,not_started,,,,,,,,,off,,62,https://spiffler33.github.io/yeslyf-wireframes/admin_wireframes.html?run=3000&screen=M03&person=P02330,false
P02331,Sahil,Mishra,9000025899,,Delhi,35 to 39,referral,true,false,S2,free,,,Adviser 01,50 lakhs to 1 crore,Over 5 crores,"More than 40%, I live well below my means",Legacy,2026-08-29,2026-08-29,,,,,,,,2026-09-01,20,not_started,,not_started,,,,,,,,,off,,62,https://spiffler33.github.io/yeslyf-wireframes/admin_wireframes.html?run=3000&screen=M03&person=P02331,false
P02332,Simran,Verma,9000091233,,Delhi,35 to 39,corporate_session,true,false,S1,free,,,Adviser 02,,,,,2026-08-25,,,,,,,,,2026-08-27,0,not_started,,not_started,,,,,,,,,off,,12,https://spiffler33.github.io/yeslyf-wireframes/admin_wireframes.html?run=3000&screen=M03&person=P02332,false
P02333,Amruta,Bhosale,9000000777,,Mumbai,30 to 34,community,true,false,S2,free,,,Adviser 03,25 to 50 lakhs,25 lakhs to 1 crore,"More than 40%, I live well below my means",Security,2026-08-28,2026-08-28,,,,,,,,2026-09-21,20,not_started,,not_started,,,,,,,,,off,,62,https://spiffler33.github.io/yeslyf-wireframes/admin_wireframes.html?run=3000&screen=M03&person=P02333,false
P02342,Mihir,Apte,9000058313,mihir.apte.370@example.com,Pune,35 to 39,referral,false,false,S8,diwm,diwm,active,Adviser 04,50 lakhs to 1 crore,Over 5 crores,"More than 40%, I live well below my means",Freedom,2026-08-28,2026-08-28,2026-09-18,2026-09-22,2026-09-22,2026-09-23,,2026-12-21,2026-10-18,2026-09-23,100,verified,connected,read,ready,0,3,2026-12-19,yes,0,2026-09-22T21:22:59+05:30,,off,,100,https://spiffler33.github.io/yeslyf-wireframes/admin_wireframes.html?run=3000&screen=M03&person=P02342,false
P02343,Meera,Tiwari,9000085530,meera.tiwari.279@example.com,Gurugram,30 to 34,community,true,false,S2b,free,,,Adviser 06,25 to 50 lakhs,25 lakhs to 1 crore,"More than 40%, I live well below my means",Family,2026-08-27,2026-08-29,,,,,,,,2026-09-19,20,verified,,not_started,,,,,,,,,off,,88,https://spiffler33.github.io/yeslyf-wireframes/admin_wireframes.html?run=3000&screen=M03&person=P02343,false
P02346,Saloni,Trivedi,9000066929,,Ahmedabad,30 to 34,community,true,false,S2,free,,,Adviser 03,Under 10 lakhs,5 to 25 lakhs,"Around 25%, meaningful amounts",Family,2026-09-04,2026-09-04,,,,,,,,2026-09-07,20,not_started,,not_started,,,,,,,,,off,,62,https://spiffler33.github.io/yeslyf-wireframes/admin_wireframes.html?run=3000&screen=M03&person=P02346,false
P02348,Devika,Deshmukh,9000073633,,Indore,30 to 34,community,true,false,S2,free,,,Adviser 03,25 to 50 lakhs,25 lakhs to 1 crore,"Around 25%, meaningful amounts",Security,2026-08-25,2026-08-25,,,,,,,,2026-08-28,20,not_started,,not_started,,,,,,,,,off,,62,https://spiffler33.github.io/yeslyf-wireframes/admin_wireframes.html?run=3000&screen=M03&person=P02348,false
P02349,Vikram,Gill,9000000765,,Delhi,35 to 39,referral,false,false,S14,difm,,adviser relationship,Harish,,,,,2026-08-28,,,,,,,2026-11-26,,2026-09-18,75,"verified (assisted onboarding, M12)",cas_uploaded,not applicable (adviser relationship),,,,,,0,2026-09-18T05:41:11+05:30,,off,,82,https://spiffler33.github.io/yeslyf-wireframes/admin_wireframes.html?run=3000&screen=M03&person=P02349,false
P02350,Vignesh,Iyer,9000053608,vignesh.iyer.937@example.com,Hyderabad,35 to 39,community,true,false,S1,free,,,Adviser 04,,,,,2026-08-28,,,,,,,,,2026-08-30,0,not_started,,not_started,,,,,,,,,off,,25,https://spiffler33.github.io/yeslyf-wireframes/admin_wireframes.html?run=3000&screen=M03&person=P02350,false
P02351,Gurpreet,Gill,9000089786,,Delhi,35 to 39,referral,true,false,S2,free,,,Adviser 06,50 lakhs to 1 crore,25 lakhs to 1 crore,"Around 40%, some serious money",Freedom,2026-08-28,2026-08-28,,,,,,,,2026-08-31,20,not_started,,not_started,,,,,,,,,off,,62,https://spiffler33.github.io/yeslyf-wireframes/admin_wireframes.html?run=3000&screen=M03&person=P02351,false
P02352,Meenakshi,Menon,9000069988,,Hyderabad,30 to 34,corporate_session,true,true,S2,free,,,Adviser 05,50 lakhs to 1 crore,25 lakhs to 1 crore,"More than 40%, I live well below my means",Freedom,2026-08-27,2026-08-28,,,,,,,,2026-08-29,20,not_started,,not_started,,,,,,,,,off,,62,https://spiffler33.github.io/yeslyf-wireframes/admin_wireframes.html?run=3000&screen=M03&person=P02352,false
P02353,Pranali,Naik,9000005185,,Mumbai,35 to 39,corporate_session,true,false,S2,free,,,Adviser 01,50 lakhs to 1 crore,25 lakhs to 1 crore,"Around 25%, meaningful amounts",Security,2026-08-31,2026-09-01,,,,,,,,2026-09-04,20,not_started,,not_started,,,,,,,,,off,,62,https://spiffler33.github.io/yeslyf-wireframes/admin_wireframes.html?run=3000&screen=M03&person=P02353,false
P02358,Janani,Shetty,9000014734,,Bengaluru,35 to 39,community,true,false,S2,free,,,Adviser 02,10 to 25 lakhs,5 to 25 lakhs,"Around 25%, meaningful amounts",Security,2026-08-30,2026-08-31,,,,,,,,2026-09-03,20,not_started,,not_started,,,,,,,,,off,,62,https://spiffler33.github.io/yeslyf-wireframes/admin_wireframes.html?run=3000&screen=M03&person=P02358,false
P02360,Chinmay,Apte,9000010749,,Mumbai,30 to 34,community,true,false,S1,free,,,Adviser 01,,,,,2026-09-02,,,,,,,,,2026-09-03,0,not_started,,not_started,,,,,,,,,off,,25,https://spiffler33.github.io/yeslyf-wireframes/admin_wireframes.html?run=3000&screen=M03&person=P02360,false
P02361,Amruta,Mehta,9000037318,,Ahmedabad,25 to 29,organic,true,false,S2,free,,,Adviser 03,10 to 25 lakhs,Under 5 lakhs,"Around 40%, some serious money",Legacy,2026-08-25,2026-08-28,,,,,,,,2026-08-31,20,not_started,,not_started,,,,,,,,,off,,62,https://spiffler33.github.io/yeslyf-wireframes/admin_wireframes.html?run=3000&screen=M03&person=P02361,false
P02362,Harini,Reddy,9000034876,harini.reddy.554@example.com,Bengaluru,30 to 34,web_reveal,true,false,S2,free,,,Adviser 06,10 to 25 lakhs,5 to 25 lakhs,"Around 25%, meaningful amounts",Freedom,2026-08-25,2026-08-26,,,,,,,,2026-09-17,20,not_started,,not_started,,,,,,,,,off,,62,https://spiffler33.github.io/yeslyf-wireframes/admin_wireframes.html?run=3000&screen=M03&person=P02362,false
P02363,Vishnu,Nair,9000032621,,Hyderabad,30 to 34,corporate_session,true,false,S2,free,,,Adviser 03,25 to 50 lakhs,25 lakhs to 1 crore,"More than 40%, I live well below my means",Family,2026-08-26,2026-08-26,,,,,,,,2026-08-30,20,not_started,,not_started,,,,,,,,,off,,62,https://spiffler33.github.io/yeslyf-wireframes/admin_wireframes.html?run=3000&screen=M03&person=P02363,false
P02364,Hetal,Joshi,9000077655,hetal.joshi.906@example.com,Mumbai,40 to 44,web_reveal,true,false,S2,free,,,Adviser 05,10 to 25 lakhs,5 to 25 lakhs,"Around 25%, meaningful amounts",Freedom,2026-09-01,2026-09-01,,,,,,,,2026-09-22,20,not_started,,not_started,,,,,,,,,off,,62,https://spiffler33.github.io/yeslyf-wireframes/admin_wireframes.html?run=3000&screen=M03&person=P02364,false
P02369,Anjali,Bedi,9000066042,,Hyderabad,35 to 39,community,true,false,S2,free,,,Adviser 01,25 to 50 lakhs,25 lakhs to 1 crore,"More than 40%, I live well below my means",Family,2026-08-28,2026-08-28,,,,,,,,2026-09-01,20,not_started,,not_started,,,,,,,,,off,,62,https://spiffler33.github.io/yeslyf-wireframes/admin_wireframes.html?run=3000&screen=M03&person=P02369,false
P02370,Parth,Mehta,9000024087,,Ahmedabad,30 to 34,community,false,true,S2,free,,,Adviser 02,10 to 25 lakhs,25 lakhs to 1 crore,"Around 40%, some serious money",Security,2026-08-30,2026-08-31,,,,,,,,2026-09-01,20,not_started,,not_started,,,,,,,,,off,,62,https://spiffler33.github.io/yeslyf-wireframes/admin_wireframes.html?run=3000&screen=M03&person=P02370,false
P02374,Madhura,Kulkarni,9000020668,,Mumbai,30 to 34,corporate_session,false,false,S1,free,,,Adviser 04,,,,,2026-08-25,,,,,,,,,2026-08-26,0,not_started,,not_started,,,,,,,,,off,,19,https://spiffler33.github.io/yeslyf-wireframes/admin_wireframes.html?run=3000&screen=M03&person=P02374,false
P02376,Riddhi,Apte,9000044306,riddhi.apte.336@example.com,Mumbai,30 to 34,community,true,false,S2,free,,,Adviser 04,25 to 50 lakhs,5 to 25 lakhs,"Around 40%, some serious money",Generosity,2026-08-27,2026-08-28,,,,,,,,2026-09-18,20,not_started,,not_started,,,,,,,,,off,,62,https://spiffler33.github.io/yeslyf-wireframes/admin_wireframes.html?run=3000&screen=M03&person=P02376,false
P02378,Meera,Mehra,9000053004,meera.mehra.422@example.com,Delhi,40 to 44,organic,true,false,S17,diwm,diwm,active,Adviser 03,50 lakhs to 1 crore,1 to 5 crores,"Around 25%, meaningful amounts",Generosity,2026-08-29,2026-08-30,2026-09-15,,,,,,2026-10-15,2026-09-21,31,verified,not_connected,in_progress,not_started,,,,no,0,2026-09-21T05:43:34+05:30,,off,,50,https://spiffler33.github.io/yeslyf-wireframes/admin_wireframes.html?run=3000&screen=M03&person=P02378,false
P02380,Sameer,Joshi,9000088057,,Bengaluru,25 to 29,community,false,false,S1,free,,,Adviser 02,,,,,2026-08-28,,,,,,,,,2026-08-28,0,not_started,,not_started,,,,,,,,,off,,12,https://spiffler33.github.io/yeslyf-wireframes/admin_wireframes.html?run=3000&screen=M03&person=P02380,false
P02382,Srinivas,Chandran,9000050894,,Chennai,30 to 34,organic,false,false,S2,free,,,Adviser 05,10 to 25 lakhs,5 to 25 lakhs,"More than 40%, I live well below my means",Generosity,2026-08-26,2026-08-27,,,,,,,,2026-08-28,20,not_started,,not_started,,,,,,,,,off,,62,https://spiffler33.github.io/yeslyf-wireframes/admin_wireframes.html?run=3000&screen=M03&person=P02382,false
P02384,Sagar,Mehta,9000067668,,Mumbai,25 to 29,community,true,false,S2,free,,,Adviser 03,25 to 50 lakhs,25 lakhs to 1 crore,"More than 40%, I live well below my means",Security,2026-08-27,2026-08-27,,,,,,,,2026-08-31,20,not_started,,not_started,,,,,,,,,off,,62,https://spiffler33.github.io/yeslyf-wireframes/admin_wireframes.html?run=3000&screen=M03&person=P02384,false
P02387,Nishant,Jain,9000007842,nishant.jain.269@example.com,Pune,30 to 34,web_reveal,true,false,S3,diwm,diwm,active,Adviser 01,10 to 25 lakhs,25 lakhs to 1 crore,"More than 40%, I live well below my means",Family,2026-08-27,2026-08-28,2026-09-18,,,,,,2026-12-17,2026-09-22,20,verified,not_connected,not_started,not_started,,,,no,0,,,off,,43,https://spiffler33.github.io/yeslyf-wireframes/admin_wireframes.html?run=3000&screen=M03&person=P02387,false
P02391,Sandeep,Iyer,9000061374,,Chennai,40 to 44,corporate_session,true,false,S2,free,,,Adviser 04,50 lakhs to 1 crore,1 to 5 crores,"Around 40%, some serious money",Legacy,2026-09-05,2026-09-06,,,,,,,,2026-09-09,20,not_started,,not_started,,,,,,,,,off,,62,https://spiffler33.github.io/yeslyf-wireframes/admin_wireframes.html?run=3000&screen=M03&person=P02391,false
P02395,Aakash,Saxena,9000070937,,Delhi,30 to 34,corporate_session,true,false,S2,free,,,Adviser 01,50 lakhs to 1 crore,5 to 25 lakhs,"More than 40%, I live well below my means",Family,2026-09-04,2026-09-05,,,,,,,,2026-09-08,20,not_started,,not_started,,,,,,,,,off,,62,https://spiffler33.github.io/yeslyf-wireframes/admin_wireframes.html?run=3000&screen=M03&person=P02395,false
P02396,Pavithra,Pai,9000022534,pavithra.pai.643@example.com,Bengaluru,25 to 29,web_reveal,true,false,S1,free,,,Adviser 03,Under 10 lakhs,5 to 25 lakhs,"Around 25%, meaningful amounts",,2026-08-31,,,,,,,,,2026-09-01,0,not_started,,not_started,,,,,,,,,off,,44,https://spiffler33.github.io/yeslyf-wireframes/admin_wireframes.html?run=3000&screen=M03&person=P02396,false
P02400,Janani,Krishnan,9000030898,,Hyderabad,35 to 39,corporate_session,false,false,S14,difm,,adviser relationship,Harish,,,,,2026-09-05,,,,,,,2026-12-04,,2026-09-19,75,"verified (assisted onboarding, M12)",failed,not applicable (adviser relationship),,,,,,0,2026-09-19T18:10:18+05:30,,off,,82,https://spiffler33.github.io/yeslyf-wireframes/admin_wireframes.html?run=3000&screen=M03&person=P02400,false
P02401,Rohan,Srivastava,9000085745,,Delhi,40 to 44,community,true,false,S2,free,,,Adviser 02,25 to 50 lakhs,1 to 5 crores,"Around 40%, some serious money",Legacy,2026-09-04,2026-09-04,,,,,,,,2026-09-07,20,not_started,,not_started,,,,,,,,,off,,62,https://spiffler33.github.io/yeslyf-wireframes/admin_wireframes.html?run=3000&screen=M03&person=P02401,false
P02402,Deepak,Chauhan,9000024443,deepak.chauhan.358@example.com,Gurugram,35 to 39,community,true,false,S9,diwm,diwm,active,Adviser 02,50 lakhs to 1 crore,25 lakhs to 1 crore,"More than 40%, I live well below my means",Family,2026-08-27,2026-08-27,2026-08-27,2026-09-05,2026-09-05,2026-09-05,2026-09-15,2026-12-04,2026-11-25,2026-09-21,100,verified,not_connected,read,executing,1,7,,yes,3,2026-09-20T02:18:37+05:30,,off,Adviser 05,100,https://spiffler33.github.io/yeslyf-wireframes/admin_wireframes.html?run=3000&screen=M03&person=P02402,false
P02403,Moumita,Saha,9000012938,moumita.saha.328@example.com,Ahmedabad,30 to 34,web_reveal,false,false,S8,diwm,diwm,active,Adviser 05,10 to 25 lakhs,Over 5 crores,"Around 40%, some serious money",Family,2026-08-28,2026-08-29,2026-08-30,2026-09-03,2026-09-03,2026-09-03,,2026-12-02,2026-09-29,2026-09-21,100,verified,connected,read,ready,0,5,2026-11-30,yes,0,2026-09-03T07:57:09+05:30,,off,,98,https://spiffler33.github.io/yeslyf-wireframes/admin_wireframes.html?run=3000&screen=M03&person=P02403,false
P02404,Aman,Arora,9000048939,,Noida,30 to 34,corporate_session,true,false,S1,free,,,Adviser 03,,,,,2026-09-03,,,,,,,,,2026-09-04,0,not_started,,not_started,,,,,,,,,off,,19,https://spiffler33.github.io/yeslyf-wireframes/admin_wireframes.html?run=3000&screen=M03&person=P02404,false
P02405,Yogesh,Shah,9000007114,yogesh.shah.461@example.com,Mumbai,30 to 34,community,true,false,S17,diy,diy,active,Adviser 04,10 to 25 lakhs,5 to 25 lakhs,"Around 25%, meaningful amounts",Freedom,2026-08-29,2026-08-29,2026-09-19,,,,,,2026-12-18,2026-09-21,45,verified,not_connected,in_progress,not_started,,,,no,0,2026-09-21T23:38:34+05:30,,off,,52,https://spiffler33.github.io/yeslyf-wireframes/admin_wireframes.html?run=3000&screen=M03&person=P02405,false
P02409,Sowmya,Shetty,9000008296,,Chennai,30 to 34,community,true,false,S1,free,,,Adviser 02,,,,,2026-08-28,,,,,,,,,2026-08-30,0,not_started,,not_started,,,,,,,,,off,,12,https://spiffler33.github.io/yeslyf-wireframes/admin_wireframes.html?run=3000&screen=M03&person=P02409,false
P02410,Ishani,Chatterjee,9000044171,,Mumbai,30 to 34,corporate_session,true,false,S2,free,,,Adviser 06,25 to 50 lakhs,25 lakhs to 1 crore,"More than 40%, I live well below my means",Family,2026-08-29,2026-08-30,,,,,,,,2026-09-02,20,not_started,,not_started,,,,,,,,,off,,62,https://spiffler33.github.io/yeslyf-wireframes/admin_wireframes.html?run=3000&screen=M03&person=P02410,false
P02412,Shreyasi,Mukherjee,9000089327,,Kolkata,35 to 39,community,true,false,S2,free,,,Adviser 05,10 to 25 lakhs,5 to 25 lakhs,"Around 25%, meaningful amounts",Generosity,2026-08-28,2026-08-28,,,,,,,,2026-08-31,20,not_started,,not_started,,,,,,,,,off,,62,https://spiffler33.github.io/yeslyf-wireframes/admin_wireframes.html?run=3000&screen=M03&person=P02412,false
P02414,Aparna,Iyer,9000045803,,Bengaluru,25 to 29,organic,true,false,S1,free,,,Adviser 06,,,,,2026-08-28,,,,,,,,,2026-08-29,0,not_started,,not_started,,,,,,,,,off,,25,https://spiffler33.github.io/yeslyf-wireframes/admin_wireframes.html?run=3000&screen=M03&person=P02414,false
P02415,Rahul,Agarwal,9000089053,,Delhi,40 to 44,community,true,false,S2,free,,,Adviser 02,50 lakhs to 1 crore,1 to 5 crores,"Around 40%, some serious money",Legacy,2026-08-29,2026-08-30,,,,,,,,2026-09-02,20,not_started,,not_started,,,,,,,,,off,,62,https://spiffler33.github.io/yeslyf-wireframes/admin_wireframes.html?run=3000&screen=M03&person=P02415,false
P02416,Rajiv,Balakrishnan,9000053569,,Pune,30 to 34,community,true,false,S2,free,,,Adviser 03,10 to 25 lakhs,5 to 25 lakhs,"More than 40%, I live well below my means",Freedom,2026-08-30,2026-08-30,,,,,,,,2026-09-02,20,not_started,,not_started,,,,,,,,,off,,62,https://spiffler33.github.io/yeslyf-wireframes/admin_wireframes.html?run=3000&screen=M03&person=P02416,false
P02417,Ananya,Nayak,9000035424,,Delhi,40 to 44,community,true,false,S2,free,,,Adviser 05,50 lakhs to 1 crore,1 to 5 crores,"More than 40%, I live well below my means",Family,2026-08-31,2026-08-31,,,,,,,,2026-09-03,20,not_started,,not_started,,,,,,,,,off,,62,https://spiffler33.github.io/yeslyf-wireframes/admin_wireframes.html?run=3000&screen=M03&person=P02417,false
P02421,Karan,Chopra,9000062854,,Gurugram,25 to 29,referral,false,false,S2,free,,,Adviser 03,10 to 25 lakhs,5 to 25 lakhs,"Around 25%, meaningful amounts",Freedom,2026-08-27,2026-08-27,,,,,,,,2026-08-29,20,not_started,,not_started,,,,,,,,,off,,62,https://spiffler33.github.io/yeslyf-wireframes/admin_wireframes.html?run=3000&screen=M03&person=P02421,false
P02422,Ananya,Sahoo,9000095598,,Kolkata,35 to 39,community,true,false,S2,free,,,Adviser 04,10 to 25 lakhs,5 to 25 lakhs,"More than 40%, I live well below my means",Security,2026-08-29,2026-08-31,,,,,,,,2026-09-03,20,not_started,,not_started,,,,,,,,,off,,62,https://spiffler33.github.io/yeslyf-wireframes/admin_wireframes.html?run=3000&screen=M03&person=P02422,false
P02423,Rutuja,Deshmukh,9000054875,,Nagpur,30 to 34,corporate_session,true,false,S2,free,,,Adviser 03,10 to 25 lakhs,5 to 25 lakhs,"Around 40%, some serious money",Legacy,2026-08-28,2026-08-29,,,,,,,,2026-09-01,20,not_started,,not_started,,,,,,,,,off,,62,https://spiffler33.github.io/yeslyf-wireframes/admin_wireframes.html?run=3000&screen=M03&person=P02423,false
P02425,Jigar,Desai,9000082013,jigar.desai.550@example.com,Nagpur,30 to 34,organic,false,false,S25,diwm,diwm,active,Adviser 01,10 to 25 lakhs,5 to 25 lakhs,"Around 25%, meaningful amounts",Family,2026-08-31,2026-08-31,2026-09-03,2026-09-11,2026-09-11,,2026-09-07,2026-12-10,2026-10-03,2026-09-18,100,verified,partial,built,ready,0,4,2026-12-02,yes,0,2026-09-11T09:32:47+05:30,,off,Adviser 05,98,https://spiffler33.github.io/yeslyf-wireframes/admin_wireframes.html?run=3000&screen=M03&person=P02425,false
P02430,Heena,Trivedi,9000010128,heena.trivedi.469@example.com,Pune,30 to 34,organic,true,false,S19,diwm,diwm,active,Adviser 01,10 to 25 lakhs,5 to 25 lakhs,"Around 40%, some serious money",Generosity,2026-08-28,2026-08-29,2026-08-29,,,,,,2026-11-27,2026-09-13,85,verified,not_connected,in_progress,not_started,,,,no,0,2026-09-13T07:26:14+05:30,,off,,89,https://spiffler33.github.io/yeslyf-wireframes/admin_wireframes.html?run=3000&screen=M03&person=P02430,false
P02431,Janani,Kumar,9000053514,janani.kumar.422@example.com,Bengaluru,30 to 34,community,true,false,S6,diwm,diwm,active,Adviser 01,10 to 25 lakhs,5 to 25 lakhs,"Around 40%, some serious money",Generosity,2026-08-28,2026-08-29,2026-09-05,2026-09-07,2026-09-07,,,2026-12-06,2026-10-05,2026-09-21,100,verified,connected,built,ready,0,3,2026-12-06,yes,0,2026-09-07T22:51:31+05:30,,off,,100,https://spiffler33.github.io/yeslyf-wireframes/admin_wireframes.html?run=3000&screen=M03&person=P02431,false
P02432,Ananya,Bose,9000084395,ananya.bose.475@example.com,Bengaluru,25 to 29,organic,true,false,S25,diwm,diwm,active,Adviser 04,Under 10 lakhs,5 to 25 lakhs,"Around 40%, some serious money",Family,2026-08-28,2026-08-28,2026-08-31,2026-09-05,2026-09-05,,,2026-12-04,2026-09-30,2026-09-16,100,verified,not_connected,built,ready,0,3,,yes,0,2026-09-05T19:20:20+05:30,,off,,100,https://spiffler33.github.io/yeslyf-wireframes/admin_wireframes.html?run=3000&screen=M03&person=P02432,false
P02434,Pooja,Arora,9000033089,,Chennai,30 to 34,community,true,false,S2,free,,,Adviser 04,25 to 50 lakhs,25 lakhs to 1 crore,"More than 40%, I live well below my means",Security,2026-08-31,2026-08-31,,,,,,,,2026-09-04,20,not_started,,not_started,,,,,,,,,off,,62,https://spiffler33.github.io/yeslyf-wireframes/admin_wireframes.html?run=3000&screen=M03&person=P02434,false
P02437,Nirav,Shinde,9000062081,,Mumbai,30 to 34,organic,true,false,S2,free,,,Adviser 04,10 to 25 lakhs,5 to 25 lakhs,"More than 40%, I live well below my means",Legacy,2026-09-02,2026-09-03,,,,,,,,2026-09-06,20,not_started,,not_started,,,,,,,,,off,,62,https://spiffler33.github.io/yeslyf-wireframes/admin_wireframes.html?run=3000&screen=M03&person=P02437,false
P02438,Kabir,Bhatia,9000010254,,Gurugram,35 to 39,community,true,true,S2,free,,,Adviser 02,25 to 50 lakhs,25 lakhs to 1 crore,"Around 40%, some serious money",Family,2026-08-31,2026-09-01,,,,,,,,2026-09-02,20,not_started,,not_started,,,,,,,,,off,,62,https://spiffler33.github.io/yeslyf-wireframes/admin_wireframes.html?run=3000&screen=M03&person=P02438,false
P02440,Chaitanya,Srinivasan,9000080888,,Bengaluru,45 and over,community,true,false,S2,free,,,Adviser 01,10 to 25 lakhs,5 to 25 lakhs,"Around 25%, meaningful amounts",Freedom,2026-09-01,2026-09-01,,,,,,,,2026-09-04,20,not_started,,not_started,,,,,,,,,off,,62,https://spiffler33.github.io/yeslyf-wireframes/admin_wireframes.html?run=3000&screen=M03&person=P02440,false
P02444,Riddhi,Joshi,9000056298,,Ahmedabad,35 to 39,community,true,false,S2,free,,,Adviser 05,10 to 25 lakhs,1 to 5 crores,"More than 40%, I live well below my means",Generosity,2026-09-05,2026-09-05,,,,,,,,2026-09-08,20,not_started,,not_started,,,,,,,,,off,,62,https://spiffler33.github.io/yeslyf-wireframes/admin_wireframes.html?run=3000&screen=M03&person=P02444,false
P02446,Naveen,Balakrishnan,9000033814,,Bengaluru,25 to 29,community,true,false,S2,free,,,Adviser 03,10 to 25 lakhs,25 lakhs to 1 crore,"Around 25%, meaningful amounts",Freedom,2026-08-29,2026-08-30,,,,,,,,2026-09-02,20,not_started,,not_started,,,,,,,,,off,,62,https://spiffler33.github.io/yeslyf-wireframes/admin_wireframes.html?run=3000&screen=M03&person=P02446,false
P02447,Nandini,Naidu,9000006743,,Bengaluru,30 to 34,community,true,false,S1,free,,,Adviser 02,25 to 50 lakhs,,,,2026-08-29,,,,,,,,,2026-08-30,0,not_started,,not_started,,,,,,,,,off,,31,https://spiffler33.github.io/yeslyf-wireframes/admin_wireframes.html?run=3000&screen=M03&person=P02447,false
P02450,Sowmya,Srinivasan,9000005685,sowmya.srinivasan.266@example.com,Gurugram,30 to 34,community,true,false,S2,free,,,Adviser 06,25 to 50 lakhs,25 lakhs to 1 crore,"More than 40%, I live well below my means",Freedom,2026-08-29,2026-08-30,,,,,,,,2026-09-20,20,not_started,,not_started,,,,,,,,,off,,62,https://spiffler33.github.io/yeslyf-wireframes/admin_wireframes.html?run=3000&screen=M03&person=P02450,false
P02452,Srinivas,Kamath,9000004306,srinivas.kamath.848@example.com,Bengaluru,25 to 29,community,true,false,S1,free,,,Adviser 01,,,,,2026-08-29,,,,,,,,,2026-08-30,0,not_started,,not_started,,,,,,,,,off,,12,https://spiffler33.github.io/yeslyf-wireframes/admin_wireframes.html?run=3000&screen=M03&person=P02452,false
P02453,Aniket,Kulkarni,9000053124,aniket.kulkarni.325@example.com,Mumbai,30 to 34,web_reveal,true,false,S2b,free,,,Adviser 03,25 to 50 lakhs,5 to 25 lakhs,"More than 40%, I live well below my means",Legacy,2026-08-31,2026-08-31,,,,,,,,2026-09-21,20,verified,,not_started,,,,,,,,,off,,88,https://spiffler33.github.io/yeslyf-wireframes/admin_wireframes.html?run=3000&screen=M03&person=P02453,false
P02454,Simran,Pandey,9000095760,,Noida,under 25,corporate_session,true,false,S2,free,,,Adviser 05,Under 10 lakhs,Under 5 lakhs,"Around 10%, small consistent chunks",Generosity,2026-08-29,2026-08-30,,,,,,,,2026-09-02,20,not_started,,not_started,,,,,,,,,off,,62,https://spiffler33.github.io/yeslyf-wireframes/admin_wireframes.html?run=3000&screen=M03&person=P02454,false
P02456,Naveen,Rao,9000004458,,Bengaluru,30 to 34,community,true,false,S1,free,,,Adviser 06,,,,,2026-08-31,,,,,,,,,2026-09-01,0,not_started,,not_started,,,,,,,,,off,,25,https://spiffler33.github.io/yeslyf-wireframes/admin_wireframes.html?run=3000&screen=M03&person=P02456,false
P02458,Biswajit,Sahoo,9000072674,biswajit.sahoo.301@example.com,Kolkata,25 to 29,organic,false,false,S5,diwm,diwm,active,Adviser 05,10 to 25 lakhs,5 to 25 lakhs,"More than 40%, I live well below my means",Freedom,2026-08-31,2026-08-31,2026-09-03,,,,,,2026-12-02,2026-09-18,94,verified,not_connected,in_progress,not_started,,,,yes,0,2026-09-17T12:08:19+05:30,,off,,100,https://spiffler33.github.io/yeslyf-wireframes/admin_wireframes.html?run=3000&screen=M03&person=P02458,false
P02460,Bhavin,Sawant,9000095191,bhavin.sawant.669@example.com,Ahmedabad,35 to 39,community,true,false,S1,free,,,Adviser 05,,,,,2026-08-29,,,,,,,,,2026-08-30,0,not_started,,not_started,,,,,,,,,off,,12,https://spiffler33.github.io/yeslyf-wireframes/admin_wireframes.html?run=3000&screen=M03&person=P02460,false
P02461,Revathi,Chandran,9000081941,,Chennai,30 to 34,corporate_session,true,false,S2,free,,,Adviser 04,50 lakhs to 1 crore,25 lakhs to 1 crore,"More than 40%, I live well below my means",Generosity,2026-09-05,2026-09-05,,,,,,,,2026-09-08,20,not_started,,not_started,,,,,,,,,off,,62,https://spiffler33.github.io/yeslyf-wireframes/admin_wireframes.html?run=3000&screen=M03&person=P02461,false
P02463,Rohan,Singh,9000091209,,Delhi,35 to 39,corporate_session,true,false,S1,free,,,Adviser 05,,,,,2026-08-30,,,,,,,,,2026-08-31,0,not_started,,not_started,,,,,,,,,off,,25,https://spiffler33.github.io/yeslyf-wireframes/admin_wireframes.html?run=3000&screen=M03&person=P02463,false
P02464,Nikhil,Mehra,9000062526,,Noida,30 to 34,community,true,false,S2,free,,,Adviser 06,10 to 25 lakhs,5 to 25 lakhs,"Around 25%, meaningful amounts",Family,2026-09-05,2026-09-07,,,,,,,,2026-09-10,20,not_started,,not_started,,,,,,,,,off,,62,https://spiffler33.github.io/yeslyf-wireframes/admin_wireframes.html?run=3000&screen=M03&person=P02464,false
P02465,Rajarshi,Dutta,9000077762,rajarshi.dutta.947@example.com,Gurugram,30 to 34,community,true,false,S1,free,,,Adviser 04,25 to 50 lakhs,5 to 25 lakhs,,,2026-09-01,,,,,,,,,2026-09-02,0,not_started,,not_started,,,,,,,,,off,,38,https://spiffler33.github.io/yeslyf-wireframes/admin_wireframes.html?run=3000&screen=M03&person=P02465,false
P02466,Dhruv,Trivedi,9000073102,,Pune,30 to 34,organic,true,false,S2,free,,,Adviser 03,10 to 25 lakhs,25 lakhs to 1 crore,"Around 40%, some serious money",Security,2026-09-01,2026-09-01,,,,,,,,2026-09-04,20,not_started,,not_started,,,,,,,,,off,,62,https://spiffler33.github.io/yeslyf-wireframes/admin_wireframes.html?run=3000&screen=M03&person=P02466,false
P02468,Sindhu,Shetty,9000031907,,Hyderabad,30 to 34,corporate_session,true,false,S2,free,,,Adviser 02,Under 10 lakhs,5 to 25 lakhs,"More than 40%, I live well below my means",Freedom,2026-09-05,2026-09-05,,,,,,,,2026-09-08,20,not_started,,not_started,,,,,,,,,off,,62,https://spiffler33.github.io/yeslyf-wireframes/admin_wireframes.html?run=3000&screen=M03&person=P02468,false
P02469,Varsha,Rajan,9000081893,varsha.rajan.194@example.com,Bengaluru,25 to 29,community,true,false,S1,free,,,Adviser 01,25 to 50 lakhs,,,,2026-08-31,,,,,,,,,2026-09-01,0,not_started,,not_started,,,,,,,,,off,,31,https://spiffler33.github.io/yeslyf-wireframes/admin_wireframes.html?run=3000&screen=M03&person=P02469,false
P02471,Payal,Gill,9000056420,,Delhi,30 to 34,corporate_session,false,false,S2,free,,,Adviser 03,10 to 25 lakhs,Under 5 lakhs,"Around 40%, some serious money",Legacy,2026-08-30,2026-08-31,,,,,,,,2026-09-01,20,not_started,,not_started,,,,,,,,,off,,62,https://spiffler33.github.io/yeslyf-wireframes/admin_wireframes.html?run=3000&screen=M03&person=P02471,false
P02472,Aditya,Pandey,9000003756,aditya.pandey.778@example.com,Delhi,35 to 39,web_reveal,true,false,S2,free,,,Adviser 04,50 lakhs to 1 crore,25 lakhs to 1 crore,"More than 40%, I live well below my means",Legacy,2026-08-31,2026-08-31,,,,,,,,2026-09-21,20,not_started,,not_started,,,,,,,,,off,,62,https://spiffler33.github.io/yeslyf-wireframes/admin_wireframes.html?run=3000&screen=M03&person=P02472,false
P02473,Neha,Kapoor,9000070573,,Jaipur,30 to 34,corporate_session,true,false,S2,free,,,Adviser 01,10 to 25 lakhs,5 to 25 lakhs,"More than 40%, I live well below my means",Legacy,2026-08-30,2026-08-31,,,,,,,,2026-09-03,20,not_started,,not_started,,,,,,,,,off,,62,https://spiffler33.github.io/yeslyf-wireframes/admin_wireframes.html?run=3000&screen=M03&person=P02473,false
P02475,Sneha,Apte,9000095398,sneha.apte.939@example.com,Mumbai,30 to 34,community,true,false,S1,free,,,Adviser 05,25 to 50 lakhs,25 lakhs to 1 crore,"More than 40%, I live well below my means",,2026-09-02,,,,,,,,,2026-09-03,0,not_started,,not_started,,,,,,,,,off,,50,https://spiffler33.github.io/yeslyf-wireframes/admin_wireframes.html?run=3000&screen=M03&person=P02475,false
P02478,Kunal,Chitale,9000070111,kunal.chitale.430@example.com,Ahmedabad,30 to 34,web_reveal,true,false,S2,free,,,Adviser 01,10 to 25 lakhs,5 to 25 lakhs,"More than 40%, I live well below my means",Family,2026-08-30,2026-08-31,,,,,,,,2026-09-21,20,not_started,,not_started,,,,,,,,,off,,62,https://spiffler33.github.io/yeslyf-wireframes/admin_wireframes.html?run=3000&screen=M03&person=P02478,false
P02479,Ananya,Sahoo,9000049406,,Jaipur,30 to 34,corporate_session,true,false,S2,free,,,Adviser 05,10 to 25 lakhs,5 to 25 lakhs,"Around 25%, meaningful amounts",Legacy,2026-09-11,2026-09-11,,,,,,,,2026-09-15,20,not_started,,not_started,,,,,,,,,off,,62,https://spiffler33.github.io/yeslyf-wireframes/admin_wireframes.html?run=3000&screen=M03&person=P02479,false
P02480,Ishani,Chatterjee,9000013987,ishani.chatterjee.839@example.com,Ahmedabad,30 to 34,community,true,false,S2,free,,,Adviser 03,10 to 25 lakhs,5 to 25 lakhs,"Around 25%, meaningful amounts",Freedom,2026-09-05,2026-09-05,,,,,,,,2026-09-12,20,not_started,,not_started,,,,,,,,,off,,62,https://spiffler33.github.io/yeslyf-wireframes/admin_wireframes.html?run=3000&screen=M03&person=P02480,false
P02481,Anirban,Saha,9000051918,,Hyderabad,35 to 39,community,false,false,S2,free,,,Adviser 04,50 lakhs to 1 crore,25 lakhs to 1 crore,"Around 40%, some serious money",Security,2026-08-31,2026-08-31,,,,,,,,2026-09-01,20,not_started,,not_started,,,,,,,,,off,,62,https://spiffler33.github.io/yeslyf-wireframes/admin_wireframes.html?run=3000&screen=M03&person=P02481,false
P02484,Bhavana,Natarajan,9000023611,,Bengaluru,25 to 29,corporate_session,true,false,S2,free,,,Adviser 06,10 to 25 lakhs,25 lakhs to 1 crore,"More than 40%, I live well below my means",Security,2026-08-31,2026-09-01,,,,,,,,2026-09-04,20,not_started,,not_started,,,,,,,,,off,,62,https://spiffler33.github.io/yeslyf-wireframes/admin_wireframes.html?run=3000&screen=M03&person=P02484,false
P02488,Lakshmi,Kamath,9000046509,,Bengaluru,25 to 29,community,true,false,S2,free,,,Adviser 04,10 to 25 lakhs,5 to 25 lakhs,"Around 40%, some serious money",Freedom,2026-09-01,2026-09-01,,,,,,,,2026-09-04,20,not_started,,not_started,,,,,,,,,off,,62,https://spiffler33.github.io/yeslyf-wireframes/admin_wireframes.html?run=3000&screen=M03&person=P02488,false
P02489,Rohit,Mehta,9000007618,,Ahmedabad,30 to 34,corporate_session,false,false,S1,free,,,Adviser 03,10 to 25 lakhs,5 to 25 lakhs,"More than 40%, I live well below my means",,2026-09-02,,,,,,,,,2026-09-02,0,not_started,,not_started,,,,,,,,,off,,50,https://spiffler33.github.io/yeslyf-wireframes/admin_wireframes.html?run=3000&screen=M03&person=P02489,false
P02491,Karan,Gupta,9000076126,,Gurugram,35 to 39,referral,false,false,S2,free,,,Adviser 02,25 to 50 lakhs,5 to 25 lakhs,"More than 40%, I live well below my means",Family,2026-08-31,2026-09-01,,,,,,,,2026-09-02,20,not_started,,not_started,,,,,,,,,off,,62,https://spiffler33.github.io/yeslyf-wireframes/admin_wireframes.html?run=3000&screen=M03&person=P02491,false
P02495,Siddharth,Pawar,9000066016,,Mumbai,25 to 29,organic,true,false,S1,free,,,Adviser 01,10 to 25 lakhs,5 to 25 lakhs,"More than 40%, I live well below my means",,2026-09-01,,,,,,,,,2026-09-02,0,not_started,,not_started,,,,,,,,,off,,50,https://spiffler33.github.io/yeslyf-wireframes/admin_wireframes.html?run=3000&screen=M03&person=P02495,false
P02497,Aravind,Nair,9000040974,,Hyderabad,40 to 44,community,true,false,S2,free,,,Adviser 04,25 to 50 lakhs,25 lakhs to 1 crore,"More than 40%, I live well below my means",Security,2026-09-02,2026-09-02,,,,,,,,2026-09-05,20,not_started,,not_started,,,,,,,,,off,,62,https://spiffler33.github.io/yeslyf-wireframes/admin_wireframes.html?run=3000&screen=M03&person=P02497,false
P02498,Vaibhav,Patil,9000095519,vaibhav.patil.844@example.com,Pune,30 to 34,community,true,false,S2,free,,,Adviser 01,10 to 25 lakhs,25 lakhs to 1 crore,"More than 40%, I live well below my means",Freedom,2026-09-05,2026-09-05,,,,,,,,2026-09-12,20,not_started,,not_started,,,,,,,,,off,,62,https://spiffler33.github.io/yeslyf-wireframes/admin_wireframes.html?run=3000&screen=M03&person=P02498,false
P02500,Pradeep,Iyengar,9000056992,,Surat,30 to 34,community,true,false,S2,free,,,Adviser 02,10 to 25 lakhs,25 lakhs to 1 crore,"More than 40%, I live well below my means",Legacy,2026-08-31,2026-09-01,,,,,,,,2026-09-04,20,not_started,,not_started,,,,,,,,,off,,62,https://spiffler33.github.io/yeslyf-wireframes/admin_wireframes.html?run=3000&screen=M03&person=P02500,false
P02501,Nikhil,Mehra,9000015458,nikhil.mehra.125@example.com,Gurugram,35 to 39,web_reveal,true,false,S2,free,,,Adviser 06,50 lakhs to 1 crore,5 to 25 lakhs,"More than 40%, I live well below my means",Family,2026-09-01,2026-09-01,,,,,,,,2026-09-22,20,not_started,,not_started,,,,,,,,,off,,62,https://spiffler33.github.io/yeslyf-wireframes/admin_wireframes.html?run=3000&screen=M03&person=P02501,false
P02504,Priya,Mishra,9000095209,,Noida,30 to 34,community,true,false,S2,free,,,Adviser 02,10 to 25 lakhs,5 to 25 lakhs,"More than 40%, I live well below my means",Freedom,2026-09-06,2026-09-07,,,,,,,,2026-09-10,20,not_started,,not_started,,,,,,,,,off,,62,https://spiffler33.github.io/yeslyf-wireframes/admin_wireframes.html?run=3000&screen=M03&person=P02504,false
P02505,Chaitanya,Iyer,9000024506,,Chennai,30 to 34,corporate_session,true,false,S2,free,,,Adviser 06,10 to 25 lakhs,25 lakhs to 1 crore,"Around 40%, some serious money",Security,2026-08-31,2026-08-31,,,,,,,,2026-09-04,20,not_started,,not_started,,,,,,,,,off,,62,https://spiffler33.github.io/yeslyf-wireframes/admin_wireframes.html?run=3000&screen=M03&person=P02505,false
P02507,Madhav,Srinivasan,9000016707,,Kochi,30 to 34,community,true,false,S2,free,,,Adviser 04,10 to 25 lakhs,25 lakhs to 1 crore,"More than 40%, I live well below my means",Security,2026-09-10,2026-09-11,,,,,,,,2026-09-14,20,not_started,,not_started,,,,,,,,,off,,62,https://spiffler33.github.io/yeslyf-wireframes/admin_wireframes.html?run=3000&screen=M03&person=P02507,false
P02510,Varun,Malhotra,9000042854,,Delhi,30 to 34,corporate_session,false,false,S2,free,,,Adviser 05,10 to 25 lakhs,Under 5 lakhs,"Around 40%, some serious money",Generosity,2026-09-11,2026-09-12,,,,,,,,2026-09-14,20,not_started,,not_started,,,,,,,,,off,,62,https://spiffler33.github.io/yeslyf-wireframes/admin_wireframes.html?run=3000&screen=M03&person=P02510,false
P02514,Ayesha,Gupta,9000060574,ayesha.gupta.426@example.com,Ahmedabad,35 to 39,web_reveal,true,true,S2,free,,,Adviser 03,10 to 25 lakhs,5 to 25 lakhs,"Around 40%, some serious money",Family,2026-09-04,2026-09-04,,,,,,,,2026-09-11,20,not_started,,not_started,,,,,,,,,off,,62,https://spiffler33.github.io/yeslyf-wireframes/admin_wireframes.html?run=3000&screen=M03&person=P02514,false
P02515,Hetal,Thakkar,9000047213,hetal.thakkar.935@example.com,Mumbai,25 to 29,web_reveal,false,false,S1,free,,,Adviser 06,,,,,2026-09-01,,,,,,,,,2026-09-01,0,not_started,,not_started,,,,,,,,,off,,19,https://spiffler33.github.io/yeslyf-wireframes/admin_wireframes.html?run=3000&screen=M03&person=P02515,false
P02516,Arjun,Verma,9000098854,,Gurugram,30 to 34,community,true,false,S2,free,,,Adviser 05,25 to 50 lakhs,25 lakhs to 1 crore,"Around 40%, some serious money",Legacy,2026-09-01,2026-09-01,,,,,,,,2026-09-04,20,not_started,,not_started,,,,,,,,,off,,62,https://spiffler33.github.io/yeslyf-wireframes/admin_wireframes.html?run=3000&screen=M03&person=P02516,false
P02517,Divakar,Raman,9000081134,,Chennai,35 to 39,corporate_session,false,false,S2,free,,,Adviser 01,25 to 50 lakhs,25 lakhs to 1 crore,"More than 40%, I live well below my means",Security,2026-09-04,2026-09-04,,,,,,,,2026-09-05,20,not_started,,not_started,,,,,,,,,off,,62,https://spiffler33.github.io/yeslyf-wireframes/admin_wireframes.html?run=3000&screen=M03&person=P02517,false
P02518,Akshay,Bedi,9000011120,,Gurugram,35 to 39,corporate_session,true,false,S1,free,,,Adviser 02,10 to 25 lakhs,,,,2026-09-01,,,,,,,,,2026-09-02,0,not_started,,not_started,,,,,,,,,off,,31,https://spiffler33.github.io/yeslyf-wireframes/admin_wireframes.html?run=3000&screen=M03&person=P02518,false
P02520,Sandeep,Nair,9000003933,sandeep.nair.415@example.com,Bengaluru,25 to 29,corporate_session,true,false,S5,diy,diy,active,Adviser 01,10 to 25 lakhs,5 to 25 lakhs,"Around 10%, small consistent chunks",Freedom,2026-09-02,2026-09-03,2026-09-03,,,,,,2026-10-03,2026-09-19,95,verified,not_connected,in_progress,not_started,,,,yes,0,2026-09-19T22:06:34+05:30,,off,,100,https://spiffler33.github.io/yeslyf-wireframes/admin_wireframes.html?run=3000&screen=M03&person=P02520,false
P02521,Meera,Sethi,9000064470,,Gurugram,35 to 39,organic,false,false,S1,free,,,Adviser 01,25 to 50 lakhs,25 lakhs to 1 crore,,,2026-09-06,,,,,,,,,2026-09-06,0,not_started,,not_started,,,,,,,,,off,,38,https://spiffler33.github.io/yeslyf-wireframes/admin_wireframes.html?run=3000&screen=M03&person=P02521,false
P02522,Nirav,Shah,9000070926,,Pune,30 to 34,corporate_session,true,false,S2,free,,,Adviser 04,10 to 25 lakhs,5 to 25 lakhs,"Around 40%, some serious money",Family,2026-09-01,2026-09-01,,,,,,,,2026-09-05,20,not_started,,not_started,,,,,,,,,off,,62,https://spiffler33.github.io/yeslyf-wireframes/admin_wireframes.html?run=3000&screen=M03&person=P02522,false
P02524,Mohit,Sharma,9000014682,mohit.sharma.137@example.com,Delhi,35 to 39,web_reveal,true,true,S1,free,,,Adviser 02,,,,,2026-09-01,,,,,,,,,2026-09-01,0,not_started,,not_started,,,,,,,,,off,,25,https://spiffler33.github.io/yeslyf-wireframes/admin_wireframes.html?run=3000&screen=M03&person=P02524,false
P02526,Ankit,Bedi,9000018229,ankit.bedi.233@example.com,Gurugram,30 to 34,community,true,false,S2,free,,,Adviser 05,25 to 50 lakhs,1 to 5 crores,"Around 40%, some serious money",Family,2026-09-01,2026-09-02,,,,,,,,2026-09-09,20,not_started,,not_started,,,,,,,,,off,,62,https://spiffler33.github.io/yeslyf-wireframes/admin_wireframes.html?run=3000&screen=M03&person=P02526,false
P02527,Chinmay,Kamat,9000094147,,Pune,35 to 39,community,true,false,S2,free,,,Adviser 02,50 lakhs to 1 crore,1 to 5 crores,"Around 40%, some serious money",Family,2026-09-02,2026-09-02,,,,,,,,2026-09-05,20,not_started,,not_started,,,,,,,,,off,,62,https://spiffler33.github.io/yeslyf-wireframes/admin_wireframes.html?run=3000&screen=M03&person=P02527,false
P02528,Prasanna,Iyer,9000008158,,Mumbai,25 to 29,organic,true,false,S1,free,,,Adviser 06,,,,,2026-09-02,,,,,,,,,2026-09-03,0,not_started,,not_started,,,,,,,,,off,,19,https://spiffler33.github.io/yeslyf-wireframes/admin_wireframes.html?run=3000&screen=M03&person=P02528,false
P02529,Varsha,Iyer,9000095359,,Bengaluru,25 to 29,corporate_session,true,false,S1,free,,,Adviser 06,,,,,2026-09-02,,,,,,,,,2026-09-03,0,not_started,,not_started,,,,,,,,,off,,19,https://spiffler33.github.io/yeslyf-wireframes/admin_wireframes.html?run=3000&screen=M03&person=P02529,false
P02531,Pradeep,Kumar,9000030540,,Bengaluru,30 to 34,corporate_session,true,false,S1,free,,,Adviser 02,,,,,2026-09-02,,,,,,,,,2026-09-03,0,not_started,,not_started,,,,,,,,,off,,25,https://spiffler33.github.io/yeslyf-wireframes/admin_wireframes.html?run=3000&screen=M03&person=P02531,false
P02532,Vishnu,Kumar,9000078362,,Chennai,35 to 39,organic,true,false,S2,free,,,Adviser 05,10 to 25 lakhs,Under 5 lakhs,"Around 25%, meaningful amounts",Security,2026-09-02,2026-09-02,,,,,,,,2026-09-05,20,not_started,,not_started,,,,,,,,,off,,62,https://spiffler33.github.io/yeslyf-wireframes/admin_wireframes.html?run=3000&screen=M03&person=P02532,false
P02533,Karthik,Balakrishnan,9000009515,,Chennai,35 to 39,community,true,false,S2,free,,,Adviser 01,25 to 50 lakhs,25 lakhs to 1 crore,"Around 25%, meaningful amounts",Family,2026-09-07,2026-09-07,,,,,,,,2026-09-10,20,not_started,,not_started,,,,,,,,,off,,62,https://spiffler33.github.io/yeslyf-wireframes/admin_wireframes.html?run=3000&screen=M03&person=P02533,false
P02534,Devika,Patil,9000047486,,Mumbai,25 to 29,organic,true,false,S2,free,,,Adviser 05,10 to 25 lakhs,5 to 25 lakhs,"More than 40%, I live well below my means",Freedom,2026-09-03,2026-09-03,,,,,,,,2026-09-06,20,not_started,,not_started,,,,,,,,,off,,62,https://spiffler33.github.io/yeslyf-wireframes/admin_wireframes.html?run=3000&screen=M03&person=P02534,false
P02535,Yash,Malhotra,9000022157,,Gurugram,35 to 39,corporate_session,true,false,S2,free,,,Adviser 02,25 to 50 lakhs,25 lakhs to 1 crore,"More than 40%, I live well below my means",Legacy,2026-09-02,2026-09-03,,,,,,,,2026-09-06,20,not_started,,not_started,,,,,,,,,off,,62,https://spiffler33.github.io/yeslyf-wireframes/admin_wireframes.html?run=3000&screen=M03&person=P02535,false
P02537,Zoya,Gill,9000002784,,Chennai,35 to 39,community,false,false,S1,free,,,Adviser 03,10 to 25 lakhs,5 to 25 lakhs,,,2026-09-02,,,,,,,,,2026-09-02,0,not_started,,not_started,,,,,,,,,off,,38,https://spiffler33.github.io/yeslyf-wireframes/admin_wireframes.html?run=3000&screen=M03&person=P02537,false
P02538,Biswajit,Sahoo,9000060822,biswajit.sahoo.523@example.com,Kolkata,35 to 39,web_reveal,true,false,S2,free,,,Adviser 06,25 to 50 lakhs,25 lakhs to 1 crore,"More than 40%, I live well below my means",Generosity,2026-09-03,2026-09-04,,,,,,,,2026-09-11,20,not_started,,not_started,,,,,,,,,off,,62,https://spiffler33.github.io/yeslyf-wireframes/admin_wireframes.html?run=3000&screen=M03&person=P02538,false
P02543,Tanmoy,Saha,9000029053,,Kolkata,30 to 34,corporate_session,true,false,S2,free,,,Adviser 06,25 to 50 lakhs,25 lakhs to 1 crore,"Around 40%, some serious money",Security,2026-09-01,2026-09-02,,,,,,,,2026-09-05,20,not_started,,not_started,,,,,,,,,off,,62,https://spiffler33.github.io/yeslyf-wireframes/admin_wireframes.html?run=3000&screen=M03&person=P02543,false
P02547,Yogesh,Jadhav,9000099826,,Mumbai,30 to 34,organic,true,false,S2,free,,,Adviser 04,25 to 50 lakhs,25 lakhs to 1 crore,"More than 40%, I live well below my means",Family,2026-09-03,2026-09-03,,,,,,,,2026-09-06,20,not_started,,not_started,,,,,,,,,off,,62,https://spiffler33.github.io/yeslyf-wireframes/admin_wireframes.html?run=3000&screen=M03&person=P02547,false
P02549,Rohit,Patil,9000012464,rohit.patil.358@example.com,Ahmedabad,35 to 39,referral,true,false,S7,diwm,diwm,active,Adviser 06,25 to 50 lakhs,25 lakhs to 1 crore,"More than 40%, I live well below my means",Freedom,2026-09-03,2026-09-03,2026-09-03,2026-09-11,2026-09-11,2026-09-11,,2026-12-10,2026-10-03,2026-09-21,100,verified,not_connected,read,ready,0,3,,yes,0,2026-09-06T14:14:51+05:30,,off,,100,https://spiffler33.github.io/yeslyf-wireframes/admin_wireframes.html?run=3000&screen=M03&person=P02549,false
P02550,Sanjana,Pandey,9000090956,sanjana.pandey.343@example.com,Gurugram,35 to 39,web_reveal,true,false,S5,diwm,diwm,active,Adviser 02,50 lakhs to 1 crore,1 to 5 crores,"More than 40%, I live well below my means",Family,2026-09-09,2026-09-09,2026-09-16,,,,,,2026-10-16,2026-09-20,95,verified,cas_uploaded,in_progress,not_started,,,,yes,0,2026-09-19T11:18:55+05:30,rule,off,,98,https://spiffler33.github.io/yeslyf-wireframes/admin_wireframes.html?run=3000&screen=M03&person=P02550,false
P02551,Vidya,Iyengar,9000011170,vidya.iyengar.308@example.com,Hyderabad,35 to 39,community,true,false,S5,diwm,diwm,active,Adviser 03,50 lakhs to 1 crore,1 to 5 crores,"More than 40%, I live well below my means",Family,2026-09-04,2026-09-04,2026-09-05,2026-09-16,,,2026-09-20,,2026-12-04,2026-09-21,95,verified,partial,in_progress,not_started,,,2026-12-04,yes,0,2026-09-16T09:18:07+05:30,rule,off,Adviser 02,100,https://spiffler33.github.io/yeslyf-wireframes/admin_wireframes.html?run=3000&screen=M03&person=P02551,false
P02555,Arjun,Kohli,9000023892,arjun.kohli.645@example.com,Gurugram,30 to 34,community,true,false,S2,free,,,Adviser 03,25 to 50 lakhs,25 lakhs to 1 crore,"More than 40%, I live well below my means",Family,2026-09-02,2026-09-03,,,,,,,,2026-09-10,20,not_started,,not_started,,,,,,,,,off,,62,https://spiffler33.github.io/yeslyf-wireframes/admin_wireframes.html?run=3000&screen=M03&person=P02555,false
P02556,Aman,Kohli,9000012294,aman.kohli.689@example.com,Bengaluru,25 to 29,community,true,false,S1,free,,,Adviser 01,10 to 25 lakhs,5 to 25 lakhs,,,2026-09-03,,,,,,,,,2026-09-04,0,not_started,,not_started,,,,,,,,,off,,38,https://spiffler33.github.io/yeslyf-wireframes/admin_wireframes.html?run=3000&screen=M03&person=P02556,false
P02560,Harini,Krishnan,9000035706,,Bengaluru,30 to 34,corporate_session,true,true,S2,free,,,Adviser 01,10 to 25 lakhs,25 lakhs to 1 crore,"Around 40%, some serious money",Security,2026-09-03,2026-09-03,,,,,,,,2026-09-05,20,not_started,,not_started,,,,,,,,,off,,62,https://spiffler33.github.io/yeslyf-wireframes/admin_wireframes.html?run=3000&screen=M03&person=P02560,false
P02562,Omkar,Bhosale,9000076383,,Mumbai,30 to 34,community,true,false,S1,free,,,Adviser 03,25 to 50 lakhs,,,,2026-09-10,,,,,,,,,2026-09-11,0,not_started,,not_started,,,,,,,,,off,,31,https://spiffler33.github.io/yeslyf-wireframes/admin_wireframes.html?run=3000&screen=M03&person=P02562,false
P02563,Mehak,Tandon,9000012071,mehak.tandon.512@example.com,Delhi,35 to 39,web_reveal,false,false,S2,free,,,Adviser 04,50 lakhs to 1 crore,1 to 5 crores,"More than 40%, I live well below my means",Family,2026-09-04,2026-09-04,,,,,,,,2026-09-11,20,not_started,,not_started,,,,,,,,,off,,62,https://spiffler33.github.io/yeslyf-wireframes/admin_wireframes.html?run=3000&screen=M03&person=P02563,false
P02564,Sneha,Pawar,9000031130,,Mumbai,30 to 34,community,true,false,S2,free,,,Adviser 03,25 to 50 lakhs,25 lakhs to 1 crore,"More than 40%, I live well below my means",Freedom,2026-09-05,2026-09-06,,,,,,,,2026-09-09,20,not_started,,not_started,,,,,,,,,off,,62,https://spiffler33.github.io/yeslyf-wireframes/admin_wireframes.html?run=3000&screen=M03&person=P02564,false
P02565,Manish,Singh,9000066338,manish.singh.269@example.com,Hyderabad,35 to 39,web_reveal,true,false,S2b,free,,,Adviser 06,25 to 50 lakhs,1 to 5 crores,"More than 40%, I live well below my means",Security,2026-09-04,2026-09-05,,,,,,,,2026-09-19,20,verified,,not_started,,,,,,,,,off,,88,https://spiffler33.github.io/yeslyf-wireframes/admin_wireframes.html?run=3000&screen=M03&person=P02565,false
P02567,Nikhil,Bedi,9000039880,,Gurugram,25 to 29,community,true,false,S2,free,,,Adviser 03,25 to 50 lakhs,5 to 25 lakhs,"More than 40%, I live well below my means",Legacy,2026-09-06,2026-09-06,,,,,,,,2026-09-09,20,not_started,,not_started,,,,,,,,,off,,62,https://spiffler33.github.io/yeslyf-wireframes/admin_wireframes.html?run=3000&screen=M03&person=P02567,false
P02568,Aniket,Chitale,9000060815,,Surat,30 to 34,referral,false,false,S1,free,,,Adviser 04,10 to 25 lakhs,25 lakhs to 1 crore,"More than 40%, I live well below my means",,2026-09-04,,,,,,,,,2026-09-04,0,not_started,,not_started,,,,,,,,,off,,50,https://spiffler33.github.io/yeslyf-wireframes/admin_wireframes.html?run=3000&screen=M03&person=P02568,false
P02569,Venkat,Shetty,9000079474,,Hyderabad,40 to 44,corporate_session,true,false,S2,free,,,Adviser 04,25 to 50 lakhs,25 lakhs to 1 crore,"More than 40%, I live well below my means",Freedom,2026-09-03,2026-09-03,,,,,,,,2026-09-06,20,not_started,,not_started,,,,,,,,,off,,62,https://spiffler33.github.io/yeslyf-wireframes/admin_wireframes.html?run=3000&screen=M03&person=P02569,false
P02570,Nikhil,Chopra,9000067339,,Jaipur,25 to 29,referral,false,false,S2,free,,,Adviser 06,10 to 25 lakhs,Under 5 lakhs,"Around 25%, meaningful amounts",Freedom,2026-09-08,2026-09-08,,,,,,,,2026-09-09,20,not_started,,not_started,,,,,,,,,off,,62,https://spiffler33.github.io/yeslyf-wireframes/admin_wireframes.html?run=3000&screen=M03&person=P02570,false
P02572,Sneha,Bhosale,9000055841,sneha.bhosale.734@example.com,Pune,30 to 34,community,true,false,S1,free,,,Adviser 05,25 to 50 lakhs,25 lakhs to 1 crore,,,2026-09-05,,,,,,,,,2026-09-06,0,not_started,,not_started,,,,,,,,,off,,38,https://spiffler33.github.io/yeslyf-wireframes/admin_wireframes.html?run=3000&screen=M03&person=P02572,false
P02573,Nithya,Raman,9000003107,,Chennai,30 to 34,corporate_session,false,false,S2,free,,,Adviser 05,10 to 25 lakhs,25 lakhs to 1 crore,"Around 40%, some serious money",Security,2026-09-04,2026-09-04,,,,,,,,2026-09-05,20,not_started,,not_started,,,,,,,,,off,,62,https://spiffler33.github.io/yeslyf-wireframes/admin_wireframes.html?run=3000&screen=M03&person=P02573,false
P02574,Pranav,Saxena,9000099938,,Pune,30 to 34,referral,true,false,S2,free,,,Adviser 02,10 to 25 lakhs,5 to 25 lakhs,"More than 40%, I live well below my means",Freedom,2026-09-04,2026-09-04,,,,,,,,2026-09-14,20,not_started,,not_started,,,,,,,,,off,,62,https://spiffler33.github.io/yeslyf-wireframes/admin_wireframes.html?run=3000&screen=M03&person=P02574,false
P02575,Gayathri,Naidu,9000023308,gayathri.naidu.203@example.com,Bengaluru,35 to 39,web_reveal,true,false,S2,free,,,Adviser 04,10 to 25 lakhs,25 lakhs to 1 crore,"Around 40%, some serious money",Legacy,2026-09-05,2026-09-05,,,,,,,,2026-09-13,20,not_started,,not_started,,,,,,,,,off,,62,https://spiffler33.github.io/yeslyf-wireframes/admin_wireframes.html?run=3000&screen=M03&person=P02575,false
P02576,Pooja,Tandon,9000066508,,Gurugram,25 to 29,referral,false,false,S1,free,,,Adviser 05,,,,,2026-09-04,,,,,,,,,2026-09-04,0,not_started,,not_started,,,,,,,,,off,,19,https://spiffler33.github.io/yeslyf-wireframes/admin_wireframes.html?run=3000&screen=M03&person=P02576,false
P02578,Pavithra,Srinivasan,9000002005,,Hyderabad,25 to 29,community,true,false,S1,free,,,Adviser 05,Under 10 lakhs,5 to 25 lakhs,"More than 40%, I live well below my means",,2026-09-03,,,,,,,,,2026-09-04,0,not_started,,not_started,,,,,,,,,off,,44,https://spiffler33.github.io/yeslyf-wireframes/admin_wireframes.html?run=3000&screen=M03&person=P02578,false
P02580,Kavya,Khanna,9000005558,,Noida,30 to 34,corporate_session,true,false,S2,free,,,Adviser 01,25 to 50 lakhs,1 to 5 crores,"More than 40%, I live well below my means",Security,2026-09-06,2026-09-06,,,,,,,,2026-09-10,20,not_started,,not_started,,,,,,,,,off,,62,https://spiffler33.github.io/yeslyf-wireframes/admin_wireframes.html?run=3000&screen=M03&person=P02580,false
P02581,Meera,Khanna,9000032259,meera.khanna.295@example.com,Delhi,35 to 39,community,true,false,S4,diwm,diwm,pending_mandate,Adviser 02,10 to 25 lakhs,25 lakhs to 1 crore,"Around 40%, some serious money",Legacy,2026-09-07,2026-09-08,2026-09-20,,,,,,,2026-09-23,37,verified,connected,in_progress,not_started,,,2026-12-19,no,0,2026-09-23T02:37:04+05:30,,off,,57,https://spiffler33.github.io/yeslyf-wireframes/admin_wireframes.html?run=3000&screen=M03&person=P02581,false
P02582,Mihir,Sawant,9000032012,mihir.sawant.563@example.com,Gurugram,35 to 39,community,true,true,S2,free,,,Adviser 06,25 to 50 lakhs,1 to 5 crores,"Around 25%, meaningful amounts",Family,2026-09-07,2026-09-07,,,,,,,,2026-09-14,20,not_started,,not_started,,,,,,,,,off,,62,https://spiffler33.github.io/yeslyf-wireframes/admin_wireframes.html?run=3000&screen=M03&person=P02582,false
P02587,Riddhi,Mehta,9000002842,,Mumbai,30 to 34,referral,true,false,S2,free,,,Adviser 02,25 to 50 lakhs,25 lakhs to 1 crore,"More than 40%, I live well below my means",Family,2026-09-06,2026-09-07,,,,,,,,2026-09-11,20,not_started,,not_started,,,,,,,,,off,,62,https://spiffler33.github.io/yeslyf-wireframes/admin_wireframes.html?run=3000&screen=M03&person=P02587,false
P02589,Moumita,Sen,9000037911,,Bengaluru,25 to 29,community,true,false,S1,free,,,Adviser 02,10 to 25 lakhs,,,,2026-09-05,,,,,,,,,2026-09-06,0,not_started,,not_started,,,,,,,,,off,,31,https://spiffler33.github.io/yeslyf-wireframes/admin_wireframes.html?run=3000&screen=M03&person=P02589,false
P02591,Ritika,Mehra,9000037708,,Noida,25 to 29,referral,false,false,S2,free,,,Adviser 02,10 to 25 lakhs,5 to 25 lakhs,"More than 40%, I live well below my means",Family,2026-09-05,2026-09-05,,,,,,,,2026-09-06,20,not_started,,not_started,,,,,,,,,off,,62,https://spiffler33.github.io/yeslyf-wireframes/admin_wireframes.html?run=3000&screen=M03&person=P02591,false
P02593,Ganesh,Balakrishnan,9000086783,,Bengaluru,25 to 29,corporate_session,false,false,S2,free,,,Adviser 06,10 to 25 lakhs,5 to 25 lakhs,"More than 40%, I live well below my means",Family,2026-09-05,2026-09-05,,,,,,,,2026-09-06,20,not_started,,not_started,,,,,,,,,off,,62,https://spiffler33.github.io/yeslyf-wireframes/admin_wireframes.html?run=3000&screen=M03&person=P02593,false
P02594,Aditya,Saxena,9000081378,aditya.saxena.938@example.com,Gurugram,25 to 29,community,false,true,S1,free,,,Adviser 05,,,,,2026-09-07,,,,,,,,,2026-09-07,0,not_started,,not_started,,,,,,,,,off,,12,https://spiffler33.github.io/yeslyf-wireframes/admin_wireframes.html?run=3000&screen=M03&person=P02594,false
P02595,Nirav,Pandya,9000086417,,Pune,30 to 34,corporate_session,true,false,S2,free,,,Adviser 01,10 to 25 lakhs,5 to 25 lakhs,"Around 25%, meaningful amounts",Generosity,2026-09-05,2026-09-05,,,,,,,,2026-09-09,20,not_started,,not_started,,,,,,,,,off,,62,https://spiffler33.github.io/yeslyf-wireframes/admin_wireframes.html?run=3000&screen=M03&person=P02595,false
P02596,Nithya,Reddy,9000072392,,Hyderabad,35 to 39,corporate_session,true,false,S1,free,,,Adviser 04,50 lakhs to 1 crore,25 lakhs to 1 crore,,,2026-09-07,,,,,,,,,2026-09-08,0,not_started,,not_started,,,,,,,,,off,,38,https://spiffler33.github.io/yeslyf-wireframes/admin_wireframes.html?run=3000&screen=M03&person=P02596,false
P02599,Jay,Pawar,9000064599,,Pune,35 to 39,organic,false,false,S1,free,,,Adviser 06,10 to 25 lakhs,1 to 5 crores,"More than 40%, I live well below my means",,2026-09-06,,,,,,,,,2026-09-06,0,not_started,,not_started,,,,,,,,,off,,44,https://spiffler33.github.io/yeslyf-wireframes/admin_wireframes.html?run=3000&screen=M03&person=P02599,false
P02601,Kavitha,Hegde,9000033688,,Chennai,35 to 39,organic,false,false,S2,free,,,Adviser 05,25 to 50 lakhs,25 lakhs to 1 crore,"More than 40%, I live well below my means",Family,2026-09-06,2026-09-06,,,,,,,,2026-09-07,20,not_started,,not_started,,,,,,,,,off,,62,https://spiffler33.github.io/yeslyf-wireframes/admin_wireframes.html?run=3000&screen=M03&person=P02601,false
P02602,Tejas,Gokhale,9000007166,,Mumbai,30 to 34,organic,true,false,S2,free,,,Adviser 06,25 to 50 lakhs,5 to 25 lakhs,"More than 40%, I live well below my means",Security,2026-09-10,2026-09-10,,,,,,,,2026-09-13,20,not_started,,not_started,,,,,,,,,off,,62,https://spiffler33.github.io/yeslyf-wireframes/admin_wireframes.html?run=3000&screen=M03&person=P02602,false
P02605,Arun,Murthy,9000094618,,Hyderabad,35 to 39,corporate_session,true,false,S2,free,,,Adviser 03,25 to 50 lakhs,5 to 25 lakhs,"Around 40%, some serious money",Generosity,2026-09-05,2026-09-06,,,,,,,,2026-09-09,20,not_started,,not_started,,,,,,,,,off,,62,https://spiffler33.github.io/yeslyf-wireframes/admin_wireframes.html?run=3000&screen=M03&person=P02605,false
P02607,Rahul,Tandon,9000039752,,Gurugram,30 to 34,organic,true,false,S1,free,,,Adviser 02,25 to 50 lakhs,25 lakhs to 1 crore,"More than 40%, I live well below my means",,2026-09-11,,,,,,,,,2026-09-12,0,not_started,,not_started,,,,,,,,,off,,50,https://spiffler33.github.io/yeslyf-wireframes/admin_wireframes.html?run=3000&screen=M03&person=P02607,false
P02608,Vikram,Chauhan,9000083840,vikram.chauhan.747@example.com,Gurugram,30 to 34,web_reveal,false,false,S2,free,,,Adviser 03,25 to 50 lakhs,5 to 25 lakhs,"Around 40%, some serious money",Security,2026-09-07,2026-09-08,,,,,,,,2026-09-15,20,not_started,,not_started,,,,,,,,,off,,62,https://spiffler33.github.io/yeslyf-wireframes/admin_wireframes.html?run=3000&screen=M03&person=P02608,false
P02610,Gayathri,Iyengar,9000030116,,Hyderabad,25 to 29,community,true,true,S1,free,,,Adviser 03,10 to 25 lakhs,5 to 25 lakhs,"More than 40%, I live well below my means",,2026-09-07,,,,,,,,,2026-09-08,0,not_started,,not_started,,,,,,,,,off,,44,https://spiffler33.github.io/yeslyf-wireframes/admin_wireframes.html?run=3000&screen=M03&person=P02610,false
P02615,Lakshmi,Subramanian,9000080273,,Hyderabad,40 to 44,corporate_session,true,false,S2,free,,,Adviser 06,50 lakhs to 1 crore,1 to 5 crores,"Around 25%, meaningful amounts",Security,2026-09-14,2026-09-14,,,,,,,,2026-09-17,20,not_started,,not_started,,,,,,,,,off,,62,https://spiffler33.github.io/yeslyf-wireframes/admin_wireframes.html?run=3000&screen=M03&person=P02615,false
P02616,Aparna,Reddy,9000051909,aparna.reddy.287@example.com,Bengaluru,25 to 29,referral,true,false,S2b,free,,,Adviser 04,Under 10 lakhs,5 to 25 lakhs,"More than 40%, I live well below my means",Freedom,2026-09-06,2026-09-07,,,,,,,,2026-09-16,20,verified,,not_started,,,,,,,,,off,,88,https://spiffler33.github.io/yeslyf-wireframes/admin_wireframes.html?run=3000&screen=M03&person=P02616,false
P02617,Nitin,Kapoor,9000005234,nitin.kapoor.943@example.com,Delhi,40 to 44,web_reveal,false,false,S2,free,,,Adviser 03,50 lakhs to 1 crore,1 to 5 crores,"Around 40%, some serious money",Legacy,2026-09-12,2026-09-13,,,,,,,,2026-09-20,20,not_started,,not_started,,,,,,,,,off,,62,https://spiffler33.github.io/yeslyf-wireframes/admin_wireframes.html?run=3000&screen=M03&person=P02617,false
P02620,Shalini,Varma,9000008278,shalini.varma.322@example.com,Hyderabad,35 to 39,organic,true,false,S4,diwm,diwm,active,Adviser 02,50 lakhs to 1 crore,1 to 5 crores,"More than 40%, I live well below my means",Security,2026-09-18,2026-09-18,2026-09-18,,,,,,2026-10-18,2026-09-22,66,verified,not_connected,in_progress,not_started,,,,no,0,2026-09-20T22:06:33+05:30,rule,off,,78,https://spiffler33.github.io/yeslyf-wireframes/admin_wireframes.html?run=3000&screen=M03&person=P02620,false
P02624,Shreyasi,Banerjee,9000024591,,Kolkata,30 to 34,organic,true,false,S2,free,,,Adviser 06,10 to 25 lakhs,5 to 25 lakhs,"Around 40%, some serious money",Family,2026-09-06,2026-09-07,,,,,,,,2026-09-10,20,not_started,,not_started,,,,,,,,,off,,62,https://spiffler33.github.io/yeslyf-wireframes/admin_wireframes.html?run=3000&screen=M03&person=P02624,false
P02625,Harpreet,Srivastava,9000029286,harpreet.srivastava.270@example.com,Gurugram,25 to 29,web_reveal,true,false,S2b,free,,,Adviser 05,10 to 25 lakhs,5 to 25 lakhs,"Around 25%, meaningful amounts",Legacy,2026-09-07,2026-09-07,,,,,,,,2026-09-15,20,verified,,not_started,,,,,,,,,off,,88,https://spiffler33.github.io/yeslyf-wireframes/admin_wireframes.html?run=3000&screen=M03&person=P02625,false
P02626,Sandeep,Iyengar,9000009991,,Visakhapatnam,25 to 29,corporate_session,true,false,S1,free,,,Adviser 05,,,,,2026-09-09,,,,,,,,,2026-09-10,0,not_started,,not_started,,,,,,,,,off,,25,https://spiffler33.github.io/yeslyf-wireframes/admin_wireframes.html?run=3000&screen=M03&person=P02626,false
P02627,Kunal,Kamat,9000085964,,Indore,25 to 29,organic,true,false,S2,free,,,Adviser 04,10 to 25 lakhs,25 lakhs to 1 crore,"Around 25%, meaningful amounts",Freedom,2026-09-09,2026-09-09,,,,,,,,2026-09-12,20,not_started,,not_started,,,,,,,,,off,,62,https://spiffler33.github.io/yeslyf-wireframes/admin_wireframes.html?run=3000&screen=M03&person=P02627,false
P02628,Ramya,Hegde,9000041045,ramya.hegde.830@example.com,Bengaluru,25 to 29,community,true,false,S2,free,,,Adviser 01,10 to 25 lakhs,5 to 25 lakhs,"Around 40%, some serious money",Family,2026-09-16,2026-09-16,,,,,,,,2026-09-19,20,not_started,,not_started,,,,,,,,,off,,62,https://spiffler33.github.io/yeslyf-wireframes/admin_wireframes.html?run=3000&screen=M03&person=P02628,false
P02629,Aditya,Kohli,9000002573,,Noida,35 to 39,community,true,false,S2,free,,,Adviser 02,10 to 25 lakhs,5 to 25 lakhs,"More than 40%, I live well below my means",Freedom,2026-09-08,2026-09-08,,,,,,,,2026-09-12,20,not_started,,not_started,,,,,,,,,off,,62,https://spiffler33.github.io/yeslyf-wireframes/admin_wireframes.html?run=3000&screen=M03&person=P02629,false
P02632,Rahul,Bedi,9000032499,rahul.bedi.648@example.com,Noida,35 to 39,web_reveal,true,false,S2,free,,,Adviser 06,50 lakhs to 1 crore,25 lakhs to 1 crore,"More than 40%, I live well below my means",Generosity,2026-09-07,2026-09-07,,,,,,,,2026-09-15,20,not_started,,not_started,,,,,,,,,off,,62,https://spiffler33.github.io/yeslyf-wireframes/admin_wireframes.html?run=3000&screen=M03&person=P02632,false
P02634,Riddhi,Sawant,9000043783,,Mumbai,30 to 34,organic,true,false,S2,free,,,Adviser 06,25 to 50 lakhs,25 lakhs to 1 crore,"More than 40%, I live well below my means",Freedom,2026-09-09,2026-09-09,,,,,,,,2026-09-12,20,not_started,,not_started,,,,,,,,,off,,62,https://spiffler33.github.io/yeslyf-wireframes/admin_wireframes.html?run=3000&screen=M03&person=P02634,false
P02636,Priyanka,Banerjee,9000097691,,Kolkata,25 to 29,community,true,false,S2,free,,,Adviser 04,10 to 25 lakhs,5 to 25 lakhs,"More than 40%, I live well below my means",Freedom,2026-09-08,2026-09-08,,,,,,,,2026-09-12,20,not_started,,not_started,,,,,,,,,off,,62,https://spiffler33.github.io/yeslyf-wireframes/admin_wireframes.html?run=3000&screen=M03&person=P02636,false
P02639,Vaibhav,Pawar,9000009031,,Pune,30 to 34,community,true,true,S1,free,,,Adviser 01,10 to 25 lakhs,25 lakhs to 1 crore,"Around 40%, some serious money",,2026-09-08,,,,,,,,,2026-09-09,0,not_started,,not_started,,,,,,,,,off,,44,https://spiffler33.github.io/yeslyf-wireframes/admin_wireframes.html?run=3000&screen=M03&person=P02639,false
P02641,Hardik,Sawant,9000099596,,Ahmedabad,30 to 34,corporate_session,false,false,S2,free,,,Adviser 03,Under 10 lakhs,25 lakhs to 1 crore,"More than 40%, I live well below my means",Family,2026-09-12,2026-09-12,,,,,,,,2026-09-13,20,not_started,,not_started,,,,,,,,,off,,62,https://spiffler33.github.io/yeslyf-wireframes/admin_wireframes.html?run=3000&screen=M03&person=P02641,false
P02642,Anjali,Sharma,9000023271,,Delhi,30 to 34,referral,true,false,S1,free,,,Adviser 05,Under 10 lakhs,5 to 25 lakhs,,,2026-09-06,,,,,,,,,2026-09-07,0,not_started,,not_started,,,,,,,,,off,,38,https://spiffler33.github.io/yeslyf-wireframes/admin_wireframes.html?run=3000&screen=M03&person=P02642,false
P02643,Mihir,Kamat,9000077143,,Mumbai,30 to 34,community,true,false,S2,free,,,Adviser 03,25 to 50 lakhs,25 lakhs to 1 crore,"More than 40%, I live well below my means",Generosity,2026-09-07,2026-09-07,,,,,,,,2026-09-10,20,not_started,,not_started,,,,,,,,,off,,62,https://spiffler33.github.io/yeslyf-wireframes/admin_wireframes.html?run=3000&screen=M03&person=P02643,false
P02644,Tanmoy,Majumdar,9000020918,tanmoy.majumdar.864@example.com,Mumbai,25 to 29,web_reveal,false,false,S2,free,,,Adviser 03,25 to 50 lakhs,5 to 25 lakhs,"More than 40%, I live well below my means",Security,2026-09-13,2026-09-15,,,,,,,,2026-09-22,20,not_started,,not_started,,,,,,,,,off,,62,https://spiffler33.github.io/yeslyf-wireframes/admin_wireframes.html?run=3000&screen=M03&person=P02644,false
P02645,Omkar,Joshi,9000089778,,Ahmedabad,30 to 34,community,true,false,S1,free,,,Adviser 04,10 to 25 lakhs,5 to 25 lakhs,"More than 40%, I live well below my means",,2026-09-07,,,,,,,,,2026-09-08,0,not_started,,not_started,,,,,,,,,off,,50,https://spiffler33.github.io/yeslyf-wireframes/admin_wireframes.html?run=3000&screen=M03&person=P02645,false
P02647,Sandeep,Varma,9000095681,,Bengaluru,25 to 29,community,true,false,S2,free,,,Adviser 02,10 to 25 lakhs,5 to 25 lakhs,"Around 40%, some serious money",Freedom,2026-09-10,2026-09-10,,,,,,,,2026-09-13,20,not_started,,not_started,,,,,,,,,off,,62,https://spiffler33.github.io/yeslyf-wireframes/admin_wireframes.html?run=3000&screen=M03&person=P02647,false
P02653,Hardik,Apte,9000064479,,Mumbai,30 to 34,community,true,false,S2,free,,,Adviser 06,10 to 25 lakhs,Under 5 lakhs,"Around 40%, some serious money",Security,2026-09-09,2026-09-09,,,,,,,,2026-09-12,20,not_started,,not_started,,,,,,,,,off,,62,https://spiffler33.github.io/yeslyf-wireframes/admin_wireframes.html?run=3000&screen=M03&person=P02653,false
P02654,Sameer,Shinde,9000089912,sameer.shinde.267@example.com,Mumbai,35 to 39,web_reveal,true,false,S2,free,,,Adviser 03,Over 1 crore,25 lakhs to 1 crore,"More than 40%, I live well below my means",Freedom,2026-09-14,2026-09-14,,,,,,,,2026-09-21,20,not_started,,not_started,,,,,,,,,off,,62,https://spiffler33.github.io/yeslyf-wireframes/admin_wireframes.html?run=3000&screen=M03&person=P02654,false
P02655,Heena,Naik,9000011845,,Bengaluru,25 to 29,community,true,true,S2,free,,,Adviser 04,10 to 25 lakhs,25 lakhs to 1 crore,"More than 40%, I live well below my means",Freedom,2026-09-09,2026-09-09,,,,,,,,2026-09-10,20,not_started,,not_started,,,,,,,,,off,,62,https://spiffler33.github.io/yeslyf-wireframes/admin_wireframes.html?run=3000&screen=M03&person=P02655,false
P02656,Varsha,Gowda,9000014411,varsha.gowda.370@example.com,Bengaluru,25 to 29,web_reveal,true,false,S2,free,,,Adviser 02,Under 10 lakhs,5 to 25 lakhs,"More than 40%, I live well below my means",Freedom,2026-09-10,2026-09-10,,,,,,,,2026-09-17,20,not_started,,not_started,,,,,,,,,off,,62,https://spiffler33.github.io/yeslyf-wireframes/admin_wireframes.html?run=3000&screen=M03&person=P02656,false
P02657,Suresh,Naidu,9000018967,suresh.naidu.283@example.com,Chennai,35 to 39,community,true,false,S4,diwm,diwm,active,Adviser 02,10 to 25 lakhs,25 lakhs to 1 crore,"More than 40%, I live well below my means",Security,2026-09-13,2026-09-14,2026-09-17,,,,,,2026-10-17,2026-09-21,29,verified,not_connected,in_progress,not_started,,,,no,0,2026-09-17T08:26:11+05:30,,off,,58,https://spiffler33.github.io/yeslyf-wireframes/admin_wireframes.html?run=3000&screen=M03&person=P02657,false
P02659,Arun,Menon,9000058152,arun.menon.329@example.com,Hyderabad,40 to 44,community,false,false,S4,diwm,diwm,active,Adviser 05,50 lakhs to 1 crore,Over 5 crores,"More than 40%, I live well below my means",Security,2026-09-14,2026-09-14,2026-09-16,,,,,,2026-12-15,2026-09-20,35,verified,connected,in_progress,not_started,,,2026-12-15,no,0,2026-09-19T23:58:22+05:30,,off,,50,https://spiffler33.github.io/yeslyf-wireframes/admin_wireframes.html?run=3000&screen=M03&person=P02659,false
P02660,Akshay,Kapoor,9000007403,,Gurugram,35 to 39,corporate_session,true,false,S2,free,,,Adviser 02,25 to 50 lakhs,25 lakhs to 1 crore,"More than 40%, I live well below my means",Family,2026-09-07,2026-09-08,,,,,,,,2026-09-11,20,not_started,,not_started,,,,,,,,,off,,62,https://spiffler33.github.io/yeslyf-wireframes/admin_wireframes.html?run=3000&screen=M03&person=P02660,false
P02662,Ketan,Shinde,9000010092,ketan.shinde.505@example.com,Pune,30 to 34,organic,false,false,S24,diy,diy,cancelled,Adviser 01,10 to 25 lakhs,25 lakhs to 1 crore,"More than 40%, I live well below my means",Security,2026-09-07,2026-09-09,2026-09-09,,,,,,,2026-09-22,94,verified,not_connected,in_progress,not_started,,,,yes,0,2026-09-22T21:56:37+05:30,,off,,100,https://spiffler33.github.io/yeslyf-wireframes/admin_wireframes.html?run=3000&screen=M03&person=P02662,false
P02663,Soumya,Ghosh,9000071438,,Pune,25 to 29,corporate_session,true,false,S2,free,,,Adviser 04,10 to 25 lakhs,5 to 25 lakhs,"Around 40%, some serious money",Freedom,2026-09-12,2026-09-13,,,,,,,,2026-09-16,20,not_started,,not_started,,,,,,,,,off,,62,https://spiffler33.github.io/yeslyf-wireframes/admin_wireframes.html?run=3000&screen=M03&person=P02663,false
P02665,Tanvi,Malhotra,9000024478,,Noida,35 to 39,community,true,false,S2,free,,,Adviser 02,25 to 50 lakhs,1 to 5 crores,"More than 40%, I live well below my means",Security,2026-09-09,2026-09-09,,,,,,,,2026-09-12,20,not_started,,not_started,,,,,,,,,off,,62,https://spiffler33.github.io/yeslyf-wireframes/admin_wireframes.html?run=3000&screen=M03&person=P02665,false
P02669,Aravind,Iyer,9000051315,,Hyderabad,25 to 29,community,true,false,S2,free,,,Adviser 05,10 to 25 lakhs,5 to 25 lakhs,"More than 40%, I live well below my means",Freedom,2026-09-08,2026-09-08,,,,,,,,2026-09-11,20,not_started,,not_started,,,,,,,,,off,,62,https://spiffler33.github.io/yeslyf-wireframes/admin_wireframes.html?run=3000&screen=M03&person=P02669,false
P02670,Sagar,Kamat,9000016930,,Indore,30 to 34,community,true,false,S1,free,,,Adviser 01,,,,,2026-09-09,,,,,,,,,2026-09-10,0,not_started,,not_started,,,,,,,,,off,,19,https://spiffler33.github.io/yeslyf-wireframes/admin_wireframes.html?run=3000&screen=M03&person=P02670,false
P02671,Gauri,Deshmukh,9000045074,,Ahmedabad,30 to 34,organic,true,false,S2,free,,,Adviser 03,10 to 25 lakhs,5 to 25 lakhs,"Around 25%, meaningful amounts",Family,2026-09-10,2026-09-10,,,,,,,,2026-09-13,20,not_started,,not_started,,,,,,,,,off,,62,https://spiffler33.github.io/yeslyf-wireframes/admin_wireframes.html?run=3000&screen=M03&person=P02671,false
P02673,Jay,Dave,9000021846,,Ahmedabad,35 to 39,community,true,false,S2,free,,,Adviser 03,10 to 25 lakhs,25 lakhs to 1 crore,"More than 40%, I live well below my means",Generosity,2026-09-10,2026-09-10,,,,,,,,2026-09-13,20,not_started,,not_started,,,,,,,,,off,,62,https://spiffler33.github.io/yeslyf-wireframes/admin_wireframes.html?run=3000&screen=M03&person=P02673,false
P02679,Pranali,Deshmukh,9000049120,,Ahmedabad,30 to 34,community,true,false,S1,free,,,Adviser 01,10 to 25 lakhs,5 to 25 lakhs,,,2026-09-11,,,,,,,,,2026-09-12,0,not_started,,not_started,,,,,,,,,off,,38,https://spiffler33.github.io/yeslyf-wireframes/admin_wireframes.html?run=3000&screen=M03&person=P02679,false
P02680,Anjali,Pandey,9000094446,,Gurugram,30 to 34,corporate_session,true,true,S2,free,,,Adviser 01,25 to 50 lakhs,25 lakhs to 1 crore,"More than 40%, I live well below my means",Family,2026-09-09,2026-09-09,,,,,,,,2026-09-10,20,not_started,,not_started,,,,,,,,,off,,62,https://spiffler33.github.io/yeslyf-wireframes/admin_wireframes.html?run=3000&screen=M03&person=P02680,false
P02682,Nirav,Pandya,9000094041,nirav.pandya.341@example.com,Ahmedabad,30 to 34,web_reveal,true,false,S2,free,,,Adviser 01,Under 10 lakhs,5 to 25 lakhs,"More than 40%, I live well below my means",Family,2026-09-12,2026-09-12,,,,,,,,2026-09-19,20,not_started,,not_started,,,,,,,,,off,,62,https://spiffler33.github.io/yeslyf-wireframes/admin_wireframes.html?run=3000&screen=M03&person=P02682,false
P02683,Venkat,Natarajan,9000097791,,Hyderabad,35 to 39,community,true,false,S1,free,,,Adviser 03,25 to 50 lakhs,25 lakhs to 1 crore,,,2026-09-09,,,,,,,,,2026-09-10,0,not_started,,not_started,,,,,,,,,off,,38,https://spiffler33.github.io/yeslyf-wireframes/admin_wireframes.html?run=3000&screen=M03&person=P02683,false
P02685,Naina,Kohli,9000013020,,Gurugram,30 to 34,community,true,true,S2,free,,,Adviser 06,10 to 25 lakhs,5 to 25 lakhs,"Around 25%, meaningful amounts",Freedom,2026-09-09,2026-09-10,,,,,,,,2026-09-11,20,not_started,,not_started,,,,,,,,,off,,62,https://spiffler33.github.io/yeslyf-wireframes/admin_wireframes.html?run=3000&screen=M03&person=P02685,false
P02686,Gayathri,Rajan,9000054829,gayathri.rajan.268@example.com,Gurugram,30 to 34,community,true,false,S3,diwm,diwm,pending_mandate,Adviser 04,25 to 50 lakhs,25 lakhs to 1 crore,"More than 40%, I live well below my means",Family,2026-09-18,2026-09-18,2026-09-21,,,,,,,2026-09-21,20,verified,failed,not_started,not_started,,,,no,0,,,off,,42,https://spiffler33.github.io/yeslyf-wireframes/admin_wireframes.html?run=3000&screen=M03&person=P02686,false
P02688,Nidhi,Joshi,9000026390,,Pune,30 to 34,community,true,false,S2,free,,,Adviser 04,10 to 25 lakhs,5 to 25 lakhs,"More than 40%, I live well below my means",Freedom,2026-09-11,2026-09-12,,,,,,,,2026-09-15,20,not_started,,not_started,,,,,,,,,off,,62,https://spiffler33.github.io/yeslyf-wireframes/admin_wireframes.html?run=3000&screen=M03&person=P02688,false
P02689,Saloni,Bhosale,9000004779,,Pune,35 to 39,corporate_session,false,true,S1,free,,,Adviser 05,10 to 25 lakhs,5 to 25 lakhs,"Around 40%, some serious money",,2026-09-09,,,,,,,,,2026-09-09,0,not_started,,not_started,,,,,,,,,off,,44,https://spiffler33.github.io/yeslyf-wireframes/admin_wireframes.html?run=3000&screen=M03&person=P02689,false
P02692,Vaibhav,Joshi,9000096276,vaibhav.joshi.714@example.com,Mumbai,25 to 29,community,true,false,S1,free,,,Adviser 04,,,,,2026-09-10,,,,,,,,,2026-09-11,0,not_started,,not_started,,,,,,,,,off,,12,https://spiffler33.github.io/yeslyf-wireframes/admin_wireframes.html?run=3000&screen=M03&person=P02692,false
P02694,Vignesh,Nair,9000033291,vignesh.nair.399@example.com,Bengaluru,25 to 29,community,true,false,S2,free,,,Adviser 06,10 to 25 lakhs,5 to 25 lakhs,"More than 40%, I live well below my means",Freedom,2026-09-11,2026-09-12,,,,,,,,2026-09-19,20,not_started,,not_started,,,,,,,,,off,,62,https://spiffler33.github.io/yeslyf-wireframes/admin_wireframes.html?run=3000&screen=M03&person=P02694,false
P02696,Arjun,Khanna,9000037899,arjun.khanna.303@example.com,Gurugram,30 to 34,community,true,false,S5,diy,diy,active,Adviser 02,50 lakhs to 1 crore,25 lakhs to 1 crore,"More than 40%, I live well below my means",Family,2026-09-10,2026-09-10,2026-09-11,2026-09-18,,,,,2026-12-10,2026-09-19,95,verified (address typed),partial,in_progress,not_started,,,2026-12-10,yes,0,2026-09-18T09:21:37+05:30,,off,,98,https://spiffler33.github.io/yeslyf-wireframes/admin_wireframes.html?run=3000&screen=M03&person=P02696,false
P02697,Suresh,Murthy,9000091070,,Bengaluru,35 to 39,organic,false,false,S1,free,,,Adviser 01,25 to 50 lakhs,25 lakhs to 1 crore,"More than 40%, I live well below my means",,2026-09-09,,,,,,,,,2026-09-10,0,not_started,,not_started,,,,,,,,,off,,44,https://spiffler33.github.io/yeslyf-wireframes/admin_wireframes.html?run=3000&screen=M03&person=P02697,false
P02698,Yogesh,Patil,9000047184,,Mumbai,25 to 29,corporate_session,true,false,S2,free,,,Adviser 03,10 to 25 lakhs,25 lakhs to 1 crore,"More than 40%, I live well below my means",Security,2026-09-09,2026-09-10,,,,,,,,2026-09-13,20,not_started,,not_started,,,,,,,,,off,,62,https://spiffler33.github.io/yeslyf-wireframes/admin_wireframes.html?run=3000&screen=M03&person=P02698,false
P02699,Mansi,Shah,9000035433,,Ahmedabad,30 to 34,corporate_session,false,false,S1,free,,,Adviser 01,10 to 25 lakhs,5 to 25 lakhs,"More than 40%, I live well below my means",,2026-09-10,,,,,,,,,2026-09-10,0,not_started,,not_started,,,,,,,,,off,,50,https://spiffler33.github.io/yeslyf-wireframes/admin_wireframes.html?run=3000&screen=M03&person=P02699,false
P02701,Devika,Jain,9000072984,devika.jain.258@example.com,Bengaluru,30 to 34,community,true,true,S2,free,,,Adviser 05,10 to 25 lakhs,5 to 25 lakhs,"More than 40%, I live well below my means",Family,2026-09-10,2026-09-10,,,,,,,,2026-09-17,20,not_started,,not_started,,,,,,,,,off,,62,https://spiffler33.github.io/yeslyf-wireframes/admin_wireframes.html?run=3000&screen=M03&person=P02701,false
P02704,Tanmoy,Saha,9000003121,,Kolkata,25 to 29,corporate_session,false,false,S2,free,,,Adviser 02,10 to 25 lakhs,5 to 25 lakhs,"More than 40%, I live well below my means",Freedom,2026-09-13,2026-09-13,,,,,,,,2026-09-14,20,not_started,,not_started,,,,,,,,,off,,62,https://spiffler33.github.io/yeslyf-wireframes/admin_wireframes.html?run=3000&screen=M03&person=P02704,false
P02705,Vaibhav,Sawant,9000013203,,Mumbai,25 to 29,community,true,false,S2,free,,,Adviser 03,25 to 50 lakhs,25 lakhs to 1 crore,"More than 40%, I live well below my means",Family,2026-09-08,2026-09-09,,,,,,,,2026-09-12,20,not_started,,not_started,,,,,,,,,off,,62,https://spiffler33.github.io/yeslyf-wireframes/admin_wireframes.html?run=3000&screen=M03&person=P02705,false
P02707,Tanmoy,Dutta,9000062023,,Bengaluru,25 to 29,corporate_session,true,false,S2,free,,,Adviser 05,25 to 50 lakhs,5 to 25 lakhs,"Around 25%, meaningful amounts",Freedom,2026-09-09,2026-09-09,,,,,,,,2026-09-13,20,not_started,,not_started,,,,,,,,,off,,62,https://spiffler33.github.io/yeslyf-wireframes/admin_wireframes.html?run=3000&screen=M03&person=P02707,false
P02708,Nishant,Chitale,9000018029,nishant.chitale.736@example.com,Mumbai,35 to 39,community,true,false,S1,free,,,Adviser 01,50 lakhs to 1 crore,25 lakhs to 1 crore,"Around 40%, some serious money",,2026-09-20,,,,,,,,,2026-09-21,0,not_started,,not_started,,,,,,,,,off,,50,https://spiffler33.github.io/yeslyf-wireframes/admin_wireframes.html?run=3000&screen=M03&person=P02708,false
P02710,Divya,Bansal,9000023609,divya.bansal.307@example.com,Delhi,40 to 44,web_reveal,false,true,S5,diy,diy,active,Adviser 02,50 lakhs to 1 crore,1 to 5 crores,"More than 40%, I live well below my means",Legacy,2026-09-12,2026-09-12,2026-09-13,2026-09-20,,,,,2026-10-13,2026-09-21,95,verified,connected,in_progress,not_started,,,2026-12-14,yes,0,2026-09-20T07:34:11+05:30,rule,off,,100,https://spiffler33.github.io/yeslyf-wireframes/admin_wireframes.html?run=3000&screen=M03&person=P02710,false
P02711,Nandini,Rajan,9000065796,nandini.rajan.615@example.com,Chennai,25 to 29,community,true,false,S2,free,,,Adviser 03,10 to 25 lakhs,5 to 25 lakhs,"More than 40%, I live well below my means",Family,2026-09-11,2026-09-12,,,,,,,,2026-09-19,20,not_started,,not_started,,,,,,,,,off,,62,https://spiffler33.github.io/yeslyf-wireframes/admin_wireframes.html?run=3000&screen=M03&person=P02711,false
P02714,Shruti,Chitale,9000091416,,Mumbai,25 to 29,corporate_session,true,false,S2,free,,,Adviser 04,25 to 50 lakhs,1 to 5 crores,"More than 40%, I live well below my means",Freedom,2026-09-13,2026-09-13,,,,,,,,2026-09-16,20,not_started,,not_started,,,,,,,,,off,,62,https://spiffler33.github.io/yeslyf-wireframes/admin_wireframes.html?run=3000&screen=M03&person=P02714,false
P02715,Dhruv,Shinde,9000004071,,Mumbai,30 to 34,community,true,false,S1,free,,,Adviser 01,25 to 50 lakhs,25 lakhs to 1 crore,"More than 40%, I live well below my means",,2026-09-10,,,,,,,,,2026-09-11,0,not_started,,not_started,,,,,,,,,off,,50,https://spiffler33.github.io/yeslyf-wireframes/admin_wireframes.html?run=3000&screen=M03&person=P02715,false
P02716,Kabir,Srivastava,9000041467,kabir.srivastava.283@example.com,Noida,30 to 34,community,true,false,S2,free,,,Adviser 04,10 to 25 lakhs,5 to 25 lakhs,"Around 25%, meaningful amounts",Legacy,2026-09-14,2026-09-14,,,,,,,,2026-09-21,20,not_started,,not_started,,,,,,,,,off,,62,https://spiffler33.github.io/yeslyf-wireframes/admin_wireframes.html?run=3000&screen=M03&person=P02716,false
P02719,Arjun,Kapoor,9000020870,,Lucknow,30 to 34,community,true,false,S2,free,,,Adviser 01,25 to 50 lakhs,25 lakhs to 1 crore,"More than 40%, I live well below my means",Family,2026-09-18,2026-09-18,,,,,,,,2026-09-21,20,not_started,,not_started,,,,,,,,,off,,62,https://spiffler33.github.io/yeslyf-wireframes/admin_wireframes.html?run=3000&screen=M03&person=P02719,false
P02721,Aravind,Menon,9000058631,,Hyderabad,40 to 44,referral,true,false,S2,free,,,Adviser 01,10 to 25 lakhs,5 to 25 lakhs,"Around 25%, meaningful amounts",Family,2026-09-11,2026-09-11,,,,,,,,2026-09-15,20,not_started,,not_started,,,,,,,,,off,,62,https://spiffler33.github.io/yeslyf-wireframes/admin_wireframes.html?run=3000&screen=M03&person=P02721,false
P02722,Yash,Bedi,9000081599,yash.bedi.199@example.com,Ahmedabad,30 to 34,web_reveal,true,false,S2,free,,,Adviser 03,10 to 25 lakhs,5 to 25 lakhs,"Around 25%, meaningful amounts",Generosity,2026-09-11,2026-09-11,,,,,,,,2026-09-18,20,not_started,,not_started,,,,,,,,,off,,62,https://spiffler33.github.io/yeslyf-wireframes/admin_wireframes.html?run=3000&screen=M03&person=P02722,false
P02724,Pranali,Shah,9000083712,,Mumbai,25 to 29,organic,false,false,S1,free,,,Adviser 04,,,,,2026-09-09,,,,,,,,,2026-09-10,0,not_started,,not_started,,,,,,,,,off,,25,https://spiffler33.github.io/yeslyf-wireframes/admin_wireframes.html?run=3000&screen=M03&person=P02724,false
P02725,Varsha,Pai,9000077820,,Hyderabad,35 to 39,community,true,false,S1,free,,,Adviser 04,,,,,2026-09-10,,,,,,,,,2026-09-11,0,not_started,,not_started,,,,,,,,,off,,19,https://spiffler33.github.io/yeslyf-wireframes/admin_wireframes.html?run=3000&screen=M03&person=P02725,false
P02726,Heena,Desai,9000092309,heena.desai.765@example.com,Mumbai,30 to 34,web_reveal,false,false,S2,free,,,Adviser 06,10 to 25 lakhs,5 to 25 lakhs,"More than 40%, I live well below my means",Freedom,2026-09-10,2026-09-10,,,,,,,,2026-09-17,20,not_started,,not_started,,,,,,,,,off,,62,https://spiffler33.github.io/yeslyf-wireframes/admin_wireframes.html?run=3000&screen=M03&person=P02726,false
P02729,Rajiv,Subramanian,9000086134,,Chennai,35 to 39,organic,true,false,S2,free,,,Adviser 06,10 to 25 lakhs,1 to 5 crores,"More than 40%, I live well below my means",Legacy,2026-09-11,2026-09-11,,,,,,,,2026-09-15,20,not_started,,not_started,,,,,,,,,off,,62,https://spiffler33.github.io/yeslyf-wireframes/admin_wireframes.html?run=3000&screen=M03&person=P02729,false
P02734,Nithya,Shetty,9000071414,nithya.shetty.760@example.com,Chennai,35 to 39,community,true,false,S2,free,,,Adviser 05,10 to 25 lakhs,25 lakhs to 1 crore,"More than 40%, I live well below my means",Family,2026-09-10,2026-09-10,,,,,,,,2026-09-17,20,not_started,,not_started,,,,,,,,,off,,62,https://spiffler33.github.io/yeslyf-wireframes/admin_wireframes.html?run=3000&screen=M03&person=P02734,false
P02736,Lakshmi,Raman,9000031073,lakshmi.raman.316@example.com,Hyderabad,25 to 29,community,true,false,S4,diy,diy,active,Adviser 02,Under 10 lakhs,5 to 25 lakhs,"Around 25%, meaningful amounts",Freedom,2026-09-12,2026-09-13,2026-09-15,,,,,,2026-12-14,2026-09-21,29,verified,partial,in_progress,not_started,,,2026-12-16,no,0,2026-09-17T22:52:25+05:30,,off,,61,https://spiffler33.github.io/yeslyf-wireframes/admin_wireframes.html?run=3000&screen=M03&person=P02736,false
P02737,Gayathri,Pai,9000013547,,Chennai,35 to 39,corporate_session,true,false,S2,free,,,Adviser 02,25 to 50 lakhs,25 lakhs to 1 crore,"More than 40%, I live well below my means",Legacy,2026-09-12,2026-09-12,,,,,,,,2026-09-15,20,not_started,,not_started,,,,,,,,,off,,62,https://spiffler33.github.io/yeslyf-wireframes/admin_wireframes.html?run=3000&screen=M03&person=P02737,false
P02739,Siddharth,Deshmukh,9000094764,,Pune,30 to 34,community,true,false,S1,free,,,Adviser 06,,,,,2026-09-11,,,,,,,,,2026-09-12,0,not_started,,not_started,,,,,,,,,off,,25,https://spiffler33.github.io/yeslyf-wireframes/admin_wireframes.html?run=3000&screen=M03&person=P02739,false
P02741,Ayesha,Mishra,9000098651,,Delhi,30 to 34,organic,true,false,S2,free,,,Adviser 05,10 to 25 lakhs,5 to 25 lakhs,"Around 40%, some serious money",Legacy,2026-09-12,2026-09-12,,,,,,,,2026-09-16,20,not_started,,not_started,,,,,,,,,off,,62,https://spiffler33.github.io/yeslyf-wireframes/admin_wireframes.html?run=3000&screen=M03&person=P02741,false
P02749,Ananya,Sen,9000020515,,Kolkata,25 to 29,referral,true,false,S2,free,,,Adviser 04,25 to 50 lakhs,5 to 25 lakhs,"More than 40%, I live well below my means",Freedom,2026-09-11,2026-09-11,,,,,,,,2026-09-15,20,not_started,,not_started,,,,,,,,,off,,62,https://spiffler33.github.io/yeslyf-wireframes/admin_wireframes.html?run=3000&screen=M03&person=P02749,false
P02750,Moumita,Chakraborty,9000009459,moumita.chakraborty.284@example.com,Bengaluru,30 to 34,community,true,false,S4,diwm,diwm,active,Adviser 05,10 to 25 lakhs,5 to 25 lakhs,"Around 40%, some serious money",Security,2026-09-13,2026-09-14,2026-09-14,,,,,,2026-12-13,2026-09-21,70,verified,connected,in_progress,not_started,,,2026-12-14,no,0,2026-09-17T22:26:15+05:30,,off,,88,https://spiffler33.github.io/yeslyf-wireframes/admin_wireframes.html?run=3000&screen=M03&person=P02750,false
P02751,Hetal,Joshi,9000027706,hetal.joshi.372@example.com,Mumbai,30 to 34,organic,false,false,S4,diy,diy,active,Adviser 05,25 to 50 lakhs,25 lakhs to 1 crore,"More than 40%, I live well below my means",Freedom,2026-09-13,2026-09-13,2026-09-16,,,,2026-09-20,,2026-12-15,2026-09-21,31,verified,partial,in_progress,not_started,,,2026-12-15,no,0,2026-09-17T00:36:52+05:30,,off,Adviser 03,49,https://spiffler33.github.io/yeslyf-wireframes/admin_wireframes.html?run=3000&screen=M03&person=P02751,false
P02754,Yogesh,Jadhav,9000074558,yogesh.jadhav.115@example.com,Mumbai,25 to 29,community,true,true,S1,free,,,Adviser 04,25 to 50 lakhs,,,,2026-09-17,,,,,,,,,2026-09-17,0,not_started,,not_started,,,,,,,,,off,,31,https://spiffler33.github.io/yeslyf-wireframes/admin_wireframes.html?run=3000&screen=M03&person=P02754,false
P02755,Rahul,Mishra,9000023117,,Jaipur,35 to 39,corporate_session,true,false,S2,free,,,Adviser 05,10 to 25 lakhs,25 lakhs to 1 crore,"More than 40%, I live well below my means",Freedom,2026-09-12,2026-09-12,,,,,,,,2026-09-15,20,not_started,,not_started,,,,,,,,,off,,62,https://spiffler33.github.io/yeslyf-wireframes/admin_wireframes.html?run=3000&screen=M03&person=P02755,false
P02756,Yogesh,Mehta,9000016873,yogesh.mehta.777@example.com,Pune,40 to 44,web_reveal,true,false,S1,free,,,Adviser 04,,,,,2026-09-14,,,,,,,,,2026-09-15,0,not_started,,not_started,,,,,,,,,off,,19,https://spiffler33.github.io/yeslyf-wireframes/admin_wireframes.html?run=3000&screen=M03&person=P02756,false
P02758,Janani,Rao,9000089530,janani.rao.711@example.com,Bengaluru,25 to 29,web_reveal,true,false,S2,free,,,Adviser 04,10 to 25 lakhs,5 to 25 lakhs,"More than 40%, I live well below my means",Freedom,2026-09-12,2026-09-13,,,,,,,,2026-09-20,20,not_started,,not_started,,,,,,,,,off,,62,https://spiffler33.github.io/yeslyf-wireframes/admin_wireframes.html?run=3000&screen=M03&person=P02758,false
P02761,Nandini,Rajan,9000065931,nandini.rajan.230@example.com,Chennai,35 to 39,community,true,false,S2,free,,,Adviser 01,50 lakhs to 1 crore,1 to 5 crores,"Around 40%, some serious money",Family,2026-09-12,2026-09-12,,,,,,,,2026-09-19,20,not_started,,not_started,,,,,,,,,off,,62,https://spiffler33.github.io/yeslyf-wireframes/admin_wireframes.html?run=3000&screen=M03&person=P02761,false
P02762,Bhavin,Shinde,9000016991,,Pune,30 to 34,corporate_session,true,true,S2,free,,,Adviser 02,10 to 25 lakhs,25 lakhs to 1 crore,"More than 40%, I live well below my means",Legacy,2026-09-11,2026-09-11,,,,,,,,2026-09-12,20,not_started,,not_started,,,,,,,,,off,,62,https://spiffler33.github.io/yeslyf-wireframes/admin_wireframes.html?run=3000&screen=M03&person=P02762,false
P02763,Madhura,Jain,9000075595,,Hyderabad,35 to 39,community,true,true,S2,free,,,Adviser 03,25 to 50 lakhs,1 to 5 crores,"Around 25%, meaningful amounts",Freedom,2026-09-20,2026-09-20,,,,,,,,2026-09-21,20,not_started,,not_started,,,,,,,,,off,,62,https://spiffler33.github.io/yeslyf-wireframes/admin_wireframes.html?run=3000&screen=M03&person=P02763,false
P02764,Nidhi,Pawar,9000055613,,Pune,25 to 29,organic,true,false,S1,free,,,Adviser 06,,,,,2026-09-16,,,,,,,,,2026-09-17,0,not_started,,not_started,,,,,,,,,off,,19,https://spiffler33.github.io/yeslyf-wireframes/admin_wireframes.html?run=3000&screen=M03&person=P02764,false
P02765,Tejas,Gokhale,9000013374,tejas.gokhale.266@example.com,Pune,30 to 34,community,true,false,S2,free,,,Adviser 06,10 to 25 lakhs,25 lakhs to 1 crore,"Around 40%, some serious money",Freedom,2026-09-15,2026-09-15,,,,,,,,2026-09-22,20,not_started,,not_started,,,,,,,,,off,,62,https://spiffler33.github.io/yeslyf-wireframes/admin_wireframes.html?run=3000&screen=M03&person=P02765,false
P02767,Vidya,Iyengar,9000086354,,Hyderabad,35 to 39,referral,true,true,S1,free,,,Adviser 01,,,,,2026-09-12,,,,,,,,,2026-09-13,0,not_started,,not_started,,,,,,,,,off,,19,https://spiffler33.github.io/yeslyf-wireframes/admin_wireframes.html?run=3000&screen=M03&person=P02767,false
P02768,Sagar,Mehta,9000035329,sagar.mehta.458@example.com,Mumbai,30 to 34,organic,false,false,S17,diy,diy,active,Adviser 05,25 to 50 lakhs,25 lakhs to 1 crore,"More than 40%, I live well below my means",Legacy,2026-09-11,2026-09-11,2026-09-17,,,,,,2026-10-17,2026-09-22,29,verified,not_connected,in_progress,not_started,,,,no,0,2026-09-19T02:00:10+05:30,,off,,54,https://spiffler33.github.io/yeslyf-wireframes/admin_wireframes.html?run=3000&screen=M03&person=P02768,false
P02769,Bhavin,Kulkarni,9000092243,bhavin.kulkarni.120@example.com,Mumbai,35 to 39,community,true,false,S1,free,,,Adviser 06,10 to 25 lakhs,5 to 25 lakhs,"Around 25%, meaningful amounts",,2026-09-12,,,,,,,,,2026-09-13,0,not_started,,not_started,,,,,,,,,off,,50,https://spiffler33.github.io/yeslyf-wireframes/admin_wireframes.html?run=3000&screen=M03&person=P02769,false
P02772,Sudipta,Sen,9000075740,,Noida,25 to 29,corporate_session,true,false,S2,free,,,Adviser 03,10 to 25 lakhs,5 to 25 lakhs,"More than 40%, I live well below my means",Freedom,2026-09-21,2026-09-21,,,,,,,,2026-09-22,20,not_started,,not_started,,,,,,,,,off,,62,https://spiffler33.github.io/yeslyf-wireframes/admin_wireframes.html?run=3000&screen=M03&person=P02772,false
P02773,Madhura,Patel,9000028121,madhura.patel.709@example.com,Mumbai,25 to 29,web_reveal,false,false,S1,free,,,Adviser 05,,,,,2026-09-15,,,,,,,,,2026-09-15,0,not_started,,not_started,,,,,,,,,off,,12,https://spiffler33.github.io/yeslyf-wireframes/admin_wireframes.html?run=3000&screen=M03&person=P02773,false
P02775,Nandini,Iyer,9000068975,,Bengaluru,30 to 34,community,true,false,S2,free,,,Adviser 03,10 to 25 lakhs,5 to 25 lakhs,"Around 25%, meaningful amounts",Freedom,2026-09-12,2026-09-12,,,,,,,,2026-09-15,20,not_started,,not_started,,,,,,,,,off,,62,https://spiffler33.github.io/yeslyf-wireframes/admin_wireframes.html?run=3000&screen=M03&person=P02775,false
P02778,Lakshmi,Iyer,9000037795,,Bengaluru,25 to 29,corporate_session,true,true,S2,free,,,Adviser 06,10 to 25 lakhs,5 to 25 lakhs,"More than 40%, I live well below my means",Freedom,2026-09-15,2026-09-16,,,,,,,,2026-09-17,20,not_started,,not_started,,,,,,,,,off,,62,https://spiffler33.github.io/yeslyf-wireframes/admin_wireframes.html?run=3000&screen=M03&person=P02778,false
P02780,Priya,Chauhan,9000011321,priya.chauhan.337@example.com,Gurugram,30 to 34,community,true,false,S4,diwm,diwm,active,Adviser 06,25 to 50 lakhs,25 lakhs to 1 crore,"Around 25%, meaningful amounts",Family,2026-09-14,2026-09-14,2026-09-15,,,,,,2026-12-14,2026-09-21,70,verified,connected,in_progress,not_started,,,2026-12-15,no,0,2026-09-18T20:49:22+05:30,,off,,88,https://spiffler33.github.io/yeslyf-wireframes/admin_wireframes.html?run=3000&screen=M03&person=P02780,false
P02781,Saloni,Patil,9000069341,saloni.patil.389@example.com,Hyderabad,35 to 39,web_reveal,false,false,S2,free,,,Adviser 02,50 lakhs to 1 crore,1 to 5 crores,"More than 40%, I live well below my means",Freedom,2026-09-18,2026-09-18,,,,,,,,2026-09-19,20,not_started,,not_started,,,,,,,,,off,,62,https://spiffler33.github.io/yeslyf-wireframes/admin_wireframes.html?run=3000&screen=M03&person=P02781,false
P02782,Priya,Mishra,9000020779,priya.mishra.225@example.com,Noida,30 to 34,community,true,false,S2,free,,,Adviser 03,10 to 25 lakhs,25 lakhs to 1 crore,"Around 40%, some serious money",Freedom,2026-09-14,2026-09-14,,,,,,,,2026-09-21,20,not_started,,not_started,,,,,,,,,off,,62,https://spiffler33.github.io/yeslyf-wireframes/admin_wireframes.html?run=3000&screen=M03&person=P02782,false
P02785,Rohan,Gill,9000010356,rohan.gill.466@example.com,Gurugram,40 to 44,corporate_session,false,false,S24,diwm,diwm,cancelled,Adviser 01,25 to 50 lakhs,25 lakhs to 1 crore,"Around 25%, meaningful amounts",Legacy,2026-09-13,2026-09-13,2026-09-16,2026-09-20,2026-09-20,,,2026-12-19,,2026-09-22,100,verified,partial,built,ready,0,4,2026-12-16,yes,0,2026-09-20T08:02:10+05:30,,off,,100,https://spiffler33.github.io/yeslyf-wireframes/admin_wireframes.html?run=3000&screen=M03&person=P02785,false
P02786,Rohit,Joshi,9000034363,rohit.joshi.842@example.com,Kolkata,40 to 44,community,true,false,S1,free,,,Adviser 06,,,,,2026-09-13,,,,,,,,,2026-09-14,0,not_started,,not_started,,,,,,,,,off,,19,https://spiffler33.github.io/yeslyf-wireframes/admin_wireframes.html?run=3000&screen=M03&person=P02786,false
P02787,Janani,Natarajan,9000091611,janani.natarajan.326@example.com,Hyderabad,35 to 39,organic,false,false,S4,diy,diy,active,Adviser 05,25 to 50 lakhs,25 lakhs to 1 crore,"More than 40%, I live well below my means",Security,2026-09-16,2026-09-18,2026-09-18,,,,,,2026-10-18,2026-09-22,43,verified,connected,in_progress,not_started,,,2026-12-17,no,0,2026-09-21T09:47:58+05:30,,off,,56,https://spiffler33.github.io/yeslyf-wireframes/admin_wireframes.html?run=3000&screen=M03&person=P02787,false
P02788,Kunal,Deshmukh,9000068932,kunal.deshmukh.381@example.com,Ahmedabad,30 to 34,web_reveal,true,false,S2,free,,,Adviser 02,10 to 25 lakhs,5 to 25 lakhs,"Around 25%, meaningful amounts",Family,2026-09-17,2026-09-17,,,,,,,,2026-09-20,20,not_started,,not_started,,,,,,,,,off,,62,https://spiffler33.github.io/yeslyf-wireframes/admin_wireframes.html?run=3000&screen=M03&person=P02788,false
P02789,Pooja,Bansal,9000010016,,Gurugram,30 to 34,organic,false,false,S1,free,,,Adviser 06,,,,,2026-09-12,,,,,,,,,2026-09-12,0,not_started,,not_started,,,,,,,,,off,,12,https://spiffler33.github.io/yeslyf-wireframes/admin_wireframes.html?run=3000&screen=M03&person=P02789,false
P02790,Gauri,Shinde,9000038395,,Pune,30 to 34,community,true,false,S2,free,,,Adviser 02,25 to 50 lakhs,25 lakhs to 1 crore,"More than 40%, I live well below my means",Freedom,2026-09-15,2026-09-15,,,,,,,,2026-09-18,20,not_started,,not_started,,,,,,,,,off,,62,https://spiffler33.github.io/yeslyf-wireframes/admin_wireframes.html?run=3000&screen=M03&person=P02790,false
P02792,Rajiv,Gowda,9000064036,,Chennai,45 and over,community,false,false,S2,free,,,Adviser 03,10 to 25 lakhs,25 lakhs to 1 crore,"More than 40%, I live well below my means",Family,2026-09-15,2026-09-16,,,,,,,,2026-09-17,20,not_started,,not_started,,,,,,,,,off,,62,https://spiffler33.github.io/yeslyf-wireframes/admin_wireframes.html?run=3000&screen=M03&person=P02792,false
P02793,Pooja,Sharma,9000062511,,Gurugram,35 to 39,corporate_session,true,false,S1,free,,,Adviser 03,10 to 25 lakhs,25 lakhs to 1 crore,"Around 40%, some serious money",,2026-09-13,,,,,,,,,2026-09-14,0,not_started,,not_started,,,,,,,,,off,,44,https://spiffler33.github.io/yeslyf-wireframes/admin_wireframes.html?run=3000&screen=M03&person=P02793,false
P02794,Gayathri,Rao,9000035448,gayathri.rao.277@example.com,Visakhapatnam,35 to 39,web_reveal,true,false,S3,diy,diy,active,Adviser 02,10 to 25 lakhs,25 lakhs to 1 crore,"More than 40%, I live well below my means",Generosity,2026-09-15,2026-09-16,2026-09-16,,,,,,2026-10-16,2026-09-20,20,verified,,not_started,not_started,,,,no,0,,,off,,44,https://spiffler33.github.io/yeslyf-wireframes/admin_wireframes.html?run=3000&screen=M03&person=P02794,false
P02797,Riddhi,Pawar,9000042691,riddhi.pawar.293@example.com,Ahmedabad,30 to 34,web_reveal,true,false,S2,free,,,Adviser 03,10 to 25 lakhs,25 lakhs to 1 crore,"Around 40%, some serious money",Legacy,2026-09-15,2026-09-15,,,,,,,,2026-09-22,20,not_started,,not_started,,,,,,,,,off,,62,https://spiffler33.github.io/yeslyf-wireframes/admin_wireframes.html?run=3000&screen=M03&person=P02797,false
P02800,Saloni,Joshi,9000035682,,Mumbai,30 to 34,community,true,false,S1,free,,,Adviser 02,25 to 50 lakhs,25 lakhs to 1 crore,"More than 40%, I live well below my means",,2026-09-20,,,,,,,,,2026-09-21,0,not_started,,not_started,,,,,,,,,off,,50,https://spiffler33.github.io/yeslyf-wireframes/admin_wireframes.html?run=3000&screen=M03&person=P02800,false
P02802,Naveen,Reddy,9000048721,naveen.reddy.577@example.com,Bengaluru,25 to 29,web_reveal,true,false,S2,free,,,Adviser 01,10 to 25 lakhs,5 to 25 lakhs,"Around 40%, some serious money",Freedom,2026-09-14,2026-09-14,,,,,,,,2026-09-21,20,not_started,,not_started,,,,,,,,,off,,62,https://spiffler33.github.io/yeslyf-wireframes/admin_wireframes.html?run=3000&screen=M03&person=P02802,false
P02803,Aniket,Patil,9000057727,aniket.patil.344@example.com,Mumbai,25 to 29,web_reveal,true,false,S3,diy,diy,active,Adviser 04,10 to 25 lakhs,5 to 25 lakhs,"Around 40%, some serious money",Family,2026-09-13,2026-09-13,2026-09-21,,,,,,2026-10-21,2026-09-22,20,verified,failed,not_started,not_started,,,,no,0,,,off,,52,https://spiffler33.github.io/yeslyf-wireframes/admin_wireframes.html?run=3000&screen=M03&person=P02803,false
P02804,Sowmya,Natarajan,9000041880,,Chennai,30 to 34,corporate_session,true,false,S2,free,,,Adviser 06,25 to 50 lakhs,25 lakhs to 1 crore,"Around 25%, meaningful amounts",Security,2026-09-13,2026-09-13,,,,,,,,2026-09-17,20,not_started,,not_started,,,,,,,,,off,,62,https://spiffler33.github.io/yeslyf-wireframes/admin_wireframes.html?run=3000&screen=M03&person=P02804,false
P02806,Vishnu,Srinivasan,9000037760,vishnu.srinivasan.994@example.com,Hyderabad,35 to 39,web_reveal,true,false,S1,free,,,Adviser 01,,,,,2026-09-17,,,,,,,,,2026-09-18,0,not_started,,not_started,,,,,,,,,off,,12,https://spiffler33.github.io/yeslyf-wireframes/admin_wireframes.html?run=3000&screen=M03&person=P02806,false
P02807,Vishnu,Pillai,9000061707,vishnu.pillai.346@example.com,Bengaluru,30 to 34,community,true,false,S3,diy,diy,pending_mandate,Adviser 06,25 to 50 lakhs,25 lakhs to 1 crore,"More than 40%, I live well below my means",Freedom,2026-09-15,2026-09-15,2026-09-22,,,,,,,2026-09-22,20,verified,,not_started,not_started,,,,no,0,,,off,,44,https://spiffler33.github.io/yeslyf-wireframes/admin_wireframes.html?run=3000&screen=M03&person=P02807,false
P02808,Shreyasi,Pradhan,9000097019,shreyasi.pradhan.423@example.com,Kolkata,35 to 39,community,true,false,S17,diwm,diwm,active,Adviser 06,10 to 25 lakhs,5 to 25 lakhs,"More than 40%, I live well below my means",Family,2026-09-19,2026-09-19,2026-09-22,,,,,,2026-12-21,2026-09-22,20,verified,not_connected,not_started,not_started,,,,no,0,,,off,,48,https://spiffler33.github.io/yeslyf-wireframes/admin_wireframes.html?run=3000&screen=M03&person=P02808,false
P02810,Sakshi,Agarwal,9000044067,sakshi.agarwal.176@example.com,Gurugram,35 to 39,community,true,false,S2,free,,,Adviser 01,25 to 50 lakhs,25 lakhs to 1 crore,"Around 25%, meaningful amounts",Generosity,2026-09-14,2026-09-14,,,,,,,,2026-09-21,20,not_started,,not_started,,,,,,,,,off,,62,https://spiffler33.github.io/yeslyf-wireframes/admin_wireframes.html?run=3000&screen=M03&person=P02810,false
P02811,Sowmya,Balakrishnan,9000048340,,Bengaluru,35 to 39,referral,true,false,S2,free,,,Adviser 04,10 to 25 lakhs,25 lakhs to 1 crore,"Around 40%, some serious money",Security,2026-09-14,2026-09-16,,,,,,,,2026-09-19,20,not_started,,not_started,,,,,,,,,off,,62,https://spiffler33.github.io/yeslyf-wireframes/admin_wireframes.html?run=3000&screen=M03&person=P02811,false
P02814,Jasleen,Verma,9000076059,jasleen.verma.826@example.com,Delhi,35 to 39,web_reveal,false,false,S2,free,,,Adviser 02,Over 1 crore,Over 5 crores,"More than 40%, I live well below my means",Legacy,2026-09-14,2026-09-14,,,,,,,,2026-09-21,20,not_started,,not_started,,,,,,,,,off,,62,https://spiffler33.github.io/yeslyf-wireframes/admin_wireframes.html?run=3000&screen=M03&person=P02814,false
P02818,Simran,Khanna,9000010517,,Delhi,35 to 39,community,true,false,S1,free,,,Adviser 05,,,,,2026-09-20,,,,,,,,,2026-09-21,0,not_started,,not_started,,,,,,,,,off,,19,https://spiffler33.github.io/yeslyf-wireframes/admin_wireframes.html?run=3000&screen=M03&person=P02818,false
P02820,Neha,Agarwal,9000089301,,Gurugram,35 to 39,community,false,false,S2,free,,,Adviser 05,25 to 50 lakhs,25 lakhs to 1 crore,"Around 25%, meaningful amounts",Generosity,2026-09-20,2026-09-20,,,,,,,,2026-09-21,20,not_started,,not_started,,,,,,,,,off,,62,https://spiffler33.github.io/yeslyf-wireframes/admin_wireframes.html?run=3000&screen=M03&person=P02820,false
P02821,Rajarshi,Sahoo,9000011718,rajarshi.sahoo.324@example.com,Kolkata,25 to 29,organic,true,false,S4,diwm,diwm,active,Adviser 04,10 to 25 lakhs,Under 5 lakhs,"More than 40%, I live well below my means",Family,2026-09-15,2026-09-15,2026-09-15,,,,,,2026-10-15,2026-09-21,67,verified,connected,in_progress,not_started,,,2026-12-14,no,0,2026-09-19T02:54:02+05:30,,off,,89,https://spiffler33.github.io/yeslyf-wireframes/admin_wireframes.html?run=3000&screen=M03&person=P02821,false
P02822,Janani,Reddy,9000009749,janani.reddy.271@example.com,Kolkata,35 to 39,community,true,false,S3,diy,diy,active,Adviser 04,25 to 50 lakhs,25 lakhs to 1 crore,"Around 40%, some serious money",Family,2026-09-15,2026-09-15,2026-09-16,,,,,,2026-12-15,2026-09-19,20,verified,cas_uploaded,not_started,not_started,,,,no,0,,,off,,44,https://spiffler33.github.io/yeslyf-wireframes/admin_wireframes.html?run=3000&screen=M03&person=P02822,false
P02823,Arun,Pai,9000041100,,Hyderabad,35 to 39,organic,true,false,S1,free,,,Adviser 01,,,,,2026-09-22,,,,,,,,,2026-09-22,0,not_started,,not_started,,,,,,,,,off,,19,https://spiffler33.github.io/yeslyf-wireframes/admin_wireframes.html?run=3000&screen=M03&person=P02823,false
P02824,Aakash,Saxena,9000010953,aakash.saxena.318@example.com,Delhi,40 to 44,referral,true,false,S4,diy,diy,pending_mandate,Adviser 05,50 lakhs to 1 crore,1 to 5 crores,"Around 40%, some serious money",Legacy,2026-09-16,2026-09-16,2026-09-21,,,,,,,2026-09-22,66,verified,connected,in_progress,not_started,,,2026-12-20,no,0,2026-09-22T04:56:08+05:30,,off,,78,https://spiffler33.github.io/yeslyf-wireframes/admin_wireframes.html?run=3000&screen=M03&person=P02824,false
P02825,Pranav,Bedi,9000049944,,Gurugram,35 to 39,corporate_session,true,false,S2,free,,,Adviser 01,25 to 50 lakhs,25 lakhs to 1 crore,"More than 40%, I live well below my means",Legacy,2026-09-14,2026-09-15,,,,,,,,2026-09-18,20,not_started,,not_started,,,,,,,,,off,,62,https://spiffler33.github.io/yeslyf-wireframes/admin_wireframes.html?run=3000&screen=M03&person=P02825,false
P02826,Ishaan,Srivastava,9000049451,,Gurugram,35 to 39,organic,true,false,S2,free,,,Adviser 04,50 lakhs to 1 crore,25 lakhs to 1 crore,"Around 40%, some serious money",Family,2026-09-19,2026-09-20,,,,,,,,2026-09-21,20,not_started,,not_started,,,,,,,,,off,,62,https://spiffler33.github.io/yeslyf-wireframes/admin_wireframes.html?run=3000&screen=M03&person=P02826,false
P02828,Hetal,Shah,9000056007,hetal.shah.386@example.com,Bengaluru,30 to 34,community,true,false,S2,free,,,Adviser 03,10 to 25 lakhs,5 to 25 lakhs,"More than 40%, I live well below my means",Family,2026-09-15,2026-09-15,,,,,,,,2026-09-19,20,not_started,,not_started,,,,,,,,,off,,62,https://spiffler33.github.io/yeslyf-wireframes/admin_wireframes.html?run=3000&screen=M03&person=P02828,false
P02829,Urvi,Vora,9000016912,urvi.vora.913@example.com,Pune,30 to 34,community,true,false,S1,free,,,Adviser 01,10 to 25 lakhs,25 lakhs to 1 crore,"Around 40%, some serious money",,2026-09-20,,,,,,,,,2026-09-21,0,not_started,,not_started,,,,,,,,,off,,44,https://spiffler33.github.io/yeslyf-wireframes/admin_wireframes.html?run=3000&screen=M03&person=P02829,false
P02830,Janani,Prasad,9000069619,janani.prasad.668@example.com,Bengaluru,25 to 29,web_reveal,false,false,S2,free,,,Adviser 01,10 to 25 lakhs,Under 5 lakhs,"Around 25%, meaningful amounts",Freedom,2026-09-15,2026-09-16,,,,,,,,2026-09-17,20,not_started,,not_started,,,,,,,,,off,,62,https://spiffler33.github.io/yeslyf-wireframes/admin_wireframes.html?run=3000&screen=M03&person=P02830,false
P02831,Swathi,Iyengar,9000010980,,Chennai,30 to 34,community,true,false,S1,free,,,Adviser 04,,,,,2026-09-16,,,,,,,,,2026-09-17,0,not_started,,not_started,,,,,,,,,off,,25,https://spiffler33.github.io/yeslyf-wireframes/admin_wireframes.html?run=3000&screen=M03&person=P02831,false
P02834,Ganesh,Iyer,9000022867,ganesh.iyer.689@example.com,Bengaluru,35 to 39,web_reveal,true,false,S1,free,,,Adviser 05,,,,,2026-09-18,,,,,,,,,2026-09-19,0,not_started,,not_started,,,,,,,,,off,,25,https://spiffler33.github.io/yeslyf-wireframes/admin_wireframes.html?run=3000&screen=M03&person=P02834,false
P02835,Nidhi,Apte,9000011794,,Pune,25 to 29,corporate_session,false,false,S2,free,,,Adviser 01,Under 10 lakhs,5 to 25 lakhs,"More than 40%, I live well below my means",Generosity,2026-09-13,2026-09-14,,,,,,,,2026-09-15,20,not_started,,not_started,,,,,,,,,off,,62,https://spiffler33.github.io/yeslyf-wireframes/admin_wireframes.html?run=3000&screen=M03&person=P02835,false
P02837,Hetal,Shah,9000078896,,Pune,30 to 34,organic,true,false,S2,free,,,Adviser 05,25 to 50 lakhs,25 lakhs to 1 crore,"More than 40%, I live well below my means",Freedom,2026-09-14,2026-09-15,,,,,,,,2026-09-18,20,not_started,,not_started,,,,,,,,,off,,62,https://spiffler33.github.io/yeslyf-wireframes/admin_wireframes.html?run=3000&screen=M03&person=P02837,false
P02839,Heena,Shah,9000058064,heena.shah.618@example.com,Mumbai,25 to 29,web_reveal,false,false,S24,diy,diy,cancelled,Adviser 06,25 to 50 lakhs,25 lakhs to 1 crore,"More than 40%, I live well below my means",Family,2026-09-18,2026-09-18,2026-09-19,,,,,,,2026-09-21,77,verified,connected,in_progress,not_started,,,2026-12-18,no,0,2026-09-21T01:08:56+05:30,,off,,88,https://spiffler33.github.io/yeslyf-wireframes/admin_wireframes.html?run=3000&screen=M03&person=P02839,false
P02843,Aravind,Hegde,9000033959,aravind.hegde.296@example.com,Chennai,35 to 39,community,true,false,S4,diwm,diwm,active,Adviser 03,10 to 25 lakhs,25 lakhs to 1 crore,"More than 40%, I live well below my means",Family,2026-09-17,2026-09-17,2026-09-20,,,,,,2026-12-19,2026-09-22,66,verified,cas_uploaded,in_progress,not_started,,,,no,0,2026-09-22T04:36:19+05:30,,off,,76,https://spiffler33.github.io/yeslyf-wireframes/admin_wireframes.html?run=3000&screen=M03&person=P02843,false
P02844,Shalini,Natarajan,9000064833,shalini.natarajan.101@example.com,Mumbai,30 to 34,community,true,false,S2,free,,,Adviser 02,10 to 25 lakhs,5 to 25 lakhs,"Around 40%, some serious money",Legacy,2026-09-16,2026-09-16,,,,,,,,2026-09-20,20,not_started,,not_started,,,,,,,,,off,,62,https://spiffler33.github.io/yeslyf-wireframes/admin_wireframes.html?run=3000&screen=M03&person=P02844,false
P02845,Harini,Pillai,9000001457,,Pune,30 to 34,community,true,false,S2,free,,,Adviser 05,10 to 25 lakhs,25 lakhs to 1 crore,"More than 40%, I live well below my means",Legacy,2026-09-14,2026-09-14,,,,,,,,2026-09-17,20,not_started,,not_started,,,,,,,,,off,,62,https://spiffler33.github.io/yeslyf-wireframes/admin_wireframes.html?run=3000&screen=M03&person=P02845,false
P02846,Anand,Murthy,9000006238,anand.murthy.364@example.com,Noida,30 to 34,web_reveal,false,false,S4,diy,diy,active,Adviser 05,10 to 25 lakhs,5 to 25 lakhs,"Around 40%, some serious money",Security,2026-09-16,2026-09-16,2026-09-16,,,,,,2026-10-16,2026-09-22,29,verified,cas_uploaded,in_progress,not_started,,,,no,0,2026-09-20T22:01:08+05:30,,off,,56,https://spiffler33.github.io/yeslyf-wireframes/admin_wireframes.html?run=3000&screen=M03&person=P02846,false
P02847,Sakshi,Rathore,9000092219,sakshi.rathore.420@example.com,Hyderabad,35 to 39,corporate_session,true,false,S17,diy,diy,active,Adviser 04,50 lakhs to 1 crore,1 to 5 crores,"More than 40%, I live well below my means",Legacy,2026-09-18,2026-09-18,2026-09-18,,,,,,2026-10-18,2026-09-22,20,verified,not_connected,not_started,not_started,,,,no,0,,,off,,47,https://spiffler33.github.io/yeslyf-wireframes/admin_wireframes.html?run=3000&screen=M03&person=P02847,false
P02850,Keerthana,Raman,9000013109,,Hyderabad,40 to 44,community,true,false,S1,free,,,Adviser 03,,,,,2026-09-14,,,,,,,,,2026-09-16,0,not_started,,not_started,,,,,,,,,off,,25,https://spiffler33.github.io/yeslyf-wireframes/admin_wireframes.html?run=3000&screen=M03&person=P02850,false
P02851,Soumya,Saha,9000049871,soumya.saha.733@example.com,Kolkata,30 to 34,web_reveal,true,false,S1,free,,,Adviser 01,10 to 25 lakhs,5 to 25 lakhs,"More than 40%, I live well below my means",,2026-09-18,,,,,,,,,2026-09-19,0,not_started,,not_started,,,,,,,,,off,,50,https://spiffler33.github.io/yeslyf-wireframes/admin_wireframes.html?run=3000&screen=M03&person=P02851,false
P02854,Vignesh,Subramanian,9000050605,,Hyderabad,35 to 39,organic,false,true,S2,free,,,Adviser 03,25 to 50 lakhs,5 to 25 lakhs,"More than 40%, I live well below my means",Family,2026-09-16,2026-09-16,,,,,,,,2026-09-17,20,not_started,,not_started,,,,,,,,,off,,62,https://spiffler33.github.io/yeslyf-wireframes/admin_wireframes.html?run=3000&screen=M03&person=P02854,false
P02855,Hardik,Thakkar,9000093919,hardik.thakkar.313@example.com,Mumbai,30 to 34,web_reveal,true,false,S2,free,,,Adviser 02,25 to 50 lakhs,25 lakhs to 1 crore,"More than 40%, I live well below my means",Security,2026-09-14,2026-09-14,,,,,,,,2026-09-22,20,not_started,,not_started,,,,,,,,,off,,62,https://spiffler33.github.io/yeslyf-wireframes/admin_wireframes.html?run=3000&screen=M03&person=P02855,false
P02856,Shreyasi,Mohanty,9000067874,,Pune,30 to 34,referral,true,false,S2,free,,,Adviser 06,25 to 50 lakhs,5 to 25 lakhs,"More than 40%, I live well below my means",Legacy,2026-09-21,2026-09-21,,,,,,,,2026-09-22,20,not_started,,not_started,,,,,,,,,off,,62,https://spiffler33.github.io/yeslyf-wireframes/admin_wireframes.html?run=3000&screen=M03&person=P02856,false
P02858,Amruta,Jadhav,9000051688,amruta.jadhav.532@example.com,Pune,30 to 34,community,true,true,S2,free,,,Adviser 02,10 to 25 lakhs,5 to 25 lakhs,"More than 40%, I live well below my means",Freedom,2026-09-14,2026-09-15,,,,,,,,2026-09-22,20,not_started,,not_started,,,,,,,,,off,,62,https://spiffler33.github.io/yeslyf-wireframes/admin_wireframes.html?run=3000&screen=M03&person=P02858,false
P02859,Nishant,Jadhav,9000091823,,Mumbai,25 to 29,corporate_session,true,false,S2,free,,,Adviser 03,25 to 50 lakhs,25 lakhs to 1 crore,"More than 40%, I live well below my means",Freedom,2026-09-18,2026-09-18,,,,,,,,2026-09-21,20,not_started,,not_started,,,,,,,,,off,,62,https://spiffler33.github.io/yeslyf-wireframes/admin_wireframes.html?run=3000&screen=M03&person=P02859,false
P02861,Tejas,Joshi,9000064308,tejas.joshi.442@example.com,Surat,30 to 34,web_reveal,true,false,S20,diwm,diwm,active,Adviser 01,10 to 25 lakhs,5 to 25 lakhs,"More than 40%, I live well below my means",Legacy,2026-09-15,2026-09-15,2026-09-18,,,,,,2026-10-18,2026-09-22,29,verified,connected,in_progress,not_started,,,2026-12-17,no,0,2026-09-18T22:05:53+05:30,,off,,53,https://spiffler33.github.io/yeslyf-wireframes/admin_wireframes.html?run=3000&screen=M03&person=P02861,false
P02862,Nikhil,Pandey,9000095801,nikhil.pandey.317@example.com,Lucknow,40 to 44,web_reveal,false,false,S4,diwm,diwm,active,Adviser 06,10 to 25 lakhs,25 lakhs to 1 crore,"Around 25%, meaningful amounts",Generosity,2026-09-14,2026-09-15,2026-09-15,,,,,,2026-10-15,2026-09-19,47,verified,connected,in_progress,not_started,,,2026-12-14,no,0,2026-09-19T11:25:50+05:30,,off,,62,https://spiffler33.github.io/yeslyf-wireframes/admin_wireframes.html?run=3000&screen=M03&person=P02862,false
P02865,Kabir,Khanna,9000045155,kabir.khanna.331@example.com,Delhi,40 to 44,community,true,false,S4,diwm,diwm,active,Adviser 01,Over 1 crore,1 to 5 crores,"More than 40%, I live well below my means",Legacy,2026-09-15,2026-09-16,2026-09-16,,,,,,2026-12-15,2026-09-20,51,verified,cas_uploaded,in_progress,not_started,,,,no,0,2026-09-17T13:30:41+05:30,,off,,65,https://spiffler33.github.io/yeslyf-wireframes/admin_wireframes.html?run=3000&screen=M03&person=P02865,false
P02869,Prachi,Naik,9000046948,,Pune,30 to 34,community,true,false,S2,free,,,Adviser 04,10 to 25 lakhs,25 lakhs to 1 crore,"Around 10%, small consistent chunks",Freedom,2026-09-15,2026-09-15,,,,,,,,2026-09-18,20,not_started,,not_started,,,,,,,,,off,,62,https://spiffler33.github.io/yeslyf-wireframes/admin_wireframes.html?run=3000&screen=M03&person=P02869,false
P02873,Rahul,Verma,9000091330,rahul.verma.304@example.com,Noida,30 to 34,community,true,false,S3,diwm,diwm,active,Adviser 03,Under 10 lakhs,Under 5 lakhs,"More than 40%, I live well below my means",Freedom,2026-09-18,2026-09-18,2026-09-18,,,,,,2026-10-18,2026-09-21,20,verified,,not_started,not_started,,,,no,0,,,off,,50,https://spiffler33.github.io/yeslyf-wireframes/admin_wireframes.html?run=3000&screen=M03&person=P02873,false
P02874,Pavithra,Krishnan,9000056596,pavithra.krishnan.349@example.com,Bengaluru,25 to 29,organic,false,false,S3,diwm,diwm,active,Adviser 05,10 to 25 lakhs,5 to 25 lakhs,"Around 25%, meaningful amounts",Freedom,2026-09-15,2026-09-16,2026-09-19,,,,,,2026-10-19,2026-09-21,20,verified,,not_started,not_started,,,,no,0,,,off,,47,https://spiffler33.github.io/yeslyf-wireframes/admin_wireframes.html?run=3000&screen=M03&person=P02874,false
P02875,Anjali,Srivastava,9000032271,anjali.srivastava.282@example.com,Delhi,30 to 34,community,true,false,S4,diy,diy,active,Adviser 02,10 to 25 lakhs,5 to 25 lakhs,"More than 40%, I live well below my means",Legacy,2026-09-15,2026-09-15,2026-09-18,,,,,,2026-10-18,2026-09-22,39,verified,not_connected,in_progress,not_started,,,,no,0,2026-09-22T00:52:29+05:30,,off,,55,https://spiffler33.github.io/yeslyf-wireframes/admin_wireframes.html?run=3000&screen=M03&person=P02875,false
P02876,Sakshi,Singh,9000045790,sakshi.singh.278@example.com,Gurugram,30 to 34,web_reveal,true,false,S3,diy,diy,active,Adviser 04,25 to 50 lakhs,5 to 25 lakhs,"More than 40%, I live well below my means",Freedom,2026-09-16,2026-09-16,2026-09-19,,,,,,2026-12-18,2026-09-21,20,verified,,not_started,not_started,,,,no,0,,,off,,47,https://spiffler33.github.io/yeslyf-wireframes/admin_wireframes.html?run=3000&screen=M03&person=P02876,false
P02877,Arnab,Roy,9000024108,,Bhubaneswar,30 to 34,corporate_session,true,false,S1,free,,,Adviser 02,,,,,2026-09-18,,,,,,,,,2026-09-19,0,not_started,,not_started,,,,,,,,,off,,25,https://spiffler33.github.io/yeslyf-wireframes/admin_wireframes.html?run=3000&screen=M03&person=P02877,false
P02880,Urvi,Patel,9000023022,,Pune,under 25,organic,true,false,S2,free,,,Adviser 03,25 to 50 lakhs,5 to 25 lakhs,"Around 25%, meaningful amounts",Legacy,2026-09-18,2026-09-18,,,,,,,,2026-09-21,20,not_started,,not_started,,,,,,,,,off,,62,https://spiffler33.github.io/yeslyf-wireframes/admin_wireframes.html?run=3000&screen=M03&person=P02880,false
P02881,Omkar,Kamat,9000016457,,Pune,35 to 39,organic,true,false,S2,free,,,Adviser 05,50 lakhs to 1 crore,1 to 5 crores,"More than 40%, I live well below my means",Security,2026-09-15,2026-09-15,,,,,,,,2026-09-18,20,not_started,,not_started,,,,,,,,,off,,62,https://spiffler33.github.io/yeslyf-wireframes/admin_wireframes.html?run=3000&screen=M03&person=P02881,false
P02882,Pradeep,Pai,9000031668,,Chennai,35 to 39,corporate_session,false,false,S2,free,,,Adviser 02,50 lakhs to 1 crore,1 to 5 crores,"Around 25%, meaningful amounts",Family,2026-09-19,2026-09-19,,,,,,,,2026-09-20,20,not_started,,not_started,,,,,,,,,off,,62,https://spiffler33.github.io/yeslyf-wireframes/admin_wireframes.html?run=3000&screen=M03&person=P02882,false
P02887,Aditya,Sethi,9000001943,aditya.sethi.648@example.com,Delhi,30 to 34,web_reveal,true,false,S1,free,,,Adviser 04,25 to 50 lakhs,25 lakhs to 1 crore,,,2026-09-16,,,,,,,,,2026-09-18,0,not_started,,not_started,,,,,,,,,off,,38,https://spiffler33.github.io/yeslyf-wireframes/admin_wireframes.html?run=3000&screen=M03&person=P02887,false
P02888,Nandini,Nair,9000069893,,Bengaluru,25 to 29,corporate_session,false,false,S2,free,,,Adviser 01,10 to 25 lakhs,5 to 25 lakhs,"More than 40%, I live well below my means",Freedom,2026-09-16,2026-09-17,,,,,,,,2026-09-19,20,not_started,,not_started,,,,,,,,,off,,62,https://spiffler33.github.io/yeslyf-wireframes/admin_wireframes.html?run=3000&screen=M03&person=P02888,false
P02889,Sayan,Saha,9000077021,,Hyderabad,35 to 39,corporate_session,true,false,S2,free,,,Adviser 02,25 to 50 lakhs,5 to 25 lakhs,"Around 40%, some serious money",Generosity,2026-09-16,2026-09-16,,,,,,,,2026-09-19,20,not_started,,not_started,,,,,,,,,off,,62,https://spiffler33.github.io/yeslyf-wireframes/admin_wireframes.html?run=3000&screen=M03&person=P02889,false
P02891,Mihir,Bhosale,9000009159,mihir.bhosale.696@example.com,Mumbai,30 to 34,web_reveal,true,false,S2,free,,,Adviser 02,10 to 25 lakhs,5 to 25 lakhs,"Around 25%, meaningful amounts",Freedom,2026-09-21,2026-09-21,,,,,,,,2026-09-21,20,not_started,,not_started,,,,,,,,,off,,62,https://spiffler33.github.io/yeslyf-wireframes/admin_wireframes.html?run=3000&screen=M03&person=P02891,false
P02893,Yash,Malhotra,9000069626,,Delhi,35 to 39,community,false,false,S1,free,,,Adviser 02,50 lakhs to 1 crore,25 lakhs to 1 crore,,,2026-09-21,,,,,,,,,2026-09-21,0,not_started,,not_started,,,,,,,,,off,,38,https://spiffler33.github.io/yeslyf-wireframes/admin_wireframes.html?run=3000&screen=M03&person=P02893,false
P02894,Heena,Desai,9000066403,heena.desai.888@example.com,Mumbai,30 to 34,community,true,false,S1,free,,,Adviser 02,25 to 50 lakhs,25 lakhs to 1 crore,"More than 40%, I live well below my means",,2026-09-20,,,,,,,,,2026-09-21,0,not_started,,not_started,,,,,,,,,off,,44,https://spiffler33.github.io/yeslyf-wireframes/admin_wireframes.html?run=3000&screen=M03&person=P02894,false
P02896,Nithya,Shetty,9000042661,,Hyderabad,35 to 39,community,true,true,S2,free,,,Adviser 06,25 to 50 lakhs,25 lakhs to 1 crore,"Around 10%, small consistent chunks",Freedom,2026-09-16,2026-09-16,,,,,,,,2026-09-17,20,not_started,,not_started,,,,,,,,,off,,62,https://spiffler33.github.io/yeslyf-wireframes/admin_wireframes.html?run=3000&screen=M03&person=P02896,false
P02897,Tanushree,Chatterjee,9000035084,,Noida,35 to 39,referral,true,false,S2,free,,,Adviser 03,25 to 50 lakhs,1 to 5 crores,"More than 40%, I live well below my means",Freedom,2026-09-20,2026-09-20,,,,,,,,2026-09-21,20,not_started,,not_started,,,,,,,,,off,,62,https://spiffler33.github.io/yeslyf-wireframes/admin_wireframes.html?run=3000&screen=M03&person=P02897,false
P02898,Varsha,Pai,9000016846,,Chennai,35 to 39,community,true,false,S2,free,,,Adviser 05,10 to 25 lakhs,1 to 5 crores,"Around 40%, some serious money",Security,2026-09-17,2026-09-17,,,,,,,,2026-09-20,20,not_started,,not_started,,,,,,,,,off,,62,https://spiffler33.github.io/yeslyf-wireframes/admin_wireframes.html?run=3000&screen=M03&person=P02898,false
P02900,Sourav,Nayak,9000051490,sourav.nayak.288@example.com,Kolkata,25 to 29,community,true,false,S4,diwm,diwm,active,Adviser 01,10 to 25 lakhs,5 to 25 lakhs,"Around 40%, some serious money",Freedom,2026-09-17,2026-09-17,2026-09-17,,,,,,2026-10-17,2026-09-21,31,verified,connected,in_progress,not_started,,,2026-12-16,no,0,2026-09-20T18:45:56+05:30,,off,,56,https://spiffler33.github.io/yeslyf-wireframes/admin_wireframes.html?run=3000&screen=M03&person=P02900,false
P02901,Pavithra,Kumar,9000031678,pavithra.kumar.328@example.com,Hyderabad,30 to 34,corporate_session,true,false,S4,diy,diy,active,Adviser 05,50 lakhs to 1 crore,25 lakhs to 1 crore,"Around 25%, meaningful amounts",Family,2026-09-19,2026-09-19,2026-09-19,,,,,,2026-10-19,2026-09-23,42,verified,partial,in_progress,not_started,,,2026-12-20,no,0,2026-09-23T00:37:36+05:30,,off,,56,https://spiffler33.github.io/yeslyf-wireframes/admin_wireframes.html?run=3000&screen=M03&person=P02901,false
P02903,Madhav,Natarajan,9000079625,,Bengaluru,under 25,corporate_session,false,false,S2,free,,,Adviser 02,10 to 25 lakhs,5 to 25 lakhs,"More than 40%, I live well below my means",Legacy,2026-09-18,2026-09-20,,,,,,,,2026-09-21,20,not_started,,not_started,,,,,,,,,off,,62,https://spiffler33.github.io/yeslyf-wireframes/admin_wireframes.html?run=3000&screen=M03&person=P02903,false
P02905,Varsha,Shetty,9000087678,varsha.shetty.273@example.com,Bengaluru,30 to 34,corporate_session,true,false,S3,diy,diy,active,Adviser 06,10 to 25 lakhs,5 to 25 lakhs,"Around 25%, meaningful amounts",Security,2026-09-18,2026-09-18,2026-09-18,,,,,,2026-10-18,2026-09-21,20,verified,cas_uploaded,not_started,not_started,,,,no,0,,,off,,53,https://spiffler33.github.io/yeslyf-wireframes/admin_wireframes.html?run=3000&screen=M03&person=P02905,false
P02906,Payal,Bansal,9000024183,payal.bansal.566@example.com,Gurugram,35 to 39,web_reveal,true,false,S2,free,,,Adviser 03,25 to 50 lakhs,5 to 25 lakhs,"Around 25%, meaningful amounts",Generosity,2026-09-16,2026-09-17,,,,,,,,2026-09-20,20,not_started,,not_started,,,,,,,,,off,,62,https://spiffler33.github.io/yeslyf-wireframes/admin_wireframes.html?run=3000&screen=M03&person=P02906,false
P02907,Madhura,Pawar,9000096297,madhura.pawar.578@example.com,Mumbai,25 to 29,web_reveal,true,false,S24,diy,diy,cancelled,Adviser 06,10 to 25 lakhs,25 lakhs to 1 crore,"More than 40%, I live well below my means",Family,2026-09-16,2026-09-17,2026-09-17,,,,,,,2026-09-20,29,verified,not_connected,in_progress,not_started,,,,no,0,2026-09-17T14:12:14+05:30,,off,,43,https://spiffler33.github.io/yeslyf-wireframes/admin_wireframes.html?run=3000&screen=M03&person=P02907,false
P02909,Keerthana,Subramanian,9000034690,keerthana.subramanian.297@example.com,Delhi,25 to 29,community,true,false,S4,diwm,diwm,active,Adviser 01,10 to 25 lakhs,25 lakhs to 1 crore,"Around 25%, meaningful amounts",Legacy,2026-09-18,2026-09-18,2026-09-20,,,,,,2026-12-19,2026-09-22,37,verified,not_connected,in_progress,not_started,,,,no,0,2026-09-22T04:36:41+05:30,,off,,60,https://spiffler33.github.io/yeslyf-wireframes/admin_wireframes.html?run=3000&screen=M03&person=P02909,false
P02910,Varsha,Pai,9000040852,varsha.pai.413@example.com,Chennai,30 to 34,community,true,false,S2b,free,,,Adviser 06,25 to 50 lakhs,25 lakhs to 1 crore,"Around 25%, meaningful amounts",Generosity,2026-09-18,2026-09-19,,,,,,,,2026-09-22,20,verified (address typed),,not_started,,,,,,,,,off,,88,https://spiffler33.github.io/yeslyf-wireframes/admin_wireframes.html?run=3000&screen=M03&person=P02910,false
P02911,Sameer,Jain,9000007611,,Gurugram,35 to 39,organic,false,false,S1,free,,,Adviser 06,,,,,2026-09-17,,,,,,,,,2026-09-17,0,not_started,,not_started,,,,,,,,,off,,19,https://spiffler33.github.io/yeslyf-wireframes/admin_wireframes.html?run=3000&screen=M03&person=P02911,false
P02913,Mehak,Sharma,9000094843,mehak.sharma.117@example.com,Gurugram,35 to 39,web_reveal,false,true,S2,free,,,Adviser 06,10 to 25 lakhs,25 lakhs to 1 crore,"More than 40%, I live well below my means",Family,2026-09-20,2026-09-20,,,,,,,,2026-09-22,20,not_started,,not_started,,,,,,,,,off,,62,https://spiffler33.github.io/yeslyf-wireframes/admin_wireframes.html?run=3000&screen=M03&person=P02913,false
P02914,Aakash,Tiwari,9000008796,aakash.tiwari.228@example.com,Delhi,40 to 44,community,true,false,S2,free,,,Adviser 04,50 lakhs to 1 crore,1 to 5 crores,"Around 25%, meaningful amounts",Family,2026-09-19,2026-09-19,,,,,,,,2026-09-21,20,not_started,,not_started,,,,,,,,,off,,62,https://spiffler33.github.io/yeslyf-wireframes/admin_wireframes.html?run=3000&screen=M03&person=P02914,false
P02915,Harpreet,Bedi,9000021321,,Delhi,40 to 44,organic,true,false,S1,free,,,Adviser 04,50 lakhs to 1 crore,1 to 5 crores,"More than 40%, I live well below my means",,2026-09-20,,,,,,,,,2026-09-21,0,not_started,,not_started,,,,,,,,,off,,44,https://spiffler33.github.io/yeslyf-wireframes/admin_wireframes.html?run=3000&screen=M03&person=P02915,false
P02919,Arun,Shetty,9000097630,,Hyderabad,30 to 34,corporate_session,false,true,S2,free,,,Adviser 05,25 to 50 lakhs,25 lakhs to 1 crore,"More than 40%, I live well below my means",Security,2026-09-18,2026-09-18,,,,,,,,2026-09-19,20,not_started,,not_started,,,,,,,,,off,,62,https://spiffler33.github.io/yeslyf-wireframes/admin_wireframes.html?run=3000&screen=M03&person=P02919,false
P02920,Shruti,Sawant,9000042192,shruti.sawant.766@example.com,Pune,30 to 34,community,true,false,S2,free,,,Adviser 06,10 to 25 lakhs,5 to 25 lakhs,"More than 40%, I live well below my means",Freedom,2026-09-18,2026-09-18,,,,,,,,2026-09-21,20,not_started,,not_started,,,,,,,,,off,,62,https://spiffler33.github.io/yeslyf-wireframes/admin_wireframes.html?run=3000&screen=M03&person=P02920,false
P02923,Meenakshi,Kumar,9000061795,meenakshi.kumar.299@example.com,Hyderabad,35 to 39,web_reveal,true,false,S4,diwm,diwm,active,Adviser 05,50 lakhs to 1 crore,25 lakhs to 1 crore,"More than 40%, I live well below my means",Family,2026-09-21,2026-09-21,2026-09-21,,,,,,2026-10-21,2026-09-22,44,verified,partial,in_progress,not_started,,,2026-12-20,no,0,2026-09-22T19:47:56+05:30,,off,,63,https://spiffler33.github.io/yeslyf-wireframes/admin_wireframes.html?run=3000&screen=M03&person=P02923,false
P02925,Aditya,Mehra,9000006833,,Delhi,40 to 44,community,false,false,S2,free,,,Adviser 02,50 lakhs to 1 crore,1 to 5 crores,"Around 40%, some serious money",Family,2026-09-17,2026-09-18,,,,,,,,2026-09-20,20,not_started,,not_started,,,,,,,,,off,,62,https://spiffler33.github.io/yeslyf-wireframes/admin_wireframes.html?run=3000&screen=M03&person=P02925,false
P02927,Abhijit,Saha,9000006189,,Chennai,35 to 39,community,true,false,S1,free,,,Adviser 05,10 to 25 lakhs,25 lakhs to 1 crore,"Around 40%, some serious money",,2026-09-17,,,,,,,,,2026-09-19,0,not_started,,not_started,,,,,,,,,off,,50,https://spiffler33.github.io/yeslyf-wireframes/admin_wireframes.html?run=3000&screen=M03&person=P02927,false
P02928,Bhavana,Subramanian,9000046944,bhavana.subramanian.700@example.com,Bengaluru,25 to 29,community,true,false,S2,free,,,Adviser 04,10 to 25 lakhs,5 to 25 lakhs,"More than 40%, I live well below my means",Freedom,2026-09-18,2026-09-18,,,,,,,,2026-09-21,20,not_started,,not_started,,,,,,,,,off,,62,https://spiffler33.github.io/yeslyf-wireframes/admin_wireframes.html?run=3000&screen=M03&person=P02928,false
P02934,Pranali,Chitale,9000050190,pranali.chitale.493@example.com,Pune,30 to 34,referral,true,false,S17,diy,diy,active,Adviser 03,25 to 50 lakhs,5 to 25 lakhs,"More than 40%, I live well below my means",Freedom,2026-09-17,2026-09-18,2026-09-18,,,,,,2026-12-17,2026-09-22,44,verified,not_connected,in_progress,not_started,,,,no,0,2026-09-22T13:46:09+05:30,,off,,61,https://spiffler33.github.io/yeslyf-wireframes/admin_wireframes.html?run=3000&screen=M03&person=P02934,false
P02935,Krupa,Chitale,9000078486,,Mumbai,25 to 29,referral,false,false,S1,free,,,Adviser 04,,,,,2026-09-17,,,,,,,,,2026-09-18,0,not_started,,not_started,,,,,,,,,off,,25,https://spiffler33.github.io/yeslyf-wireframes/admin_wireframes.html?run=3000&screen=M03&person=P02935,false
P02937,Nandini,Pillai,9000026731,,Bengaluru,25 to 29,community,true,false,S1,free,,,Adviser 05,,,,,2026-09-18,,,,,,,,,2026-09-19,0,not_started,,not_started,,,,,,,,,off,,12,https://spiffler33.github.io/yeslyf-wireframes/admin_wireframes.html?run=3000&screen=M03&person=P02937,false
P02943,Nikhil,Srivastava,9000027059,,Gurugram,30 to 34,community,true,false,S2,free,,,Adviser 03,25 to 50 lakhs,25 lakhs to 1 crore,"More than 40%, I live well below my means",Security,2026-09-19,2026-09-19,,,,,,,,2026-09-21,20,not_started,,not_started,,,,,,,,,off,,62,https://spiffler33.github.io/yeslyf-wireframes/admin_wireframes.html?run=3000&screen=M03&person=P02943,false
P02944,Ramya,Chandran,9000029121,,Bengaluru,25 to 29,community,true,false,S2,free,,,Adviser 06,Under 10 lakhs,5 to 25 lakhs,"Around 25%, meaningful amounts",Freedom,2026-09-20,2026-09-20,,,,,,,,2026-09-21,20,not_started,,not_started,,,,,,,,,off,,62,https://spiffler33.github.io/yeslyf-wireframes/admin_wireframes.html?run=3000&screen=M03&person=P02944,false
P02946,Arpita,Roy,9000058827,,Kolkata,25 to 29,community,true,false,S2,free,,,Adviser 03,10 to 25 lakhs,5 to 25 lakhs,"Around 40%, some serious money",Freedom,2026-09-20,2026-09-21,,,,,,,,2026-09-22,20,not_started,,not_started,,,,,,,,,off,,62,https://spiffler33.github.io/yeslyf-wireframes/admin_wireframes.html?run=3000&screen=M03&person=P02946,false
P02952,Priyanka,Chakraborty,9000092168,,Kolkata,35 to 39,community,false,false,S1,free,,,Adviser 04,50 lakhs to 1 crore,1 to 5 crores,"Around 40%, some serious money",,2026-09-20,,,,,,,,,2026-09-20,0,not_started,,not_started,,,,,,,,,off,,50,https://spiffler33.github.io/yeslyf-wireframes/admin_wireframes.html?run=3000&screen=M03&person=P02952,false
P02954,Jigar,Vora,9000062792,jigar.vora.328@example.com,Pune,30 to 34,web_reveal,true,false,S2,free,,,Adviser 01,25 to 50 lakhs,25 lakhs to 1 crore,"Around 25%, meaningful amounts",Freedom,2026-09-20,2026-09-20,,,,,,,,2026-09-21,20,not_started,,not_started,,,,,,,,,off,,62,https://spiffler33.github.io/yeslyf-wireframes/admin_wireframes.html?run=3000&screen=M03&person=P02954,false
P02955,Anjali,Sharma,9000057124,anjali.sharma.599@example.com,Noida,35 to 39,web_reveal,false,false,S2,free,,,Adviser 01,50 lakhs to 1 crore,1 to 5 crores,"Around 40%, some serious money",Family,2026-09-18,2026-09-19,,,,,,,,2026-09-20,20,not_started,,not_started,,,,,,,,,off,,62,https://spiffler33.github.io/yeslyf-wireframes/admin_wireframes.html?run=3000&screen=M03&person=P02955,false
P02958,Arnab,Mukherjee,9000047531,,Chennai,35 to 39,organic,true,true,S1,free,,,Adviser 06,,,,,2026-09-19,,,,,,,,,2026-09-19,0,not_started,,not_started,,,,,,,,,off,,25,https://spiffler33.github.io/yeslyf-wireframes/admin_wireframes.html?run=3000&screen=M03&person=P02958,false
P02960,Yogesh,Trivedi,9000020354,,Mumbai,30 to 34,corporate_session,true,false,S1,free,,,Adviser 01,,,,,2026-09-19,,,,,,,,,2026-09-20,0,not_started,,not_started,,,,,,,,,off,,25,https://spiffler33.github.io/yeslyf-wireframes/admin_wireframes.html?run=3000&screen=M03&person=P02960,false
P02966,Sindhu,Pillai,9000040267,,Chennai,40 to 44,community,true,false,S1,free,,,Adviser 05,,,,,2026-09-21,,,,,,,,,2026-09-22,0,not_started,,not_started,,,,,,,,,off,,25,https://spiffler33.github.io/yeslyf-wireframes/admin_wireframes.html?run=3000&screen=M03&person=P02966,false
P02968,Ishaan,Mehra,9000025414,ishaan.mehra.732@example.com,Noida,35 to 39,community,true,false,S2,free,,,Adviser 04,10 to 25 lakhs,5 to 25 lakhs,"More than 40%, I live well below my means",Family,2026-09-20,2026-09-20,,,,,,,,2026-09-22,20,not_started,,not_started,,,,,,,,,off,,62,https://spiffler33.github.io/yeslyf-wireframes/admin_wireframes.html?run=3000&screen=M03&person=P02968,false
P02971,Nandini,Kumar,9000066676,,Bengaluru,25 to 29,corporate_session,false,false,S1,free,,,Adviser 03,10 to 25 lakhs,5 to 25 lakhs,"More than 40%, I live well below my means",,2026-09-19,,,,,,,,,2026-09-19,0,not_started,,not_started,,,,,,,,,off,,44,https://spiffler33.github.io/yeslyf-wireframes/admin_wireframes.html?run=3000&screen=M03&person=P02971,false
P02976,Vaibhav,Jain,9000026527,,Ahmedabad,25 to 29,corporate_session,true,false,S2,free,,,Adviser 05,10 to 25 lakhs,5 to 25 lakhs,"Around 25%, meaningful amounts",Family,2026-09-19,2026-09-20,,,,,,,,2026-09-21,20,not_started,,not_started,,,,,,,,,off,,62,https://spiffler33.github.io/yeslyf-wireframes/admin_wireframes.html?run=3000&screen=M03&person=P02976,false
P02978,Aniket,Sawant,9000060086,,Pune,25 to 29,community,true,false,S2,free,,,Adviser 06,Under 10 lakhs,Under 5 lakhs,"More than 40%, I live well below my means",Freedom,2026-09-20,2026-09-21,,,,,,,,2026-09-22,20,not_started,,not_started,,,,,,,,,off,,62,https://spiffler33.github.io/yeslyf-wireframes/admin_wireframes.html?run=3000&screen=M03&person=P02978,false
P02981,Hetal,Shah,9000051778,,Pune,30 to 34,organic,true,false,S1,free,,,Adviser 04,10 to 25 lakhs,,,,2026-09-21,,,,,,,,,2026-09-22,0,not_started,,not_started,,,,,,,,,off,,31,https://spiffler33.github.io/yeslyf-wireframes/admin_wireframes.html?run=3000&screen=M03&person=P02981,false
P02984,Rutuja,Patel,9000077011,,Hyderabad,30 to 34,community,true,false,S1,free,,,Adviser 03,,,,,2026-09-21,,,,,,,,,2026-09-22,0,not_started,,not_started,,,,,,,,,off,,19,https://spiffler33.github.io/yeslyf-wireframes/admin_wireframes.html?run=3000&screen=M03&person=P02984,false
P02989,Kunal,Kamat,9000089867,,Pune,30 to 34,community,true,false,S1,free,,,Adviser 01,10 to 25 lakhs,5 to 25 lakhs,"Around 25%, meaningful amounts",,2026-09-21,,,,,,,,,2026-09-22,0,not_started,,not_started,,,,,,,,,off,,50,https://spiffler33.github.io/yeslyf-wireframes/admin_wireframes.html?run=3000&screen=M03&person=P02989,false
P02992,Sandeep,Iyer,9000010982,,Hyderabad,25 to 29,community,true,false,S2,free,,,Adviser 02,10 to 25 lakhs,5 to 25 lakhs,"Around 25%, meaningful amounts",Generosity,2026-09-21,2026-09-21,,,,,,,,2026-09-22,20,not_started,,not_started,,,,,,,,,off,,62,https://spiffler33.github.io/yeslyf-wireframes/admin_wireframes.html?run=3000&screen=M03&person=P02992,false
P02994,Simran,Gill,9000087918,simran.gill.816@example.com,Delhi,35 to 39,web_reveal,true,false,S2,free,,,Adviser 02,25 to 50 lakhs,5 to 25 lakhs,"Around 40%, some serious money",Security,2026-09-20,2026-09-20,,,,,,,,2026-09-22,20,not_started,,not_started,,,,,,,,,off,,62,https://spiffler33.github.io/yeslyf-wireframes/admin_wireframes.html?run=3000&screen=M03&person=P02994,false
P02995,Madhura,Mehta,9000019139,,Ahmedabad,30 to 34,organic,true,false,S1,free,,,Adviser 04,25 to 50 lakhs,,,,2026-09-21,,,,,,,,,2026-09-22,0,not_started,,not_started,,,,,,,,,off,,31,https://spiffler33.github.io/yeslyf-wireframes/admin_wireframes.html?run=3000&screen=M03&person=P02995,false
P03000,Rahul,Malhotra,9000021249,,Gurugram,30 to 34,corporate_session,true,false,S1,free,,,Adviser 01,50 lakhs to 1 crore,,,,2026-09-21,,,,,,,,,2026-09-22,0,not_started,,not_started,,,,,,,,,off,,31,https://spiffler33.github.io/yeslyf-wireframes/admin_wireframes.html?run=3000&screen=M03&person=P03000,false
P03001,Shruti,Joshi,9000053001,shruti.joshi.303@example.com,Mumbai,25 to 29,community,true,false,S2,free,,,Adviser 01,10 to 25 lakhs,5 to 25 lakhs,"Around 25%, meaningful amounts",Freedom,2026-09-21,2026-09-21,,,,,,,,2026-09-22,20,not_started,,not_started,,,,,,,,,off,,62,https://spiffler33.github.io/yeslyf-wireframes/admin_wireframes.html?run=3000&screen=M03&person=P03001,false
P03002,Ruchi,Pandey,9000089168,ruchi.pandey.207@example.com,Lucknow,30 to 34,community,true,false,S2,free,,,Adviser 05,25 to 50 lakhs,25 lakhs to 1 crore,"More than 40%, I live well below my means",Family,2026-09-20,2026-09-20,,,,,,,,2026-09-22,20,not_started,,not_started,,,,,,,,,off,,62,https://spiffler33.github.io/yeslyf-wireframes/admin_wireframes.html?run=3000&screen=M03&person=P03002,false
P03006,Nishant,Chitale,9000062615,,Coimbatore,30 to 34,corporate_session,false,false,S2,free,,,Adviser 03,10 to 25 lakhs,5 to 25 lakhs,"Around 40%, some serious money",Family,2026-09-22,2026-09-22,,,,,,,,2026-09-22,20,not_started,,not_started,,,,,,,,,off,,62,https://spiffler33.github.io/yeslyf-wireframes/admin_wireframes.html?run=3000&screen=M03&person=P03006,false
P03007,Ishani,Pradhan,9000022882,,Kolkata,30 to 34,corporate_session,false,false,S2,free,,,Adviser 06,10 to 25 lakhs,25 lakhs to 1 crore,"Around 40%, some serious money",Freedom,2026-09-21,2026-09-21,,,,,,,,2026-09-22,20,not_started,,not_started,,,,,,,,,off,,62,https://spiffler33.github.io/yeslyf-wireframes/admin_wireframes.html?run=3000&screen=M03&person=P03007,false
P03008,Ritika,Tiwari,9000035157,,Chennai,35 to 39,community,true,false,S2,free,,,Adviser 05,10 to 25 lakhs,1 to 5 crores,"Around 40%, some serious money",Security,2026-09-22,2026-09-22,,,,,,,,2026-09-22,20,not_started,,not_started,,,,,,,,,off,,62,https://spiffler33.github.io/yeslyf-wireframes/admin_wireframes.html?run=3000&screen=M03&person=P03008,false
P03009,Manish,Mehra,9000010294,,Gurugram,30 to 34,community,true,false,S2,free,,,Adviser 02,25 to 50 lakhs,5 to 25 lakhs,"More than 40%, I live well below my means",Legacy,2026-09-22,2026-09-22,,,,,,,,2026-09-22,20,not_started,,not_started,,,,,,,,,off,,62,https://spiffler33.github.io/yeslyf-wireframes/admin_wireframes.html?run=3000&screen=M03&person=P03009,false
P03013,Kunal,Patil,9000097585,,Ahmedabad,30 to 34,organic,true,false,S2,free,,,Adviser 04,10 to 25 lakhs,25 lakhs to 1 crore,"More than 40%, I live well below my means",Generosity,2026-09-22,2026-09-22,,,,,,,,2026-09-22,20,not_started,,not_started,,,,,,,,,off,,62,https://spiffler33.github.io/yeslyf-wireframes/admin_wireframes.html?run=3000&screen=M03&person=P03013,false
P03015,Nirav,Pawar,9000017343,,Mumbai,30 to 34,organic,true,false,S1,free,,,Adviser 03,10 to 25 lakhs,,,,2026-09-21,,,,,,,,,2026-09-22,0,not_started,,not_started,,,,,,,,,off,,31,https://spiffler33.github.io/yeslyf-wireframes/admin_wireframes.html?run=3000&screen=M03&person=P03015,false
P03022,Amruta,Jain,9000052697,amruta.jain.198@example.com,Mumbai,30 to 34,community,true,false,S2,free,,,Adviser 06,50 lakhs to 1 crore,5 to 25 lakhs,"Around 40%, some serious money",Generosity,2026-09-22,2026-09-22,,,,,,,,2026-09-22,20,not_started,,not_started,,,,,,,,,off,,62,https://spiffler33.github.io/yeslyf-wireframes/admin_wireframes.html?run=3000&screen=M03&person=P03022,false
P03024,Madhav,Krishnan,9000018308,madhav.krishnan.313@example.com,Hyderabad,35 to 39,corporate_session,true,false,S3,diwm,diwm,active,Adviser 04,25 to 50 lakhs,1 to 5 crores,"Around 40%, some serious money",Legacy,2026-09-22,2026-09-22,2026-09-22,,,,,,2026-12-21,2026-09-23,20,verified,cas_uploaded,not_started,not_started,,,,no,0,,,off,,41,https://spiffler33.github.io/yeslyf-wireframes/admin_wireframes.html?run=3000&screen=M03&person=P03024,false
P03028,Madhav,Chandran,9000046684,madhav.chandran.115@example.com,Bengaluru,25 to 29,web_reveal,true,false,S2,free,,,Adviser 05,10 to 25 lakhs,Under 5 lakhs,"More than 40%, I live well below my means",Security,2026-09-22,2026-09-23,,,,,,,,2026-09-23,20,not_started,,not_started,,,,,,,,,off,,62,https://spiffler33.github.io/yeslyf-wireframes/admin_wireframes.html?run=3000&screen=M03&person=P03028,false
P03035,Mansi,Deshmukh,9000067810,,Pune,30 to 34,community,true,false,S2,free,,,Adviser 06,10 to 25 lakhs,25 lakhs to 1 crore,"Around 25%, meaningful amounts",Freedom,2026-09-23,2026-09-23,,,,,,,,2026-09-23,20,not_started,,not_started,,,,,,,,,off,,62,https://spiffler33.github.io/yeslyf-wireframes/admin_wireframes.html?run=3000&screen=M03&person=P03035,false
