Timestamp,Email,Top Money Concern,Keyword,Source,Community Joined,Resource Sent
2026-07-14T19:32:24+05:30,aakash.chopra.529@example.com,Insurance and cover,PLAN,community,true,Money checklist PDF
2026-08-27T19:53:47+05:30,aakash.gill.404@example.com,Where to invest,PLAN,web_reveal,false,none
2026-07-01T15:59:36+05:30,aakash.gill.532@example.com,Paying off loans,PLAN,community,true,Reveal walkthrough video
2026-06-15T09:07:09+05:30,aakash.mishra.278@example.com,Saving enough every month,ALPHA,community,true,none
2026-08-04T14:21:54+05:30,aakash.pandey.341@example.com,Retiring early,PLAN,community,true,Reveal walkthrough video
2026-09-16T17:06:24+05:30,aakash.tiwari.228@example.com,My children's education,ALPHA,community,true,Reveal walkthrough video
2026-09-20T13:01:32+05:30,abhijit.mohanty.145@example.com,Saving enough every month,PLAN,community,true,none
2026-04-10T16:12:32+05:30,abhijit.pradhan.193@example.com,Where to invest,PLAN,web_reveal,true,Money checklist PDF
2026-05-03T22:08:14+05:30,aditya.arora.397@example.com,Insurance and cover,PLAN,community,true,none
2026-07-29T19:39:13+05:30,aditya.gupta.607@example.com,My children's education,PLAN,web_reveal,true,Reveal walkthrough video
2026-07-27T16:52:44+05:30,aditya.mehra.373@example.com,Retiring early,PLAN,community,true,none
2026-08-30T09:26:21+05:30,aditya.pandey.778@example.com,Retiring early,PLAN,web_reveal,true,Money checklist PDF
2026-09-03T23:37:01+05:30,aditya.saxena.938@example.com,My children's education,PLAN,community,true,Reveal walkthrough video
2026-09-15T17:53:47+05:30,aditya.sethi.648@example.com,Retiring early,PLAN,web_reveal,true,none
2026-04-05T14:56:02+05:30,aditya.tandon.636@example.com,Paying off loans,ALPHA,community,true,Money checklist PDF
2026-05-20T20:09:45+05:30,akshay.bhatia.177@example.com,Saving enough every month,ALPHA,community,true,Reveal walkthrough video
2026-08-30T19:45:41+05:30,akshay.gill.101@example.com,Paying off loans,PLAN,community,true,Reveal walkthrough video
2026-08-18T23:46:53+05:30,akshay.gupta.867@example.com,Paying off loans,ALPHA,web_reveal,false,Money checklist PDF
2026-05-28T21:56:05+05:30,akshay.mehra.591@example.com,Insurance and cover,PLAN,community,true,Reveal walkthrough video
2026-04-12T18:49:46+05:30,akshay.srivastava.130@example.com,Where to invest,PLAN,web_reveal,false,Reveal walkthrough video
2026-06-07T17:44:00+05:30,aman.agarwal.296@example.com,My children's education,ALPHA,community,true,Money checklist PDF
2026-09-02T12:33:44+05:30,aman.kohli.689@example.com,My children's education,PLAN,community,true,none
2026-06-28T16:30:58+05:30,aman.pandey.384@example.com,My children's education,PLAN,community,true,none
2026-08-11T23:09:21+05:30,aman.singh.575@example.com,My children's education,PLAN,web_reveal,false,Reveal walkthrough video
2026-04-21T21:41:15+05:30,aman.srivastava.681@example.com,Paying off loans,PLAN,web_reveal,false,Reveal walkthrough video
2026-09-09T10:12:55+05:30,amruta.bhosale.342@example.com,Insurance and cover,PLAN,community,true,Money checklist PDF
2026-05-14T18:24:05+05:30,amruta.bhosale.599@example.com,My children's education,ALPHA,community,true,none
2026-07-16T10:04:26+05:30,amruta.bhosale.779@example.com,My children's education,PLAN,community,true,none
2026-08-19T16:51:28+05:30,amruta.deshmukh.584@example.com,Where to invest,ALPHA,community,true,Money checklist PDF
2026-09-14T12:01:21+05:30,amruta.jadhav.532@example.com,My children's education,PLAN,community,true,Money checklist PDF
2026-09-21T23:11:39+05:30,amruta.jain.198@example.com,Paying off loans,ALPHA,community,true,Reveal walkthrough video
2026-07-16T22:19:41+05:30,amruta.joshi.912@example.com,Retiring early,ALPHA,web_reveal,false,none
2026-07-09T23:52:24+05:30,amruta.kulkarni.395@example.com,Where to invest,ALPHA,community,true,none
2026-07-12T22:51:59+05:30,amruta.naik.635@example.com,Retiring early,PLAN,community,true,none
2026-06-04T08:32:26+05:30,amruta.patil.946@example.com,Insurance and cover,ALPHA,community,true,Reveal walkthrough video
2026-08-25T20:50:37+05:30,amruta.shinde.430@example.com,My children's education,ALPHA,community,true,Reveal walkthrough video
2026-04-24T13:28:51+05:30,amruta.trivedi.762@example.com,Insurance and cover,PLAN,web_reveal,false,none
2026-07-01T20:31:15+05:30,anand.iyer.558@example.com,Where to invest,PLAN,web_reveal,false,none
2026-05-15T23:51:46+05:30,anand.krishnan.383@example.com,Retiring early,ALPHA,web_reveal,false,Money checklist PDF
2026-09-14T04:04:59+05:30,anand.murthy.364@example.com,Where to invest,PLAN,web_reveal,false,Money checklist PDF
2026-07-07T10:06:42+05:30,anand.murthy.370@example.com,Retiring early,PLAN,web_reveal,false,none
2026-08-08T14:58:16+05:30,anand.murthy.665@example.com,Retiring early,PLAN,web_reveal,false,Money checklist PDF
2026-05-21T14:45:15+05:30,anand.nair.190@example.com,Insurance and cover,ALPHA,web_reveal,false,Reveal walkthrough video
2026-03-30T19:01:01+05:30,anand.pai.170@example.com,Insurance and cover,ALPHA,web_reveal,true,none
2026-07-08T09:37:09+05:30,anand.prasad.426@example.com,Paying off loans,PLAN,community,true,Reveal walkthrough video
2026-08-17T10:31:05+05:30,anand.raman.345@example.com,Saving enough every month,PLAN,community,true,none
2026-04-02T12:24:57+05:30,anand.rao.788@example.com,Paying off loans,ALPHA,community,true,none
2026-07-28T15:34:22+05:30,anand.shetty.102@example.com,My children's education,ALPHA,community,true,Reveal walkthrough video
2026-08-28T10:36:11+05:30,anand.srinivasan.896@example.com,Insurance and cover,PLAN,community,true,none
2026-07-12T10:26:53+05:30,ananya.das.544@example.com,Paying off loans,PLAN,web_reveal,false,none
2026-06-03T13:20:27+05:30,ananya.sahoo.751@example.com,Saving enough every month,ALPHA,community,true,none
2026-08-24T20:12:55+05:30,aniket.bhosale.436@example.com,Insurance and cover,ALPHA,web_reveal,false,Reveal walkthrough video
2026-07-03T21:04:50+05:30,aniket.chitale.830@example.com,My children's education,PLAN,web_reveal,true,Reveal walkthrough video
2026-08-16T11:27:38+05:30,aniket.dave.597@example.com,Insurance and cover,PLAN,community,true,Reveal walkthrough video
2026-08-08T22:35:49+05:30,aniket.dave.990@example.com,Where to invest,ALPHA,community,true,Reveal walkthrough video
2026-05-12T17:28:37+05:30,aniket.desai.582@example.com,My children's education,PLAN,community,true,none
2026-04-14T17:10:32+05:30,aniket.joshi.171@example.com,Saving enough every month,PLAN,community,true,none
2026-06-10T02:41:54+05:30,aniket.kamat.366@example.com,Where to invest,PLAN,web_reveal,false,Money checklist PDF
2026-08-28T23:41:17+05:30,aniket.kulkarni.325@example.com,Where to invest,PLAN,web_reveal,false,none
2026-09-12T14:13:02+05:30,aniket.patil.344@example.com,Paying off loans,ALPHA,web_reveal,false,none
2026-04-08T20:08:51+05:30,aniket.patil.361@example.com,Saving enough every month,PLAN,community,true,Money checklist PDF
2026-07-20T10:25:40+05:30,anirban.majumdar.595@example.com,Paying off loans,ALPHA,community,true,Money checklist PDF
2026-04-21T13:42:10+05:30,anjali.khanna.611@example.com,Insurance and cover,PLAN,web_reveal,false,Money checklist PDF
2026-07-24T22:16:48+05:30,anjali.mishra.932@example.com,Insurance and cover,ALPHA,web_reveal,false,none
2026-09-18T20:40:57+05:30,anjali.sharma.599@example.com,Where to invest,PLAN,web_reveal,false,Money checklist PDF
2026-08-10T13:21:47+05:30,anjali.singh.257@example.com,Insurance and cover,PLAN,web_reveal,false,Reveal walkthrough video
2026-09-01T12:24:06+05:30,ankit.bedi.233@example.com,Where to invest,PLAN,community,true,Money checklist PDF
2026-06-26T09:38:05+05:30,ankit.bhatia.261@example.com,My children's education,PLAN,community,true,Reveal walkthrough video
2026-07-28T17:54:28+05:30,ankit.gupta.110@example.com,Saving enough every month,PLAN,web_reveal,false,Money checklist PDF
2026-05-27T13:37:51+05:30,ankit.gupta.217@example.com,My children's education,PLAN,community,true,Money checklist PDF
2026-05-20T21:28:00+05:30,ankit.singh.143@example.com,Insurance and cover,PLAN,web_reveal,false,Reveal walkthrough video
2026-06-09T18:38:52+05:30,ankit.singh.264@example.com,My children's education,ALPHA,community,true,Money checklist PDF
2026-09-14T08:49:00+05:30,aparna.krishnan.196@example.com,Paying off loans,PLAN,community,true,Reveal walkthrough video
2026-05-01T11:28:28+05:30,aparna.pai.385@example.com,Paying off loans,PLAN,community,true,Money checklist PDF
2026-06-01T12:08:38+05:30,aravind.chandran.844@example.com,Insurance and cover,PLAN,community,true,Money checklist PDF
2026-09-13T22:37:20+05:30,aravind.hegde.296@example.com,Retiring early,PLAN,community,true,none
2026-06-15T14:27:02+05:30,aravind.iyer.725@example.com,Saving enough every month,ALPHA,web_reveal,false,Reveal walkthrough video
2026-06-07T18:22:14+05:30,aravind.menon.458@example.com,Saving enough every month,ALPHA,web_reveal,false,Money checklist PDF
2026-06-14T19:35:31+05:30,aravind.shetty.357@example.com,Insurance and cover,ALPHA,community,true,Reveal walkthrough video
2026-06-06T22:21:38+05:30,aravind.shetty.829@example.com,Where to invest,PLAN,community,true,Reveal walkthrough video
2026-05-15T12:42:29+05:30,aravind.subramanian.709@example.com,Saving enough every month,ALPHA,community,true,none
2026-04-22T11:49:51+05:30,aravind.varma.244@example.com,Saving enough every month,ALPHA,web_reveal,false,none
2026-04-08T18:05:44+05:30,aravind.varma.478@example.com,Retiring early,PLAN,community,true,none
2026-07-28T22:48:06+05:30,arjun.bansal.593@example.com,Retiring early,ALPHA,web_reveal,false,none
2026-06-17T16:24:18+05:30,arjun.chauhan.731@example.com,Paying off loans,PLAN,web_reveal,false,Money checklist PDF
2026-09-02T11:27:15+05:30,arjun.kohli.645@example.com,Saving enough every month,PLAN,community,true,none
2026-05-26T19:00:40+05:30,arjun.malhotra.353@example.com,Retiring early,ALPHA,web_reveal,false,Money checklist PDF
2026-06-05T12:25:58+05:30,arjun.rathore.455@example.com,Where to invest,PLAN,web_reveal,false,none
2026-07-11T10:46:52+05:30,arjun.saxena.533@example.com,My children's education,ALPHA,community,true,Reveal walkthrough video
2026-06-22T07:47:46+05:30,arjun.sethi.672@example.com,Retiring early,ALPHA,web_reveal,false,none
2026-08-09T21:00:27+05:30,arjun.singh.487@example.com,Where to invest,PLAN,web_reveal,false,Reveal walkthrough video
2026-05-22T11:59:36+05:30,arjun.srivastava.584@example.com,Retiring early,PLAN,community,true,none
2026-04-20T12:21:55+05:30,arnab.chatterjee.650@example.com,Insurance and cover,PLAN,community,true,Money checklist PDF
2026-08-11T17:35:21+05:30,arnab.patnaik.560@example.com,Where to invest,ALPHA,community,true,none
2026-06-15T08:25:32+05:30,arnab.sahoo.427@example.com,Paying off loans,PLAN,web_reveal,true,Reveal walkthrough video
2026-04-17T09:05:35+05:30,arpita.dutta.310@example.com,Paying off loans,PLAN,web_reveal,false,Reveal walkthrough video
2026-07-24T17:48:23+05:30,arun.hegde.604@example.com,Where to invest,PLAN,community,true,Reveal walkthrough video
2026-07-18T21:26:15+05:30,arun.pai.912@example.com,Where to invest,ALPHA,community,true,none
2026-08-10T09:49:13+05:30,arun.prasad.839@example.com,Retiring early,PLAN,web_reveal,false,Reveal walkthrough video
2026-06-26T12:04:52+05:30,arun.rajan.657@example.com,Retiring early,ALPHA,community,true,none
2026-09-11T15:49:41+05:30,ayesha.agarwal.240@example.com,Retiring early,ALPHA,community,true,Reveal walkthrough video
2026-05-27T14:51:43+05:30,ayesha.bedi.394@example.com,My children's education,ALPHA,web_reveal,false,Money checklist PDF
2026-08-01T09:30:16+05:30,ayesha.chauhan.518@example.com,Where to invest,ALPHA,community,true,none
2026-07-04T12:11:03+05:30,ayesha.chopra.491@example.com,Paying off loans,PLAN,community,true,Reveal walkthrough video
2026-08-31T20:25:51+05:30,ayesha.gupta.426@example.com,My children's education,ALPHA,web_reveal,true,Money checklist PDF
2026-06-05T20:46:03+05:30,ayesha.khanna.960@example.com,Retiring early,PLAN,community,true,Money checklist PDF
2026-06-22T09:28:24+05:30,ayesha.malhotra.852@example.com,My children's education,PLAN,community,true,Reveal walkthrough video
2026-06-30T11:17:16+05:30,ayesha.mishra.831@example.com,Paying off loans,PLAN,web_reveal,false,Reveal walkthrough video
2026-08-11T21:22:28+05:30,ayesha.sethi.315@example.com,Where to invest,PLAN,web_reveal,false,none
2026-07-14T16:38:33+05:30,ayesha.srivastava.543@example.com,Paying off loans,PLAN,web_reveal,false,none
2026-06-19T15:59:29+05:30,bhavana.gowda.133@example.com,Saving enough every month,PLAN,community,true,Money checklist PDF
2026-07-24T21:58:00+05:30,bhavana.iyengar.128@example.com,Insurance and cover,PLAN,web_reveal,false,Reveal walkthrough video
2026-08-14T13:47:45+05:30,bhavana.iyengar.646@example.com,My children's education,PLAN,web_reveal,false,none
2026-08-13T16:46:08+05:30,bhavana.menon.158@example.com,Paying off loans,ALPHA,web_reveal,false,Money checklist PDF
2026-07-01T21:42:40+05:30,bhavana.naidu.971@example.com,Paying off loans,PLAN,community,true,Reveal walkthrough video
2026-09-07T13:30:35+05:30,bhavana.pillai.543@example.com,Where to invest,ALPHA,web_reveal,true,Money checklist PDF
2026-08-21T17:01:11+05:30,bhavana.reddy.354@example.com,Paying off loans,PLAN,web_reveal,false,none
2026-09-17T12:49:55+05:30,bhavana.subramanian.700@example.com,Paying off loans,PLAN,community,true,Reveal walkthrough video
2026-06-27T12:31:16+05:30,bhavin.jain.525@example.com,Where to invest,PLAN,community,true,none
2026-09-11T07:48:04+05:30,bhavin.kulkarni.120@example.com,Saving enough every month,PLAN,community,true,Money checklist PDF
2026-07-10T20:16:25+05:30,bhavin.pawar.522@example.com,Saving enough every month,PLAN,web_reveal,true,none
2026-08-29T13:54:28+05:30,bhavin.sawant.669@example.com,Paying off loans,PLAN,community,true,Money checklist PDF
2026-08-18T21:46:49+05:30,bhavin.thakkar.122@example.com,My children's education,PLAN,community,true,Money checklist PDF
2026-09-10T14:59:56+05:30,biswajit.banerjee.281@example.com,My children's education,ALPHA,web_reveal,false,Reveal walkthrough video
2026-09-01T19:40:04+05:30,biswajit.sahoo.523@example.com,Paying off loans,ALPHA,web_reveal,false,none
2026-06-29T09:52:01+05:30,chaitanya.iyengar.438@example.com,Saving enough every month,PLAN,community,true,Reveal walkthrough video
2026-08-12T22:06:36+05:30,chaitanya.krishnan.951@example.com,Where to invest,ALPHA,community,true,Money checklist PDF
2026-07-19T18:04:23+05:30,chaitanya.kumar.313@example.com,Where to invest,ALPHA,community,true,none
2026-08-05T13:34:17+05:30,chaitanya.menon.649@example.com,Where to invest,ALPHA,web_reveal,false,none
2026-08-07T08:22:51+05:30,chaitanya.murthy.409@example.com,Retiring early,ALPHA,community,true,Money checklist PDF
2026-06-29T17:17:11+05:30,chaitanya.varma.291@example.com,Paying off loans,PLAN,web_reveal,false,none
2026-05-28T17:52:14+05:30,chinmay.dave.149@example.com,Where to invest,ALPHA,community,true,none
2026-05-17T11:09:07+05:30,chinmay.jadhav.609@example.com,Retiring early,ALPHA,web_reveal,true,Reveal walkthrough video
2026-08-22T18:11:35+05:30,chinmay.naik.237@example.com,Where to invest,PLAN,community,true,Reveal walkthrough video
2026-07-28T14:21:42+05:30,chinmay.pandya.302@example.com,Saving enough every month,PLAN,community,true,Money checklist PDF
2026-07-02T20:39:46+05:30,chinmay.pandya.962@example.com,Retiring early,ALPHA,community,true,Reveal walkthrough video
2026-07-25T23:48:25+05:30,chinmay.thakkar.199@example.com,Saving enough every month,PLAN,web_reveal,false,Reveal walkthrough video
2026-05-11T01:50:55+05:30,chinmay.trivedi.370@example.com,Where to invest,PLAN,community,true,none
2026-04-14T14:01:23+05:30,chinmay.vora.183@example.com,Saving enough every month,PLAN,web_reveal,false,Reveal walkthrough video
2026-09-02T09:54:49+05:30,debasish.majumdar.282@example.com,Retiring early,PLAN,web_reveal,true,Reveal walkthrough video
2026-05-04T07:14:46+05:30,debasish.pradhan.132@example.com,Paying off loans,PLAN,community,true,none
2026-08-06T19:02:57+05:30,deepa.hegde.949@example.com,Saving enough every month,PLAN,web_reveal,false,none
2026-08-21T21:50:17+05:30,deepa.iyer.715@example.com,Saving enough every month,ALPHA,web_reveal,false,Money checklist PDF
2026-06-09T08:19:43+05:30,deepa.krishnan.316@example.com,Retiring early,ALPHA,community,true,Money checklist PDF
2026-07-23T20:08:55+05:30,deepa.murthy.733@example.com,Where to invest,PLAN,community,true,none
2026-06-06T14:58:08+05:30,deepa.naidu.631@example.com,My children's education,PLAN,community,true,Money checklist PDF
2026-04-23T10:24:09+05:30,deepa.pillai.152@example.com,Retiring early,ALPHA,web_reveal,false,Reveal walkthrough video
2026-06-29T18:41:23+05:30,deepa.reddy.273@example.com,My children's education,ALPHA,community,true,Money checklist PDF
2026-08-03T20:17:01+05:30,deepa.reddy.541@example.com,Insurance and cover,PLAN,web_reveal,false,none
2026-05-02T20:30:50+05:30,deepa.shetty.328@example.com,Saving enough every month,PLAN,web_reveal,false,Reveal walkthrough video
2026-09-19T20:05:14+05:30,deepa.srinivasan.935@example.com,Insurance and cover,PLAN,web_reveal,true,none
2026-07-21T13:41:44+05:30,deepa.varma.629@example.com,Retiring early,PLAN,web_reveal,false,none
2026-06-30T18:36:49+05:30,deepak.agarwal.477@example.com,Paying off loans,ALPHA,community,true,Reveal walkthrough video
2026-06-21T14:48:06+05:30,deepak.chopra.110@example.com,Paying off loans,ALPHA,community,true,none
2026-06-20T15:31:42+05:30,deepak.kohli.738@example.com,Saving enough every month,PLAN,community,true,Reveal walkthrough video
2026-08-05T21:14:35+05:30,deepak.sharma.903@example.com,Insurance and cover,PLAN,web_reveal,false,none
2026-09-06T19:28:34+05:30,deepak.sharma.911@example.com,Paying off loans,PLAN,community,true,Money checklist PDF
2026-05-31T21:24:26+05:30,devika.chitale.714@example.com,Saving enough every month,ALPHA,community,true,Money checklist PDF
2026-09-08T20:05:56+05:30,devika.jain.258@example.com,My children's education,ALPHA,community,true,none
2026-08-11T11:52:32+05:30,devika.kulkarni.282@example.com,Insurance and cover,PLAN,web_reveal,false,Money checklist PDF
2026-05-26T07:51:48+05:30,devika.thakkar.993@example.com,Insurance and cover,ALPHA,web_reveal,false,none
2026-07-27T09:26:54+05:30,devika.vora.944@example.com,Paying off loans,PLAN,community,true,none
2026-09-09T18:23:45+05:30,dhruv.jadhav.749@example.com,Retiring early,PLAN,web_reveal,false,Money checklist PDF
2026-04-16T19:32:43+05:30,dhruv.jain.601@example.com,My children's education,PLAN,web_reveal,false,Money checklist PDF
2026-07-24T21:18:13+05:30,dhruv.joshi.293@example.com,Paying off loans,ALPHA,web_reveal,false,Money checklist PDF
2026-06-14T12:09:25+05:30,dhruv.trivedi.464@example.com,Retiring early,PLAN,web_reveal,false,Money checklist PDF
2026-04-04T07:25:04+05:30,dhruv.trivedi.808@example.com,My children's education,PLAN,web_reveal,false,Money checklist PDF
2026-07-31T12:31:16+05:30,divakar.balakrishnan.996@example.com,My children's education,PLAN,web_reveal,false,none
2026-07-29T18:45:49+05:30,divakar.gowda.983@example.com,Saving enough every month,ALPHA,web_reveal,false,Money checklist PDF
2026-07-06T20:35:50+05:30,divakar.krishnan.815@example.com,Paying off loans,PLAN,web_reveal,false,none
2026-06-12T14:18:43+05:30,divakar.kumar.224@example.com,My children's education,PLAN,web_reveal,false,Money checklist PDF
2026-06-21T07:50:49+05:30,divakar.kumar.531@example.com,Paying off loans,ALPHA,web_reveal,true,Reveal walkthrough video
2026-06-29T23:15:37+05:30,divakar.subramanian.253@example.com,Paying off loans,ALPHA,community,true,Reveal walkthrough video
2026-06-03T20:07:12+05:30,divya.arora.129@example.com,Where to invest,ALPHA,web_reveal,false,none
2026-09-09T00:56:26+05:30,divya.bansal.307@example.com,Retiring early,PLAN,web_reveal,false,Reveal walkthrough video
2026-06-04T19:55:02+05:30,divya.bedi.172@example.com,Paying off loans,ALPHA,community,true,Reveal walkthrough video
2026-07-26T18:20:30+05:30,divya.gupta.259@example.com,Insurance and cover,PLAN,community,true,Money checklist PDF
2026-07-19T20:20:58+05:30,divya.gupta.860@example.com,Where to invest,PLAN,web_reveal,false,Money checklist PDF
2026-08-05T15:07:35+05:30,divya.srivastava.556@example.com,Where to invest,PLAN,web_reveal,true,Reveal walkthrough video
2026-07-07T14:22:20+05:30,foram.dave.135@example.com,Paying off loans,PLAN,community,true,Money checklist PDF
2026-06-02T17:44:13+05:30,foram.gokhale.537@example.com,Insurance and cover,PLAN,web_reveal,false,Money checklist PDF
2026-07-23T22:41:29+05:30,foram.kamat.434@example.com,Retiring early,ALPHA,community,true,Reveal walkthrough video
2026-06-02T13:14:44+05:30,foram.shah.384@example.com,Saving enough every month,PLAN,community,true,Money checklist PDF
2026-05-28T12:50:15+05:30,foram.thakkar.660@example.com,Paying off loans,ALPHA,web_reveal,false,none
2026-05-26T19:22:55+05:30,ganesh.chandran.967@example.com,My children's education,PLAN,web_reveal,false,Reveal walkthrough video
2026-09-13T17:51:59+05:30,ganesh.iyer.689@example.com,Retiring early,ALPHA,web_reveal,false,Money checklist PDF
2026-08-17T19:56:08+05:30,ganesh.kamath.929@example.com,Paying off loans,PLAN,community,true,Reveal walkthrough video
2026-08-11T17:44:43+05:30,ganesh.pai.175@example.com,Retiring early,PLAN,web_reveal,false,none
2026-07-10T20:09:25+05:30,ganesh.prasad.483@example.com,Insurance and cover,ALPHA,web_reveal,false,Money checklist PDF
2026-06-10T23:39:05+05:30,ganesh.raman.982@example.com,Insurance and cover,PLAN,web_reveal,false,Reveal walkthrough video
2026-05-29T10:54:40+05:30,gauri.desai.419@example.com,Paying off loans,ALPHA,web_reveal,false,Reveal walkthrough video
2026-06-17T20:54:30+05:30,gauri.gokhale.142@example.com,Insurance and cover,PLAN,web_reveal,false,Money checklist PDF
2026-06-18T17:58:49+05:30,gauri.kulkarni.260@example.com,Retiring early,ALPHA,web_reveal,false,none
2026-09-15T20:07:39+05:30,gayathri.balakrishnan.363@example.com,Paying off loans,ALPHA,community,true,Money checklist PDF
2026-06-12T20:50:30+05:30,gayathri.balakrishnan.611@example.com,Paying off loans,PLAN,community,true,Reveal walkthrough video
2026-07-02T10:32:29+05:30,gayathri.balakrishnan.668@example.com,Retiring early,PLAN,web_reveal,false,Reveal walkthrough video
2026-06-27T22:22:29+05:30,gayathri.gowda.862@example.com,My children's education,ALPHA,web_reveal,false,Reveal walkthrough video
2026-07-29T10:22:44+05:30,gayathri.hegde.770@example.com,Where to invest,ALPHA,web_reveal,false,Reveal walkthrough video
2026-03-30T15:37:03+05:30,gayathri.iyengar.170@example.com,Where to invest,ALPHA,web_reveal,false,Money checklist PDF
2026-08-09T18:56:20+05:30,gayathri.iyengar.478@example.com,My children's education,ALPHA,community,true,none
2026-09-03T09:46:10+05:30,gayathri.naidu.203@example.com,Insurance and cover,PLAN,web_reveal,false,Money checklist PDF
2026-05-23T22:47:57+05:30,gayathri.naidu.674@example.com,My children's education,ALPHA,web_reveal,false,Reveal walkthrough video
2026-05-29T17:01:00+05:30,gayathri.nair.399@example.com,Paying off loans,ALPHA,community,true,none
2026-06-16T12:08:06+05:30,gayathri.raman.998@example.com,Where to invest,PLAN,community,true,Money checklist PDF
2026-09-12T09:44:42+05:30,gayathri.rao.277@example.com,Paying off loans,PLAN,web_reveal,false,none
2026-07-27T23:36:16+05:30,gayathri.srinivasan.823@example.com,My children's education,PLAN,web_reveal,false,Money checklist PDF
2026-08-22T13:14:00+05:30,gurpreet.arora.419@example.com,Saving enough every month,PLAN,web_reveal,false,none
2026-08-07T20:52:02+05:30,gurpreet.bhatia.760@example.com,Paying off loans,PLAN,web_reveal,false,none
2026-05-21T11:35:03+05:30,gurpreet.chauhan.265@example.com,Retiring early,ALPHA,community,true,Money checklist PDF
2026-07-04T20:38:36+05:30,gurpreet.gill.504@example.com,Where to invest,PLAN,community,true,Reveal walkthrough video
2026-06-19T18:18:20+05:30,gurpreet.khanna.561@example.com,My children's education,PLAN,community,true,Reveal walkthrough video
2026-05-12T22:16:20+05:30,gurpreet.khanna.595@example.com,Where to invest,PLAN,community,true,none
2026-05-10T11:25:58+05:30,hardik.chitale.456@example.com,Paying off loans,PLAN,web_reveal,false,none
2026-06-25T21:00:54+05:30,hardik.desai.820@example.com,Paying off loans,PLAN,community,true,Money checklist PDF
2026-08-08T15:07:19+05:30,hardik.jain.940@example.com,Insurance and cover,PLAN,web_reveal,false,Money checklist PDF
2026-05-12T12:33:32+05:30,hardik.joshi.313@example.com,Retiring early,ALPHA,community,true,none
2026-05-09T22:34:40+05:30,hardik.joshi.727@example.com,Saving enough every month,ALPHA,community,true,none
2026-09-14T10:55:48+05:30,hardik.thakkar.313@example.com,My children's education,PLAN,web_reveal,false,Money checklist PDF
2026-05-23T21:22:02+05:30,hardik.trivedi.742@example.com,Retiring early,PLAN,community,true,Reveal walkthrough video
2026-08-18T09:37:17+05:30,harini.iyer.952@example.com,Paying off loans,ALPHA,web_reveal,false,none
2026-05-09T12:02:34+05:30,harini.krishnan.368@example.com,My children's education,ALPHA,community,true,Money checklist PDF
2026-06-17T21:27:11+05:30,harini.krishnan.594@example.com,Where to invest,PLAN,community,true,Reveal walkthrough video
2026-05-31T08:05:20+05:30,harini.kumar.769@example.com,My children's education,PLAN,web_reveal,false,none
2026-04-19T14:35:38+05:30,harini.menon.968@example.com,Paying off loans,PLAN,web_reveal,false,Money checklist PDF
2026-04-30T10:26:51+05:30,harini.natarajan.586@example.com,Retiring early,PLAN,web_reveal,true,Money checklist PDF
2026-08-13T15:18:48+05:30,harini.natarajan.673@example.com,Insurance and cover,PLAN,web_reveal,false,Money checklist PDF
2026-05-25T13:09:17+05:30,harini.raman.511@example.com,Saving enough every month,PLAN,web_reveal,false,none
2026-06-11T11:15:37+05:30,harini.raman.572@example.com,Insurance and cover,PLAN,community,true,Reveal walkthrough video
2026-04-18T18:14:43+05:30,harini.rao.211@example.com,Retiring early,PLAN,community,true,none
2026-08-25T13:05:14+05:30,harini.reddy.554@example.com,Saving enough every month,PLAN,web_reveal,false,Money checklist PDF
2026-08-08T11:39:07+05:30,harini.subramanian.412@example.com,Paying off loans,ALPHA,community,true,Money checklist PDF
2026-08-27T09:30:27+05:30,harpreet.arora.286@example.com,Where to invest,PLAN,community,true,Reveal walkthrough video
2026-06-10T19:15:18+05:30,harpreet.bedi.444@example.com,Insurance and cover,ALPHA,community,true,none
2026-08-19T13:02:00+05:30,harpreet.chopra.261@example.com,Insurance and cover,PLAN,web_reveal,false,Money checklist PDF
2026-05-11T21:35:22+05:30,harpreet.srivastava.266@example.com,Insurance and cover,PLAN,community,true,Reveal walkthrough video
2026-09-05T19:21:03+05:30,harpreet.srivastava.270@example.com,My children's education,PLAN,web_reveal,false,Money checklist PDF
2026-09-08T18:37:23+05:30,harpreet.srivastava.450@example.com,Insurance and cover,ALPHA,web_reveal,false,Money checklist PDF
2026-08-16T22:13:49+05:30,harpreet.verma.359@example.com,Where to invest,ALPHA,web_reveal,false,none
2026-08-21T23:54:48+05:30,heena.desai.315@example.com,My children's education,ALPHA,web_reveal,false,none
2026-09-09T16:26:32+05:30,heena.desai.765@example.com,My children's education,PLAN,web_reveal,false,Reveal walkthrough video
2026-09-15T21:45:48+05:30,heena.desai.888@example.com,My children's education,PLAN,community,true,Money checklist PDF
2026-08-23T13:53:10+05:30,heena.patil.504@example.com,My children's education,PLAN,community,true,Reveal walkthrough video
2025-08-16T23:10:28+05:30,heena.shah.460@example.com,Paying off loans,PLAN,community,true,none
2026-09-13T20:36:37+05:30,heena.shah.618@example.com,My children's education,PLAN,web_reveal,false,Reveal walkthrough video
2026-08-04T20:25:57+05:30,hetal.chitale.379@example.com,Where to invest,ALPHA,community,true,Money checklist PDF
2026-08-13T10:46:00+05:30,hetal.gokhale.330@example.com,Insurance and cover,ALPHA,community,true,Money checklist PDF
2026-08-25T13:35:49+05:30,hetal.joshi.906@example.com,Retiring early,PLAN,web_reveal,false,none
2026-06-14T10:49:07+05:30,hetal.pandya.343@example.com,Where to invest,ALPHA,community,true,Money checklist PDF
2026-08-03T18:50:35+05:30,hetal.sawant.208@example.com,Where to invest,ALPHA,web_reveal,false,Reveal walkthrough video
2026-09-13T10:40:10+05:30,hetal.shah.386@example.com,Saving enough every month,ALPHA,community,true,none
2026-04-09T16:41:51+05:30,hetal.thakkar.238@example.com,Paying off loans,PLAN,web_reveal,false,Reveal walkthrough video
2026-04-27T10:58:16+05:30,hetal.thakkar.276@example.com,Saving enough every month,PLAN,web_reveal,true,Money checklist PDF
2026-04-28T23:07:33+05:30,hetal.thakkar.633@example.com,Insurance and cover,PLAN,web_reveal,false,Money checklist PDF
2026-08-31T21:40:15+05:30,hetal.thakkar.935@example.com,Retiring early,PLAN,web_reveal,false,Reveal walkthrough video
2026-05-24T20:10:31+05:30,indrani.banerjee.456@example.com,Saving enough every month,PLAN,community,true,Money checklist PDF
2026-07-05T23:02:08+05:30,indrani.chatterjee.582@example.com,Saving enough every month,ALPHA,community,true,none
2026-08-21T14:11:42+05:30,indrani.pradhan.254@example.com,My children's education,ALPHA,community,true,none
2026-05-31T15:20:05+05:30,indrani.roy.493@example.com,Where to invest,PLAN,community,true,none
2026-09-08T18:14:10+05:30,ishaan.arora.135@example.com,My children's education,ALPHA,community,true,Money checklist PDF
2026-04-28T21:44:57+05:30,ishaan.chopra.656@example.com,Retiring early,ALPHA,web_reveal,false,Reveal walkthrough video
2026-08-31T11:53:26+05:30,ishaan.kapoor.229@example.com,Retiring early,ALPHA,web_reveal,false,Reveal walkthrough video
2026-09-19T13:16:45+05:30,ishaan.mehra.732@example.com,Retiring early,PLAN,community,true,Money checklist PDF
2026-09-10T09:02:48+05:30,ishaan.sharma.642@example.com,Where to invest,PLAN,web_reveal,false,none
2026-06-07T18:38:32+05:30,ishaan.singh.267@example.com,Where to invest,ALPHA,community,true,none
2026-05-28T21:08:59+05:30,ishani.banerjee.463@example.com,Paying off loans,ALPHA,web_reveal,false,none
2026-08-30T13:32:22+05:30,ishani.chatterjee.839@example.com,Saving enough every month,PLAN,community,true,Reveal walkthrough video
2026-08-18T15:37:55+05:30,ishani.dutta.323@example.com,My children's education,PLAN,web_reveal,false,Reveal walkthrough video
2026-06-23T15:18:47+05:30,ishani.roy.158@example.com,Saving enough every month,ALPHA,community,true,Reveal walkthrough video
2026-08-07T16:26:34+05:30,ishita.chauhan.751@example.com,Retiring early,PLAN,web_reveal,false,Money checklist PDF
2026-04-08T21:17:03+05:30,ishita.saxena.247@example.com,My children's education,PLAN,community,true,Money checklist PDF
2026-09-11T21:10:21+05:30,ishita.saxena.926@example.com,Saving enough every month,PLAN,web_reveal,false,Reveal walkthrough video
2026-07-23T21:57:36+05:30,ishita.tiwari.580@example.com,Paying off loans,PLAN,community,true,Reveal walkthrough video
2026-06-04T16:44:05+05:30,janani.iyengar.393@example.com,Retiring early,PLAN,web_reveal,false,Reveal walkthrough video
2026-06-16T05:33:13+05:30,janani.kumar.377@example.com,Retiring early,PLAN,community,true,Money checklist PDF
2026-08-28T02:48:55+05:30,janani.kumar.422@example.com,Retiring early,PLAN,community,true,Money checklist PDF
2026-05-16T07:49:37+05:30,janani.naidu.668@example.com,My children's education,ALPHA,web_reveal,false,Money checklist PDF
2026-09-13T12:47:53+05:30,janani.prasad.668@example.com,Where to invest,PLAN,web_reveal,false,Reveal walkthrough video
2026-05-08T15:02:30+05:30,janani.raman.939@example.com,Retiring early,PLAN,web_reveal,false,Money checklist PDF
2026-09-10T20:15:13+05:30,janani.rao.711@example.com,My children's education,ALPHA,web_reveal,true,Reveal walkthrough video
2026-07-10T13:01:07+05:30,janani.rao.737@example.com,Insurance and cover,ALPHA,web_reveal,false,Reveal walkthrough video
2026-09-04T19:15:21+05:30,jasleen.kohli.111@example.com,My children's education,ALPHA,community,true,Money checklist PDF
2026-07-06T15:04:28+05:30,jasleen.pandey.471@example.com,Saving enough every month,PLAN,web_reveal,true,none
2026-07-27T20:26:38+05:30,jasleen.tandon.598@example.com,Insurance and cover,ALPHA,web_reveal,true,none
2026-09-12T19:56:15+05:30,jasleen.verma.826@example.com,Saving enough every month,ALPHA,web_reveal,false,Reveal walkthrough video
2026-09-10T09:30:28+05:30,jay.desai.462@example.com,My children's education,ALPHA,web_reveal,false,Reveal walkthrough video
2026-07-01T10:19:32+05:30,jay.deshmukh.626@example.com,Where to invest,ALPHA,web_reveal,false,Reveal walkthrough video
2026-05-20T12:01:43+05:30,jay.jadhav.144@example.com,Saving enough every month,PLAN,community,true,Money checklist PDF
2026-05-13T22:13:02+05:30,jay.joshi.156@example.com,Where to invest,ALPHA,community,true,Reveal walkthrough video
2026-08-01T21:21:35+05:30,jay.kamat.825@example.com,Paying off loans,ALPHA,web_reveal,false,Reveal walkthrough video
2026-05-28T14:23:04+05:30,jay.mehta.241@example.com,My children's education,ALPHA,web_reveal,false,Reveal walkthrough video
2026-06-29T19:42:44+05:30,jay.pandya.697@example.com,My children's education,ALPHA,web_reveal,false,Money checklist PDF
2026-07-15T23:32:49+05:30,jay.shah.953@example.com,Paying off loans,PLAN,web_reveal,false,Reveal walkthrough video
2026-07-12T10:19:05+05:30,jigar.desai.256@example.com,My children's education,PLAN,web_reveal,false,none
2026-07-04T00:22:03+05:30,jigar.deshmukh.427@example.com,Saving enough every month,ALPHA,community,true,Money checklist PDF
2026-05-08T15:22:09+05:30,jigar.patel.143@example.com,Where to invest,PLAN,community,true,Reveal walkthrough video
2026-09-11T11:33:48+05:30,jigar.patil.555@example.com,Saving enough every month,PLAN,web_reveal,false,Money checklist PDF
2026-08-04T13:38:42+05:30,jigar.patil.906@example.com,Paying off loans,PLAN,web_reveal,true,Reveal walkthrough video
2026-08-14T14:24:43+05:30,jigar.shah.656@example.com,Where to invest,PLAN,web_reveal,false,Money checklist PDF
2026-09-18T20:05:35+05:30,jigar.vora.328@example.com,Where to invest,PLAN,web_reveal,false,Reveal walkthrough video
2026-09-09T08:29:19+05:30,kabir.bansal.530@example.com,My children's education,PLAN,web_reveal,false,none
2026-07-18T16:53:34+05:30,kabir.bedi.229@example.com,Paying off loans,ALPHA,community,true,Money checklist PDF
2026-07-17T07:56:03+05:30,kabir.chopra.711@example.com,Insurance and cover,ALPHA,community,true,none
2026-07-19T19:36:50+05:30,kabir.gill.398@example.com,Retiring early,ALPHA,community,true,Reveal walkthrough video
2026-09-09T09:50:59+05:30,kabir.srivastava.283@example.com,Retiring early,PLAN,community,true,none
2026-05-27T19:39:07+05:30,karan.bhatia.819@example.com,Paying off loans,ALPHA,community,true,Reveal walkthrough video
2026-06-25T14:51:28+05:30,karan.bhatia.880@example.com,Where to invest,PLAN,community,true,Money checklist PDF
2026-06-06T09:02:44+05:30,karan.kapoor.343@example.com,Retiring early,ALPHA,community,true,Reveal walkthrough video
2026-04-23T12:30:34+05:30,karan.kapoor.623@example.com,Insurance and cover,ALPHA,web_reveal,false,none
2026-06-15T12:35:20+05:30,karan.pandey.372@example.com,Where to invest,ALPHA,web_reveal,true,Reveal walkthrough video
2026-04-02T09:56:25+05:30,karan.rathore.164@example.com,Retiring early,ALPHA,web_reveal,false,Reveal walkthrough video
2026-04-07T13:07:58+05:30,karan.rathore.250@example.com,Where to invest,PLAN,web_reveal,false,none
2026-05-24T18:54:06+05:30,karan.rathore.531@example.com,Paying off loans,ALPHA,web_reveal,false,Reveal walkthrough video
2026-06-19T12:30:15+05:30,karan.singh.783@example.com,Saving enough every month,PLAN,web_reveal,false,Reveal walkthrough video
2026-05-22T13:27:09+05:30,karthik.murthy.692@example.com,Saving enough every month,PLAN,web_reveal,false,none
2026-08-26T17:46:35+05:30,karthik.naidu.336@example.com,Insurance and cover,PLAN,web_reveal,false,Money checklist PDF
2026-07-28T22:55:42+05:30,karthik.rajan.291@example.com,Paying off loans,ALPHA,web_reveal,false,Money checklist PDF
2026-06-28T20:32:07+05:30,karthik.rao.373@example.com,Retiring early,PLAN,web_reveal,false,none
2026-05-17T19:07:01+05:30,karthik.reddy.600@example.com,Where to invest,PLAN,community,true,Reveal walkthrough video
2026-04-24T17:37:13+05:30,karthik.subramanian.197@example.com,Paying off loans,PLAN,community,true,none
2026-05-02T22:55:49+05:30,karthik.varma.416@example.com,Saving enough every month,PLAN,web_reveal,false,Reveal walkthrough video
2026-07-31T12:28:14+05:30,kaushik.roy.232@example.com,Saving enough every month,PLAN,community,true,Money checklist PDF
2026-07-10T18:14:39+05:30,kavitha.balakrishnan.557@example.com,Paying off loans,ALPHA,web_reveal,false,Reveal walkthrough video
2026-08-30T16:02:26+05:30,kavitha.krishnan.105@example.com,Where to invest,ALPHA,community,true,none
2026-04-29T13:14:29+05:30,kavitha.kumar.988@example.com,Where to invest,PLAN,community,true,Money checklist PDF
2026-08-14T10:57:27+05:30,kavitha.naidu.563@example.com,Retiring early,ALPHA,community,true,Money checklist PDF
2026-08-01T17:57:15+05:30,kavya.gupta.848@example.com,Saving enough every month,PLAN,web_reveal,false,Money checklist PDF
2026-04-10T10:14:40+05:30,kavya.kohli.865@example.com,Paying off loans,ALPHA,community,true,none
2026-07-07T18:37:55+05:30,kavya.sharma.408@example.com,Saving enough every month,PLAN,web_reveal,false,Money checklist PDF
2026-06-11T11:34:08+05:30,kavya.tiwari.224@example.com,Insurance and cover,PLAN,community,true,Reveal walkthrough video
2026-08-07T10:25:51+05:30,keerthana.krishnan.576@example.com,Retiring early,ALPHA,community,true,Money checklist PDF
2026-05-26T14:12:11+05:30,keerthana.menon.334@example.com,My children's education,ALPHA,community,true,none
2026-06-08T08:27:51+05:30,keerthana.rajan.493@example.com,Paying off loans,PLAN,web_reveal,false,Money checklist PDF
2026-09-21T12:28:13+05:30,keerthana.reddy.411@example.com,Where to invest,PLAN,community,true,Money checklist PDF
2026-07-22T19:14:41+05:30,ketan.bhosale.326@example.com,Where to invest,ALPHA,community,true,none
2026-09-13T09:44:35+05:30,ketan.chitale.720@example.com,My children's education,PLAN,web_reveal,false,Reveal walkthrough video
2026-04-01T11:42:56+05:30,ketan.desai.213@example.com,My children's education,PLAN,web_reveal,false,Money checklist PDF
2026-05-24T16:21:00+05:30,ketan.deshmukh.462@example.com,Paying off loans,ALPHA,web_reveal,false,none
2026-05-04T19:34:00+05:30,ketan.gokhale.500@example.com,Saving enough every month,ALPHA,community,true,Money checklist PDF
2026-07-06T10:55:40+05:30,ketan.kamat.672@example.com,My children's education,ALPHA,web_reveal,false,none
2026-08-24T17:51:24+05:30,ketan.kulkarni.225@example.com,Retiring early,PLAN,community,true,Money checklist PDF
2026-05-12T14:54:09+05:30,ketan.naik.907@example.com,My children's education,PLAN,community,true,Money checklist PDF
2026-05-23T00:09:34+05:30,ketan.patil.343@example.com,Where to invest,ALPHA,community,true,Money checklist PDF
2026-08-11T21:04:52+05:30,ketan.pawar.483@example.com,Where to invest,ALPHA,community,true,Money checklist PDF
2026-06-03T09:28:17+05:30,ketan.shah.303@example.com,My children's education,PLAN,community,true,Reveal walkthrough video
2026-09-13T19:09:58+05:30,ketan.vora.712@example.com,Where to invest,PLAN,community,true,none
2026-08-08T23:12:59+05:30,kinjal.bhosale.532@example.com,Insurance and cover,ALPHA,web_reveal,false,Reveal walkthrough video
2026-07-30T02:59:21+05:30,kinjal.gokhale.424@example.com,Saving enough every month,ALPHA,community,true,Money checklist PDF
2026-08-14T23:36:58+05:30,kinjal.gokhale.473@example.com,Where to invest,ALPHA,web_reveal,false,Reveal walkthrough video
2026-07-15T08:49:58+05:30,kinjal.jadhav.123@example.com,Insurance and cover,ALPHA,community,true,Money checklist PDF
2026-07-27T19:40:17+05:30,kinjal.kamat.817@example.com,Insurance and cover,PLAN,web_reveal,false,Money checklist PDF
2026-08-06T19:16:58+05:30,kinjal.naik.647@example.com,My children's education,ALPHA,web_reveal,false,Money checklist PDF
2026-08-17T10:28:45+05:30,krupa.patel.889@example.com,Paying off loans,PLAN,web_reveal,false,none
2026-06-14T09:12:14+05:30,krupa.trivedi.844@example.com,Where to invest,PLAN,web_reveal,false,none
2026-08-30T12:45:54+05:30,kunal.chitale.430@example.com,My children's education,PLAN,web_reveal,false,none
2026-09-12T11:37:21+05:30,kunal.chitale.598@example.com,Insurance and cover,ALPHA,web_reveal,false,Reveal walkthrough video
2026-09-11T20:44:53+05:30,kunal.deshmukh.381@example.com,My children's education,PLAN,web_reveal,false,Reveal walkthrough video
2026-05-31T15:18:15+05:30,kunal.jadhav.187@example.com,Where to invest,ALPHA,community,true,Money checklist PDF
2026-09-05T14:49:19+05:30,kunal.jadhav.520@example.com,My children's education,ALPHA,community,true,Money checklist PDF
2026-09-07T12:01:54+05:30,kunal.kamat.184@example.com,Paying off loans,PLAN,web_reveal,true,Money checklist PDF
2026-09-13T20:47:34+05:30,kunal.pandya.391@example.com,Saving enough every month,ALPHA,community,true,Reveal walkthrough video
2026-05-25T23:05:11+05:30,kunal.sawant.430@example.com,Paying off loans,PLAN,community,true,none
2026-08-14T20:47:15+05:30,kunal.shah.214@example.com,Where to invest,ALPHA,community,true,none
2026-07-02T16:03:09+05:30,kunal.shah.268@example.com,Retiring early,PLAN,web_reveal,false,none
2026-08-14T10:23:53+05:30,kunal.trivedi.490@example.com,Insurance and cover,PLAN,web_reveal,false,none
2026-08-13T16:14:43+05:30,lakshmi.chandran.829@example.com,Retiring early,ALPHA,web_reveal,false,none
2026-08-11T18:11:32+05:30,lakshmi.gowda.938@example.com,Retiring early,PLAN,community,true,Reveal walkthrough video
2026-06-06T07:05:55+05:30,lakshmi.hegde.519@example.com,Paying off loans,ALPHA,web_reveal,true,Reveal walkthrough video
2026-05-07T09:23:42+05:30,lakshmi.kumar.206@example.com,Insurance and cover,ALPHA,web_reveal,false,Money checklist PDF
2026-09-01T12:19:56+05:30,lakshmi.prasad.234@example.com,Retiring early,PLAN,web_reveal,false,Reveal walkthrough video
2026-05-03T10:43:00+05:30,lakshmi.prasad.995@example.com,Insurance and cover,PLAN,community,true,none
2026-06-06T20:44:13+05:30,lakshmi.shetty.708@example.com,Insurance and cover,ALPHA,web_reveal,false,Money checklist PDF
2026-05-17T23:20:18+05:30,lakshmi.srinivasan.783@example.com,Insurance and cover,PLAN,web_reveal,false,Money checklist PDF
2026-08-20T19:09:12+05:30,lakshmi.subramanian.126@example.com,Retiring early,ALPHA,web_reveal,false,none
2026-09-21T12:30:57+05:30,lakshmi.subramanian.466@example.com,Where to invest,PLAN,community,true,Money checklist PDF
2026-04-24T20:50:20+05:30,madhav.balakrishnan.765@example.com,Paying off loans,ALPHA,community,true,Reveal walkthrough video
2026-09-22T18:30:11+05:30,madhav.chandran.115@example.com,Saving enough every month,ALPHA,web_reveal,false,Reveal walkthrough video
2026-06-20T14:14:34+05:30,madhav.chandran.326@example.com,Saving enough every month,PLAN,web_reveal,true,none
2026-07-26T21:15:35+05:30,madhav.chandran.454@example.com,Insurance and cover,ALPHA,web_reveal,false,Reveal walkthrough video
2026-08-21T12:57:15+05:30,madhav.chandran.843@example.com,Where to invest,ALPHA,web_reveal,false,Reveal walkthrough video
2026-05-25T10:32:50+05:30,madhav.iyengar.766@example.com,Paying off loans,ALPHA,community,true,Reveal walkthrough video
2026-04-02T04:27:14+05:30,madhav.kumar.387@example.com,Retiring early,ALPHA,web_reveal,true,Money checklist PDF
2026-04-17T13:33:39+05:30,madhav.kumar.441@example.com,Paying off loans,PLAN,web_reveal,false,Reveal walkthrough video
2026-07-16T11:29:46+05:30,madhav.murthy.745@example.com,My children's education,ALPHA,web_reveal,false,Money checklist PDF
2026-07-10T22:56:33+05:30,madhav.natarajan.386@example.com,Where to invest,PLAN,community,true,none
2026-08-13T12:30:25+05:30,madhav.pillai.339@example.com,Paying off loans,PLAN,web_reveal,false,Reveal walkthrough video
2026-07-06T14:48:43+05:30,madhav.rajan.756@example.com,Insurance and cover,PLAN,web_reveal,false,Reveal walkthrough video
2026-06-15T12:29:34+05:30,madhav.shetty.853@example.com,Where to invest,PLAN,web_reveal,false,Reveal walkthrough video
2026-08-08T11:12:36+05:30,madhura.dave.557@example.com,Paying off loans,PLAN,community,true,Reveal walkthrough video
2026-08-22T14:35:19+05:30,madhura.dave.647@example.com,Insurance and cover,PLAN,web_reveal,false,none
2026-08-07T16:16:57+05:30,madhura.jain.184@example.com,Insurance and cover,PLAN,web_reveal,false,Reveal walkthrough video
2026-09-11T10:43:12+05:30,madhura.patel.709@example.com,Saving enough every month,PLAN,web_reveal,false,Reveal walkthrough video
2026-09-16T11:36:53+05:30,madhura.pawar.578@example.com,My children's education,PLAN,web_reveal,false,Money checklist PDF
2026-05-24T11:04:40+05:30,madhura.thakkar.354@example.com,Insurance and cover,ALPHA,web_reveal,false,none
2026-07-14T13:28:03+05:30,manish.arora.614@example.com,Insurance and cover,PLAN,community,true,Money checklist PDF
2026-04-19T23:04:06+05:30,manish.chauhan.222@example.com,Retiring early,PLAN,web_reveal,false,Money checklist PDF
2026-07-03T08:19:28+05:30,manish.chopra.680@example.com,Insurance and cover,PLAN,community,true,Money checklist PDF
2026-04-20T21:37:05+05:30,manish.mishra.397@example.com,Saving enough every month,PLAN,web_reveal,false,Reveal walkthrough video
2026-07-10T21:16:15+05:30,manish.sharma.614@example.com,Insurance and cover,ALPHA,community,true,Reveal walkthrough video
2026-09-02T18:47:25+05:30,manish.singh.269@example.com,Retiring early,ALPHA,web_reveal,false,Reveal walkthrough video
2026-07-04T15:12:36+05:30,mansi.apte.277@example.com,Insurance and cover,ALPHA,community,true,Reveal walkthrough video
2026-08-31T09:07:46+05:30,mansi.patil.206@example.com,Retiring early,ALPHA,web_reveal,false,none
2026-05-21T12:28:24+05:30,mansi.pawar.339@example.com,Saving enough every month,PLAN,community,true,Reveal walkthrough video
2026-06-15T15:33:30+05:30,mansi.pawar.342@example.com,My children's education,ALPHA,community,true,none
2026-08-26T17:15:59+05:30,mansi.vora.606@example.com,My children's education,PLAN,web_reveal,false,none
2026-09-17T09:01:20+05:30,meenakshi.kumar.299@example.com,Saving enough every month,ALPHA,web_reveal,false,Reveal walkthrough video
2026-05-25T07:57:15+05:30,meenakshi.menon.112@example.com,Saving enough every month,ALPHA,web_reveal,true,Money checklist PDF
2026-04-07T11:50:27+05:30,meenakshi.murthy.683@example.com,Where to invest,ALPHA,community,true,none
2026-04-14T20:05:26+05:30,meenakshi.nair.277@example.com,Retiring early,ALPHA,web_reveal,false,none
2026-07-12T09:36:54+05:30,meenakshi.natarajan.518@example.com,Paying off loans,ALPHA,web_reveal,false,Money checklist PDF
2026-04-28T21:11:51+05:30,meenakshi.pai.649@example.com,Paying off loans,ALPHA,community,true,none
2026-04-20T22:33:56+05:30,meenakshi.prasad.948@example.com,Where to invest,ALPHA,web_reveal,true,Reveal walkthrough video
2026-04-16T10:06:04+05:30,meenakshi.raman.395@example.com,Paying off loans,PLAN,community,true,Money checklist PDF
2026-05-06T11:44:57+05:30,meenakshi.raman.529@example.com,Insurance and cover,ALPHA,community,true,Reveal walkthrough video
2026-05-07T13:32:11+05:30,meenakshi.rao.688@example.com,Paying off loans,PLAN,community,true,Reveal walkthrough video
2026-04-28T09:38:43+05:30,meenakshi.subramanian.583@example.com,Retiring early,ALPHA,web_reveal,false,Reveal walkthrough video
2026-07-10T13:48:30+05:30,meera.arora.297@example.com,Saving enough every month,ALPHA,community,true,Reveal walkthrough video
2026-04-20T12:04:54+05:30,meera.chauhan.141@example.com,Retiring early,PLAN,community,true,Money checklist PDF
2026-07-15T18:11:50+05:30,meera.chopra.108@example.com,My children's education,PLAN,community,true,Reveal walkthrough video
2026-06-15T21:49:40+05:30,meera.kapoor.599@example.com,My children's education,PLAN,community,true,none
2026-09-03T14:34:40+05:30,meera.khanna.295@example.com,My children's education,PLAN,community,true,Money checklist PDF
2026-07-23T11:49:09+05:30,meera.pandey.953@example.com,Paying off loans,PLAN,web_reveal,false,Reveal walkthrough video
2026-07-22T21:47:40+05:30,meera.rathore.974@example.com,My children's education,PLAN,community,true,Reveal walkthrough video
2026-07-03T13:11:57+05:30,meera.sharma.444@example.com,My children's education,ALPHA,web_reveal,false,Money checklist PDF
2026-04-30T14:51:48+05:30,meera.srivastava.627@example.com,Retiring early,PLAN,web_reveal,false,Reveal walkthrough video
2026-06-06T23:05:10+05:30,meera.tiwari.227@example.com,Saving enough every month,PLAN,web_reveal,true,none
2026-08-24T17:22:11+05:30,meera.tiwari.279@example.com,Retiring early,PLAN,community,true,Money checklist PDF
2026-06-10T06:11:16+05:30,meera.verma.429@example.com,My children's education,PLAN,community,true,Reveal walkthrough video
2026-09-16T16:06:58+05:30,mehak.sharma.117@example.com,Saving enough every month,ALPHA,web_reveal,false,none
2026-09-02T15:24:50+05:30,mehak.tandon.512@example.com,Saving enough every month,ALPHA,web_reveal,false,Money checklist PDF
2026-08-14T15:13:04+05:30,mihir.apte.108@example.com,Where to invest,PLAN,community,true,Reveal walkthrough video
2026-09-15T19:32:05+05:30,mihir.bhosale.696@example.com,Retiring early,PLAN,web_reveal,false,Reveal walkthrough video
2026-06-11T11:32:00+05:30,mihir.dave.339@example.com,Paying off loans,ALPHA,web_reveal,false,Money checklist PDF
2026-05-03T18:24:31+05:30,mihir.gokhale.817@example.com,Retiring early,ALPHA,web_reveal,false,Reveal walkthrough video
2026-05-17T10:52:42+05:30,mihir.jadhav.767@example.com,My children's education,PLAN,web_reveal,true,Reveal walkthrough video
2026-06-30T19:01:57+05:30,mihir.joshi.650@example.com,Insurance and cover,PLAN,community,true,Money checklist PDF
2026-05-06T23:28:43+05:30,mihir.joshi.993@example.com,Where to invest,ALPHA,community,true,Reveal walkthrough video
2026-08-20T12:49:27+05:30,mihir.naik.580@example.com,Where to invest,PLAN,web_reveal,false,Money checklist PDF
2026-05-13T20:21:26+05:30,mihir.sawant.225@example.com,Where to invest,PLAN,web_reveal,false,none
2026-09-03T17:52:00+05:30,mihir.sawant.563@example.com,Paying off loans,PLAN,community,true,none
2026-05-27T07:03:33+05:30,mohit.bansal.448@example.com,Paying off loans,ALPHA,web_reveal,false,Money checklist PDF
2026-09-04T13:36:45+05:30,mohit.pandey.303@example.com,Saving enough every month,ALPHA,community,true,none
2026-09-01T11:12:28+05:30,mohit.sharma.137@example.com,Where to invest,ALPHA,web_reveal,false,none
2026-08-07T12:16:38+05:30,mohit.singh.875@example.com,Insurance and cover,ALPHA,community,true,none
2026-09-15T21:47:16+05:30,moumita.bose.210@example.com,Where to invest,ALPHA,community,true,Money checklist PDF
2026-08-27T04:07:22+05:30,moumita.saha.328@example.com,Saving enough every month,PLAN,web_reveal,false,none
2026-04-02T22:31:11+05:30,naina.chauhan.970@example.com,Insurance and cover,ALPHA,web_reveal,false,Money checklist PDF
2026-06-29T19:45:44+05:30,naina.chopra.141@example.com,Paying off loans,ALPHA,web_reveal,false,none
2026-04-29T10:20:39+05:30,naina.khanna.735@example.com,My children's education,ALPHA,community,true,Money checklist PDF
2026-05-11T14:51:18+05:30,naina.rathore.464@example.com,Retiring early,PLAN,community,true,none
2026-05-08T04:07:21+05:30,naina.tiwari.404@example.com,Where to invest,ALPHA,web_reveal,false,Reveal walkthrough video
2026-09-02T12:36:02+05:30,naina.tiwari.692@example.com,Retiring early,ALPHA,web_reveal,false,Money checklist PDF
2026-06-13T22:00:00+05:30,nandini.chandran.161@example.com,Paying off loans,ALPHA,community,true,none
2025-09-03T03:19:07+05:30,nandini.iyengar.462@example.com,Paying off loans,PLAN,community,true,Reveal walkthrough video
2026-09-13T19:48:25+05:30,nandini.krishnan.206@example.com,Where to invest,ALPHA,web_reveal,false,Money checklist PDF
2026-08-13T21:48:39+05:30,nandini.menon.365@example.com,My children's education,ALPHA,community,true,none
2026-06-12T15:59:10+05:30,nandini.pai.314@example.com,Retiring early,PLAN,community,true,none
2026-09-10T21:16:11+05:30,nandini.rajan.230@example.com,Insurance and cover,PLAN,community,true,none
2026-08-24T13:40:32+05:30,nandini.rajan.327@example.com,Insurance and cover,PLAN,web_reveal,false,none
2026-09-09T07:23:48+05:30,nandini.rajan.615@example.com,My children's education,PLAN,community,true,Reveal walkthrough video
2026-06-13T17:20:16+05:30,nandini.rajan.930@example.com,Saving enough every month,PLAN,community,true,Reveal walkthrough video
2026-07-05T08:01:26+05:30,nandini.srinivasan.126@example.com,Retiring early,PLAN,web_reveal,true,Reveal walkthrough video
2026-06-25T10:59:56+05:30,naveen.naidu.676@example.com,Paying off loans,ALPHA,web_reveal,false,Reveal walkthrough video
2026-07-24T09:46:54+05:30,naveen.naidu.958@example.com,My children's education,PLAN,community,true,none
2026-09-05T14:36:37+05:30,naveen.nair.491@example.com,Where to invest,PLAN,web_reveal,false,Reveal walkthrough video
2026-07-15T13:30:22+05:30,naveen.nair.555@example.com,Paying off loans,PLAN,web_reveal,false,none
2026-09-17T17:54:20+05:30,naveen.rajan.328@example.com,Saving enough every month,PLAN,web_reveal,true,Reveal walkthrough video
2026-08-26T09:08:27+05:30,naveen.rao.440@example.com,My children's education,PLAN,web_reveal,false,Money checklist PDF
2026-09-12T14:12:05+05:30,naveen.reddy.577@example.com,Insurance and cover,PLAN,web_reveal,false,none
2026-09-20T22:59:35+05:30,naveen.subramanian.608@example.com,Saving enough every month,PLAN,web_reveal,false,none
2026-07-21T11:18:56+05:30,neha.malhotra.432@example.com,My children's education,ALPHA,community,true,Reveal walkthrough video
2026-04-22T20:24:09+05:30,neha.saxena.299@example.com,My children's education,PLAN,community,true,Money checklist PDF
2026-04-03T21:59:50+05:30,nidhi.dave.597@example.com,Insurance and cover,PLAN,community,true,none
2026-06-08T11:28:50+05:30,nidhi.jain.351@example.com,My children's education,PLAN,web_reveal,false,Money checklist PDF
2026-04-14T08:37:54+05:30,nidhi.pawar.153@example.com,Where to invest,ALPHA,community,true,none
2026-08-10T11:13:12+05:30,nidhi.shinde.257@example.com,Where to invest,ALPHA,web_reveal,false,Reveal walkthrough video
2026-09-22T22:00:33+05:30,nidhi.trivedi.727@example.com,Insurance and cover,PLAN,web_reveal,false,Reveal walkthrough video
2026-08-11T23:54:37+05:30,nidhi.trivedi.880@example.com,Saving enough every month,PLAN,community,true,Reveal walkthrough video
2026-04-23T10:48:51+05:30,nikhil.gill.829@example.com,My children's education,PLAN,community,true,Reveal walkthrough video
2026-08-12T18:57:33+05:30,nikhil.gupta.909@example.com,Saving enough every month,PLAN,community,true,Reveal walkthrough video
2026-08-31T09:30:02+05:30,nikhil.mehra.125@example.com,Insurance and cover,ALPHA,web_reveal,false,none
2026-09-14T14:17:23+05:30,nikhil.pandey.317@example.com,Retiring early,ALPHA,web_reveal,false,Money checklist PDF
2026-07-13T19:56:24+05:30,nikhil.sharma.170@example.com,Paying off loans,ALPHA,community,true,Money checklist PDF
2026-04-30T07:04:37+05:30,nikhil.sharma.206@example.com,Insurance and cover,ALPHA,community,true,none
2026-07-03T21:00:12+05:30,nirav.kamat.472@example.com,Paying off loans,ALPHA,community,true,Reveal walkthrough video
2026-09-08T08:00:04+05:30,nirav.pandya.341@example.com,Insurance and cover,ALPHA,web_reveal,false,none
2026-07-06T07:49:58+05:30,nirav.pawar.699@example.com,Saving enough every month,ALPHA,web_reveal,true,Reveal walkthrough video
2026-09-08T23:54:12+05:30,nishant.chitale.736@example.com,Paying off loans,PLAN,community,true,none
2026-07-14T21:50:58+05:30,nishant.dave.542@example.com,Insurance and cover,PLAN,web_reveal,false,Reveal walkthrough video
2026-04-15T02:02:49+05:30,nishant.gokhale.376@example.com,Retiring early,ALPHA,web_reveal,false,Money checklist PDF
2026-08-26T14:08:49+05:30,nishant.jain.269@example.com,Where to invest,ALPHA,web_reveal,false,Reveal walkthrough video
2026-07-11T11:46:33+05:30,nishant.kamat.588@example.com,Where to invest,PLAN,community,true,Money checklist PDF
2026-07-18T12:20:23+05:30,nishant.kulkarni.285@example.com,Paying off loans,PLAN,community,true,Money checklist PDF
2026-06-08T20:00:41+05:30,nishant.mehta.446@example.com,Paying off loans,PLAN,community,true,Money checklist PDF
2026-08-06T11:06:46+05:30,nishant.naik.527@example.com,Retiring early,PLAN,web_reveal,false,Money checklist PDF
2026-05-18T07:30:26+05:30,nishant.thakkar.930@example.com,Paying off loans,PLAN,community,true,Money checklist PDF
2026-07-03T18:30:32+05:30,nishant.vora.727@example.com,Paying off loans,PLAN,community,true,Money checklist PDF
2026-07-03T19:44:25+05:30,nithya.hegde.801@example.com,Paying off loans,PLAN,web_reveal,true,none
2026-08-06T14:22:19+05:30,nithya.iyengar.433@example.com,Insurance and cover,PLAN,community,true,Reveal walkthrough video
2026-07-28T18:52:22+05:30,nithya.kamath.403@example.com,Retiring early,PLAN,community,true,Reveal walkthrough video
2026-08-23T23:34:55+05:30,nithya.natarajan.138@example.com,Saving enough every month,ALPHA,community,true,none
2026-07-30T09:44:27+05:30,nithya.natarajan.244@example.com,Where to invest,PLAN,community,true,Money checklist PDF
2026-09-08T22:51:30+05:30,nithya.reddy.821@example.com,Insurance and cover,ALPHA,web_reveal,false,none
2026-09-09T20:57:58+05:30,nithya.shetty.760@example.com,My children's education,ALPHA,community,true,none
2026-06-10T11:14:55+05:30,nithya.varma.329@example.com,My children's education,ALPHA,web_reveal,false,Money checklist PDF
2026-05-01T15:23:13+05:30,nitin.bedi.309@example.com,Insurance and cover,PLAN,web_reveal,true,Reveal walkthrough video
2026-08-29T11:54:05+05:30,nitin.chauhan.124@example.com,Where to invest,PLAN,community,true,Reveal walkthrough video
2026-07-01T12:08:09+05:30,nitin.chauhan.150@example.com,Where to invest,PLAN,web_reveal,false,Reveal walkthrough video
2026-06-14T13:29:28+05:30,nitin.gupta.102@example.com,My children's education,PLAN,web_reveal,false,Reveal walkthrough video
2026-09-05T13:25:02+05:30,nitin.kapoor.943@example.com,My children's education,PLAN,web_reveal,false,Money checklist PDF
2026-06-18T21:05:51+05:30,nitin.mishra.999@example.com,Paying off loans,PLAN,community,true,none
2026-04-21T11:07:52+05:30,nitin.srivastava.893@example.com,Where to invest,PLAN,web_reveal,false,none
2026-05-30T22:04:00+05:30,nitin.verma.673@example.com,Saving enough every month,PLAN,web_reveal,false,Money checklist PDF
2026-08-19T18:48:32+05:30,nitin.verma.882@example.com,Retiring early,ALPHA,web_reveal,true,none
2026-04-08T20:02:39+05:30,omkar.bhosale.933@example.com,Insurance and cover,ALPHA,web_reveal,true,none
2026-06-12T08:57:40+05:30,omkar.chitale.158@example.com,Retiring early,PLAN,community,true,Money checklist PDF
2026-07-31T13:23:27+05:30,omkar.deshmukh.222@example.com,Saving enough every month,PLAN,community,true,none
2026-06-11T14:53:23+05:30,omkar.jain.589@example.com,Paying off loans,PLAN,community,true,none
2026-04-16T20:57:36+05:30,omkar.pawar.254@example.com,Saving enough every month,PLAN,web_reveal,false,none
2026-07-21T20:53:02+05:30,parth.bhosale.156@example.com,Saving enough every month,PLAN,web_reveal,false,none
2026-05-17T15:18:29+05:30,parth.mehta.913@example.com,My children's education,PLAN,web_reveal,false,none
2026-08-25T09:35:18+05:30,parth.patel.654@example.com,Retiring early,PLAN,community,true,none
2026-07-27T11:03:09+05:30,parth.pawar.712@example.com,Retiring early,PLAN,web_reveal,false,Reveal walkthrough video
2026-08-25T22:09:55+05:30,pavithra.balakrishnan.931@example.com,Where to invest,PLAN,web_reveal,false,Money checklist PDF
2026-07-02T12:52:55+05:30,pavithra.chandran.263@example.com,Where to invest,PLAN,web_reveal,false,none
2026-07-31T11:04:23+05:30,pavithra.chandran.755@example.com,Where to invest,PLAN,community,true,none
2026-03-28T04:03:04+05:30,pavithra.gowda.453@example.com,Paying off loans,ALPHA,community,true,none
2026-07-30T20:30:01+05:30,pavithra.iyengar.339@example.com,Retiring early,ALPHA,community,true,Reveal walkthrough video
2026-06-21T16:12:24+05:30,pavithra.kamath.577@example.com,Paying off loans,PLAN,web_reveal,false,none
2026-09-18T22:48:31+05:30,pavithra.kamath.976@example.com,My children's education,PLAN,community,true,none
2026-03-30T09:47:17+05:30,pavithra.murthy.377@example.com,Retiring early,ALPHA,community,true,Reveal walkthrough video
2026-09-14T07:13:12+05:30,pavithra.nair.415@example.com,Retiring early,PLAN,web_reveal,false,none
2026-08-26T21:23:47+05:30,pavithra.pai.643@example.com,My children's education,PLAN,web_reveal,false,Reveal walkthrough video
2026-08-19T07:37:54+05:30,pavithra.srinivasan.617@example.com,My children's education,PLAN,community,true,Money checklist PDF
2026-07-29T20:48:21+05:30,pavithra.subramanian.450@example.com,Retiring early,PLAN,community,true,Money checklist PDF
2026-07-23T10:45:44+05:30,payal.agarwal.711@example.com,Paying off loans,PLAN,web_reveal,false,Money checklist PDF
2026-07-26T11:52:14+05:30,payal.bansal.319@example.com,Insurance and cover,ALPHA,web_reveal,false,Reveal walkthrough video
2026-09-16T10:41:08+05:30,payal.bansal.566@example.com,Paying off loans,PLAN,web_reveal,false,Reveal walkthrough video
2026-08-22T21:20:54+05:30,payal.gupta.163@example.com,Insurance and cover,PLAN,web_reveal,true,none
2026-07-19T14:57:50+05:30,payal.malhotra.713@example.com,Retiring early,ALPHA,community,true,Reveal walkthrough video
2026-08-24T07:37:58+05:30,payal.verma.733@example.com,Paying off loans,ALPHA,community,true,Reveal walkthrough video
2026-08-21T08:34:39+05:30,payal.verma.995@example.com,My children's education,ALPHA,community,true,Money checklist PDF
2026-08-23T22:14:49+05:30,payel.bose.766@example.com,My children's education,PLAN,web_reveal,false,Reveal walkthrough video
2026-04-27T19:37:53+05:30,payel.majumdar.698@example.com,Insurance and cover,PLAN,web_reveal,false,Reveal walkthrough video
2026-08-26T23:21:31+05:30,payel.mitra.800@example.com,Saving enough every month,ALPHA,community,true,Reveal walkthrough video
2026-08-12T20:54:59+05:30,payel.mohanty.629@example.com,Saving enough every month,PLAN,web_reveal,false,Reveal walkthrough video
2026-05-08T09:15:05+05:30,pooja.saxena.445@example.com,Where to invest,PLAN,community,true,Reveal walkthrough video
2026-04-16T16:36:25+05:30,pooja.sethi.174@example.com,My children's education,PLAN,web_reveal,false,Reveal walkthrough video
2026-07-08T10:11:16+05:30,pooja.tandon.597@example.com,Retiring early,PLAN,web_reveal,false,none
2026-08-25T14:18:01+05:30,poulami.bose.634@example.com,Retiring early,PLAN,web_reveal,false,Money checklist PDF
2026-07-11T14:45:07+05:30,poulami.chakraborty.244@example.com,Saving enough every month,PLAN,community,true,Reveal walkthrough video
2026-07-20T23:02:19+05:30,poulami.dutta.463@example.com,Paying off loans,PLAN,web_reveal,false,none
2026-06-15T11:32:09+05:30,poulami.saha.659@example.com,Insurance and cover,PLAN,web_reveal,false,Money checklist PDF
2026-08-23T10:09:19+05:30,prachi.chitale.664@example.com,Paying off loans,PLAN,web_reveal,false,none
2026-04-02T11:51:37+05:30,prachi.kamat.658@example.com,My children's education,PLAN,web_reveal,false,none
2026-08-18T19:22:25+05:30,prachi.pawar.703@example.com,Where to invest,PLAN,community,true,none
2026-06-21T12:57:56+05:30,prachi.shah.686@example.com,Where to invest,PLAN,community,true,none
2026-07-28T13:46:21+05:30,prachi.shah.791@example.com,Retiring early,PLAN,community,true,Money checklist PDF
2026-05-08T13:57:41+05:30,prachi.shinde.136@example.com,Insurance and cover,PLAN,community,true,Money checklist PDF
2026-05-08T12:15:57+05:30,prachi.vora.495@example.com,Retiring early,PLAN,web_reveal,false,none
2026-07-07T09:50:19+05:30,pradeep.murthy.452@example.com,My children's education,ALPHA,web_reveal,false,Money checklist PDF
2026-09-15T07:42:59+05:30,pradeep.murthy.947@example.com,Insurance and cover,ALPHA,web_reveal,true,Reveal walkthrough video
2026-04-23T08:42:40+05:30,pradeep.naidu.180@example.com,Insurance and cover,PLAN,web_reveal,false,none
2026-08-10T23:09:01+05:30,pradeep.nair.225@example.com,My children's education,PLAN,community,true,none
2026-07-13T08:56:03+05:30,pradeep.natarajan.973@example.com,My children's education,PLAN,community,true,none
2026-07-06T21:21:55+05:30,pradeep.srinivasan.198@example.com,Where to invest,ALPHA,web_reveal,false,Reveal walkthrough video
2026-05-25T15:02:30+05:30,pranali.bhosale.327@example.com,Insurance and cover,PLAN,web_reveal,false,none
2026-06-27T22:30:21+05:30,pranali.bhosale.652@example.com,Saving enough every month,ALPHA,community,true,Money checklist PDF
2026-07-05T18:52:39+05:30,pranali.chitale.425@example.com,My children's education,PLAN,community,true,Money checklist PDF
2026-08-06T19:59:44+05:30,pranali.chitale.873@example.com,My children's education,ALPHA,web_reveal,true,Reveal walkthrough video
2026-06-17T10:45:02+05:30,pranali.gokhale.191@example.com,Where to invest,PLAN,community,true,Money checklist PDF
2026-06-24T11:09:09+05:30,pranali.patil.360@example.com,Where to invest,PLAN,community,true,Reveal walkthrough video
2026-08-04T21:54:46+05:30,pranali.shinde.857@example.com,Where to invest,ALPHA,community,true,none
2026-08-25T08:20:19+05:30,pranali.trivedi.877@example.com,My children's education,ALPHA,community,true,Money checklist PDF
2026-05-23T16:15:03+05:30,pranav.agarwal.637@example.com,Where to invest,ALPHA,community,true,Reveal walkthrough video
2026-05-15T21:02:13+05:30,pranav.arora.397@example.com,Retiring early,PLAN,web_reveal,false,none
2026-07-11T10:19:51+05:30,pranav.bansal.731@example.com,Insurance and cover,PLAN,web_reveal,false,Reveal walkthrough video
2026-08-17T20:15:05+05:30,pranav.pandey.703@example.com,Saving enough every month,ALPHA,community,true,none
2026-04-07T23:41:11+05:30,pranav.sharma.571@example.com,Insurance and cover,ALPHA,community,true,Money checklist PDF
2026-06-26T08:55:24+05:30,pranav.singh.968@example.com,Retiring early,PLAN,web_reveal,true,Money checklist PDF
2026-07-04T18:17:12+05:30,prasanna.iyer.241@example.com,Paying off loans,PLAN,community,true,Money checklist PDF
2026-07-29T17:34:39+05:30,prasanna.kamath.238@example.com,Saving enough every month,ALPHA,web_reveal,false,none
2026-05-18T21:29:47+05:30,prasanna.krishnan.967@example.com,Insurance and cover,ALPHA,community,true,Reveal walkthrough video
2026-09-03T18:27:47+05:30,prasanna.pai.498@example.com,Insurance and cover,PLAN,web_reveal,false,Money checklist PDF
2026-06-29T12:46:40+05:30,prasanna.prasad.652@example.com,Retiring early,PLAN,web_reveal,false,Money checklist PDF
2026-06-04T10:23:12+05:30,prasanna.prasad.853@example.com,Insurance and cover,PLAN,community,true,none
2026-08-08T23:56:29+05:30,prasanna.reddy.780@example.com,Saving enough every month,ALPHA,community,true,Money checklist PDF
2026-05-24T15:15:42+05:30,priya.agarwal.252@example.com,Insurance and cover,PLAN,web_reveal,false,Reveal walkthrough video
2026-05-18T13:27:02+05:30,priya.agarwal.707@example.com,Saving enough every month,ALPHA,web_reveal,true,Reveal walkthrough video
2026-06-01T11:16:16+05:30,priya.bansal.679@example.com,My children's education,PLAN,web_reveal,false,Reveal walkthrough video
2026-09-11T15:56:05+05:30,priya.chauhan.337@example.com,Retiring early,ALPHA,community,true,none
2026-09-11T16:38:27+05:30,priya.mishra.225@example.com,Paying off loans,PLAN,community,true,Reveal walkthrough video
2026-07-22T16:34:27+05:30,priya.mishra.828@example.com,Paying off loans,ALPHA,web_reveal,false,Money checklist PDF
2026-07-03T18:54:08+05:30,priya.tiwari.149@example.com,Retiring early,PLAN,community,true,Reveal walkthrough video
2026-07-16T19:54:10+05:30,priya.tiwari.324@example.com,Paying off loans,PLAN,web_reveal,false,Money checklist PDF
2026-07-24T14:40:00+05:30,priyanka.banerjee.991@example.com,Saving enough every month,ALPHA,web_reveal,false,Money checklist PDF
2026-07-26T07:15:19+05:30,priyanka.bose.104@example.com,Where to invest,ALPHA,community,true,Reveal walkthrough video
2026-05-06T11:44:40+05:30,priyanka.majumdar.379@example.com,Retiring early,PLAN,web_reveal,false,none
2026-06-15T13:27:44+05:30,priyanka.saha.926@example.com,Insurance and cover,PLAN,community,true,none
2026-09-05T21:36:13+05:30,rahul.bedi.648@example.com,My children's education,ALPHA,web_reveal,false,Reveal walkthrough video
2026-06-29T11:25:18+05:30,rahul.bedi.664@example.com,Saving enough every month,PLAN,community,true,Money checklist PDF
2026-07-12T14:40:40+05:30,rahul.kapoor.306@example.com,Retiring early,PLAN,web_reveal,false,none
2026-09-19T13:18:09+05:30,rahul.verma.725@example.com,Paying off loans,ALPHA,community,true,none
2026-06-05T18:46:03+05:30,rajarshi.das.176@example.com,Paying off loans,PLAN,community,true,none
2026-08-29T16:11:31+05:30,rajarshi.dutta.947@example.com,My children's education,PLAN,community,true,Money checklist PDF
2026-08-18T10:49:01+05:30,rajiv.balakrishnan.730@example.com,Paying off loans,ALPHA,web_reveal,true,none
2026-08-18T21:45:15+05:30,rajiv.kumar.887@example.com,Insurance and cover,ALPHA,community,true,Money checklist PDF
2026-08-16T09:58:29+05:30,rajiv.menon.226@example.com,Retiring early,PLAN,community,true,Reveal walkthrough video
2026-04-23T21:43:19+05:30,rajiv.naidu.486@example.com,Paying off loans,PLAN,web_reveal,false,Reveal walkthrough video
2026-08-03T20:19:03+05:30,rajiv.nair.205@example.com,My children's education,PLAN,web_reveal,false,Money checklist PDF
2026-05-11T13:02:14+05:30,rajiv.natarajan.343@example.com,Where to invest,PLAN,web_reveal,false,Money checklist PDF
2026-06-21T21:44:30+05:30,ramya.balakrishnan.704@example.com,Insurance and cover,PLAN,web_reveal,false,none
2026-09-05T20:06:37+05:30,ramya.hegde.830@example.com,Paying off loans,PLAN,community,true,Reveal walkthrough video
2026-06-16T20:53:04+05:30,ramya.murthy.314@example.com,Where to invest,PLAN,community,true,Reveal walkthrough video
2026-08-14T07:28:40+05:30,revathi.balakrishnan.468@example.com,My children's education,PLAN,web_reveal,false,none
2026-05-22T14:43:00+05:30,revathi.balakrishnan.767@example.com,Where to invest,PLAN,community,true,none
2026-06-23T18:21:20+05:30,revathi.iyengar.782@example.com,Where to invest,ALPHA,web_reveal,false,none
2026-09-16T19:28:55+05:30,revathi.iyer.619@example.com,Insurance and cover,PLAN,web_reveal,true,Reveal walkthrough video
2026-08-03T08:41:03+05:30,revathi.kamath.611@example.com,Retiring early,PLAN,community,true,Reveal walkthrough video
2026-05-21T13:39:04+05:30,revathi.kamath.651@example.com,Where to invest,ALPHA,community,true,Money checklist PDF
2026-06-21T19:12:44+05:30,revathi.krishnan.221@example.com,Where to invest,PLAN,web_reveal,false,Reveal walkthrough video
2026-08-25T14:21:00+05:30,revathi.nair.338@example.com,Saving enough every month,ALPHA,web_reveal,true,Money checklist PDF
2026-07-19T20:56:55+05:30,revathi.pillai.263@example.com,Retiring early,PLAN,community,true,Money checklist PDF
2026-08-01T10:25:56+05:30,revathi.srinivasan.357@example.com,My children's education,PLAN,community,true,none
2026-08-06T13:26:18+05:30,revathi.srinivasan.460@example.com,Saving enough every month,ALPHA,web_reveal,false,none
2026-06-13T15:40:03+05:30,revathi.subramanian.588@example.com,Paying off loans,ALPHA,community,true,none
2026-08-25T23:06:59+05:30,riddhi.apte.336@example.com,Saving enough every month,PLAN,community,true,Money checklist PDF
2026-08-26T17:36:23+05:30,riddhi.desai.603@example.com,Retiring early,ALPHA,community,true,Reveal walkthrough video
2026-08-28T20:14:02+05:30,riddhi.deshmukh.556@example.com,Insurance and cover,PLAN,web_reveal,false,Reveal walkthrough video
2026-05-31T16:45:46+05:30,riddhi.mehta.116@example.com,My children's education,ALPHA,web_reveal,true,Reveal walkthrough video
2026-09-12T10:54:36+05:30,riddhi.pawar.293@example.com,Retiring early,ALPHA,web_reveal,true,Reveal walkthrough video
2026-07-17T13:49:16+05:30,riddhi.pawar.430@example.com,Paying off loans,PLAN,community,true,Reveal walkthrough video
2026-06-07T09:45:32+05:30,riddhi.sawant.398@example.com,Where to invest,ALPHA,community,true,Money checklist PDF
2026-05-26T19:13:40+05:30,riddhi.sawant.578@example.com,Where to invest,PLAN,web_reveal,false,Money checklist PDF
2026-06-07T20:46:28+05:30,ritika.agarwal.274@example.com,Where to invest,PLAN,web_reveal,false,Money checklist PDF
2026-08-05T16:15:38+05:30,ritika.tandon.302@example.com,Insurance and cover,PLAN,web_reveal,false,Money checklist PDF
2026-09-18T18:27:11+05:30,rituparna.pradhan.209@example.com,Retiring early,PLAN,web_reveal,false,Reveal walkthrough video
2026-09-19T19:55:43+05:30,rituparna.pradhan.726@example.com,My children's education,PLAN,community,true,none
2026-06-30T17:07:33+05:30,rohan.agarwal.786@example.com,Where to invest,ALPHA,web_reveal,false,none
2026-05-06T13:26:35+05:30,rohan.arora.354@example.com,Insurance and cover,PLAN,community,true,none
2026-04-24T08:13:05+05:30,rohan.bedi.834@example.com,Saving enough every month,ALPHA,community,true,Reveal walkthrough video
2026-08-17T19:37:39+05:30,rohan.bedi.905@example.com,Paying off loans,PLAN,community,true,Reveal walkthrough video
2026-08-21T10:41:23+05:30,rohan.bedi.955@example.com,Insurance and cover,ALPHA,web_reveal,false,Money checklist PDF
2026-07-07T22:02:22+05:30,rohan.bhatia.887@example.com,Insurance and cover,PLAN,web_reveal,false,Money checklist PDF
2026-09-23T06:02:00+05:30,rohan.kapoor.386@example.com,Retiring early,ALPHA,community,true,none
2026-09-20T10:24:22+05:30,rohan.khanna.635@example.com,Insurance and cover,ALPHA,community,true,none
2026-05-05T09:49:43+05:30,rohan.mehra.685@example.com,Saving enough every month,ALPHA,web_reveal,true,Money checklist PDF
2026-08-22T20:11:28+05:30,rohan.mishra.313@example.com,My children's education,PLAN,community,true,Reveal walkthrough video
2026-07-14T10:50:34+05:30,rohan.mishra.511@example.com,Insurance and cover,ALPHA,community,true,Reveal walkthrough video
2026-04-03T11:23:20+05:30,rohan.saxena.946@example.com,Insurance and cover,PLAN,community,true,Reveal walkthrough video
2026-04-20T17:31:04+05:30,rohan.singh.764@example.com,Saving enough every month,PLAN,community,true,none
2026-05-29T22:20:58+05:30,rohan.srivastava.210@example.com,Paying off loans,PLAN,web_reveal,true,none
2026-05-01T10:18:09+05:30,rohit.chitale.445@example.com,Insurance and cover,PLAN,web_reveal,false,none
2026-05-03T17:05:51+05:30,rohit.dave.154@example.com,Retiring early,ALPHA,web_reveal,false,Reveal walkthrough video
2026-05-28T20:18:12+05:30,rohit.desai.759@example.com,Where to invest,PLAN,web_reveal,false,none
2026-08-18T22:59:20+05:30,rohit.gokhale.113@example.com,Where to invest,PLAN,web_reveal,false,Reveal walkthrough video
2026-09-11T19:47:05+05:30,rohit.joshi.842@example.com,Saving enough every month,PLAN,community,true,Money checklist PDF
2026-07-30T15:07:22+05:30,rohit.patil.327@example.com,Paying off loans,ALPHA,community,true,Money checklist PDF
2026-07-18T14:00:56+05:30,rohit.shah.507@example.com,Insurance and cover,PLAN,community,true,Money checklist PDF
2026-08-21T11:14:08+05:30,rohit.shinde.752@example.com,Saving enough every month,PLAN,web_reveal,false,Money checklist PDF
2026-07-31T12:00:49+05:30,rohit.thakkar.928@example.com,Paying off loans,PLAN,community,true,Money checklist PDF
2026-07-24T21:59:28+05:30,ruchi.bansal.810@example.com,Where to invest,ALPHA,community,true,Money checklist PDF
2026-06-23T17:19:08+05:30,ruchi.gill.126@example.com,Insurance and cover,PLAN,web_reveal,false,none
2026-07-05T08:52:56+05:30,ruchi.malhotra.173@example.com,Retiring early,PLAN,web_reveal,false,Reveal walkthrough video
2026-05-24T17:36:24+05:30,ruchi.mishra.390@example.com,Retiring early,ALPHA,web_reveal,false,Money checklist PDF
2026-09-20T21:36:58+05:30,ruchi.pandey.207@example.com,Insurance and cover,PLAN,community,true,Money checklist PDF
2026-06-17T17:58:02+05:30,rutuja.dave.772@example.com,Where to invest,PLAN,web_reveal,false,none
2026-04-28T18:37:48+05:30,rutuja.jadhav.466@example.com,Where to invest,PLAN,web_reveal,false,Reveal walkthrough video
2026-09-21T21:29:52+05:30,rutuja.jadhav.650@example.com,Where to invest,PLAN,community,true,Money checklist PDF
2026-07-05T11:00:12+05:30,rutuja.jain.428@example.com,Paying off loans,PLAN,web_reveal,false,none
2026-05-22T13:17:18+05:30,rutuja.mehta.906@example.com,Saving enough every month,ALPHA,web_reveal,false,none
2026-06-22T21:08:42+05:30,rutuja.pandya.545@example.com,Paying off loans,ALPHA,web_reveal,false,Money checklist PDF
2026-08-20T22:25:05+05:30,rutuja.pawar.749@example.com,Insurance and cover,ALPHA,web_reveal,true,Money checklist PDF
2026-05-13T21:26:04+05:30,sagar.joshi.740@example.com,Where to invest,PLAN,community,true,Reveal walkthrough video
2026-07-09T14:42:39+05:30,sagar.kamat.820@example.com,Saving enough every month,PLAN,web_reveal,false,none
2026-04-09T12:30:01+05:30,sagar.patel.891@example.com,My children's education,ALPHA,web_reveal,false,none
2026-09-18T19:55:40+05:30,sagar.sawant.363@example.com,Paying off loans,ALPHA,web_reveal,false,none
2026-04-23T09:54:26+05:30,sahil.bansal.805@example.com,Paying off loans,PLAN,community,true,Money checklist PDF
2026-05-19T09:44:09+05:30,sahil.chauhan.118@example.com,Paying off loans,PLAN,web_reveal,false,Reveal walkthrough video
2026-05-05T08:35:55+05:30,sahil.chopra.741@example.com,Saving enough every month,PLAN,community,true,none
2026-07-13T19:35:51+05:30,sahil.gill.845@example.com,Paying off loans,PLAN,web_reveal,false,Money checklist PDF
2026-09-09T10:11:26+05:30,sahil.mishra.685@example.com,Saving enough every month,ALPHA,web_reveal,false,none
2026-05-22T10:01:57+05:30,sahil.pandey.262@example.com,Insurance and cover,PLAN,community,true,Reveal walkthrough video
2026-08-20T21:44:13+05:30,sahil.singh.302@example.com,Insurance and cover,PLAN,community,true,Money checklist PDF
2025-09-09T16:28:34+05:30,sai.kamath.461@example.com,Paying off loans,ALPHA,web_reveal,false,Money checklist PDF
2026-09-08T20:14:08+05:30,sai.naidu.580@example.com,Retiring early,ALPHA,community,true,none
2026-05-04T12:28:31+05:30,sai.rajan.556@example.com,Retiring early,PLAN,web_reveal,false,none
2026-07-20T21:38:46+05:30,sai.reddy.249@example.com,Paying off loans,PLAN,web_reveal,false,none
2026-05-04T18:27:25+05:30,sai.shetty.418@example.com,Insurance and cover,ALPHA,web_reveal,false,Reveal walkthrough video
2026-09-12T18:08:57+05:30,sakshi.agarwal.176@example.com,My children's education,ALPHA,community,true,none
2026-08-19T10:10:55+05:30,sakshi.arora.666@example.com,Where to invest,ALPHA,community,true,Money checklist PDF
2026-09-19T22:48:31+05:30,sakshi.chopra.385@example.com,My children's education,PLAN,web_reveal,false,none
2026-07-25T13:13:07+05:30,sakshi.khanna.371@example.com,My children's education,PLAN,community,true,Reveal walkthrough video
2026-09-15T06:52:20+05:30,sakshi.singh.278@example.com,Where to invest,PLAN,web_reveal,false,none
2026-06-23T12:23:08+05:30,saloni.desai.573@example.com,My children's education,ALPHA,community,true,Money checklist PDF
2026-07-31T21:21:23+05:30,saloni.jain.446@example.com,Saving enough every month,ALPHA,web_reveal,false,Reveal walkthrough video
2026-06-15T14:28:44+05:30,saloni.joshi.304@example.com,Insurance and cover,PLAN,web_reveal,true,Reveal walkthrough video
2026-07-13T21:02:35+05:30,saloni.joshi.616@example.com,Retiring early,PLAN,web_reveal,false,none
2026-06-29T07:06:39+05:30,saloni.kulkarni.392@example.com,Retiring early,ALPHA,web_reveal,false,Reveal walkthrough video
2026-09-11T16:32:11+05:30,saloni.patil.389@example.com,My children's education,ALPHA,web_reveal,false,Reveal walkthrough video
2026-08-12T16:06:12+05:30,saloni.sawant.399@example.com,Saving enough every month,PLAN,web_reveal,false,Reveal walkthrough video
2026-07-10T15:17:05+05:30,saloni.shinde.584@example.com,Saving enough every month,PLAN,community,true,none
2026-09-21T07:41:33+05:30,saloni.thakkar.290@example.com,My children's education,PLAN,community,true,Reveal walkthrough video
2026-05-14T21:13:14+05:30,sameer.chitale.168@example.com,Where to invest,PLAN,community,true,Reveal walkthrough video
2026-08-03T17:08:30+05:30,sameer.deshmukh.366@example.com,Insurance and cover,PLAN,community,true,none
2026-05-14T21:30:59+05:30,sameer.kulkarni.218@example.com,My children's education,ALPHA,web_reveal,false,none
2026-08-03T19:40:53+05:30,sameer.pandya.771@example.com,Insurance and cover,PLAN,web_reveal,false,Reveal walkthrough video
2026-05-26T16:33:28+05:30,sameer.pawar.800@example.com,Insurance and cover,PLAN,web_reveal,true,Money checklist PDF
2026-09-06T21:50:35+05:30,sameer.shinde.267@example.com,Where to invest,ALPHA,web_reveal,false,Money checklist PDF
2026-08-28T15:51:26+05:30,sameer.shinde.567@example.com,My children's education,PLAN,community,true,Money checklist PDF
2026-08-27T09:42:49+05:30,sandeep.balakrishnan.229@example.com,Where to invest,PLAN,web_reveal,false,Money checklist PDF
2026-07-31T11:44:30+05:30,sandeep.balakrishnan.447@example.com,Where to invest,PLAN,web_reveal,false,Money checklist PDF
2026-09-10T20:37:14+05:30,sandeep.krishnan.330@example.com,Where to invest,PLAN,community,true,none
2026-09-16T13:33:04+05:30,sandeep.natarajan.288@example.com,My children's education,PLAN,community,true,none
2026-04-11T20:19:31+05:30,sandeep.pai.870@example.com,Saving enough every month,PLAN,community,true,Money checklist PDF
2026-08-07T15:22:44+05:30,sandeep.reddy.355@example.com,My children's education,PLAN,web_reveal,false,none
2026-08-23T16:08:03+05:30,sandeep.reddy.756@example.com,Saving enough every month,PLAN,web_reveal,false,Reveal walkthrough video
2026-03-30T23:03:36+05:30,sandeep.reddy.945@example.com,Where to invest,PLAN,web_reveal,false,Reveal walkthrough video
2026-05-19T23:37:28+05:30,sanjana.bedi.683@example.com,Where to invest,PLAN,community,true,none
2026-07-22T08:20:09+05:30,sanjana.chopra.404@example.com,Where to invest,PLAN,web_reveal,false,none
2026-09-17T17:00:02+05:30,sanjana.gupta.939@example.com,Saving enough every month,ALPHA,community,true,Reveal walkthrough video
2026-06-10T22:35:34+05:30,sanjana.khanna.287@example.com,Retiring early,ALPHA,community,true,none
2026-09-01T23:20:18+05:30,sanjana.pandey.343@example.com,Retiring early,ALPHA,web_reveal,true,none
2026-05-10T22:23:31+05:30,sayan.das.362@example.com,Insurance and cover,PLAN,community,true,Reveal walkthrough video
2026-08-12T20:56:18+05:30,sayan.das.879@example.com,My children's education,ALPHA,community,true,Money checklist PDF
2026-08-17T09:46:03+05:30,sayan.majumdar.609@example.com,Saving enough every month,PLAN,web_reveal,false,none
2026-05-10T22:30:01+05:30,sayan.patnaik.788@example.com,Saving enough every month,ALPHA,web_reveal,false,Money checklist PDF
2026-09-18T13:15:54+05:30,shalini.iyer.984@example.com,Paying off loans,ALPHA,community,true,none
2026-07-23T13:51:50+05:30,shalini.nair.411@example.com,My children's education,PLAN,web_reveal,false,Money checklist PDF
2026-09-13T22:43:04+05:30,shalini.natarajan.101@example.com,Saving enough every month,PLAN,community,true,none
2026-08-22T18:01:39+05:30,shalini.prasad.877@example.com,Insurance and cover,ALPHA,web_reveal,false,Money checklist PDF
2026-06-24T19:14:09+05:30,shalini.shetty.297@example.com,Retiring early,PLAN,web_reveal,false,Reveal walkthrough video
2026-09-18T15:47:25+05:30,shalini.srinivasan.328@example.com,Where to invest,PLAN,community,true,none
2026-08-20T16:05:16+05:30,shreya.bansal.164@example.com,Retiring early,PLAN,community,true,none
2026-07-12T22:01:47+05:30,shreya.kohli.535@example.com,My children's education,ALPHA,community,true,none
2026-07-15T06:41:03+05:30,shreya.srivastava.324@example.com,Insurance and cover,PLAN,web_reveal,false,Reveal walkthrough video
2026-06-01T19:07:48+05:30,shreyasi.chakraborty.980@example.com,Paying off loans,ALPHA,web_reveal,false,Money checklist PDF
2026-07-07T21:48:42+05:30,shreyasi.das.883@example.com,Paying off loans,ALPHA,community,true,Money checklist PDF
2026-05-06T14:15:20+05:30,shreyasi.nayak.144@example.com,Saving enough every month,ALPHA,web_reveal,false,Reveal walkthrough video
2026-09-12T16:41:31+05:30,shreyasi.pradhan.423@example.com,Paying off loans,ALPHA,community,true,Reveal walkthrough video
2026-08-21T07:57:52+05:30,shreyasi.sahoo.724@example.com,My children's education,ALPHA,web_reveal,false,Reveal walkthrough video
2026-04-10T10:10:30+05:30,shruti.apte.170@example.com,My children's education,PLAN,community,true,none
2026-09-20T21:23:05+05:30,shruti.joshi.303@example.com,Insurance and cover,ALPHA,community,true,Money checklist PDF
2026-05-09T10:53:21+05:30,shruti.joshi.398@example.com,Insurance and cover,PLAN,community,true,Reveal walkthrough video
2026-06-01T04:42:09+05:30,shruti.joshi.450@example.com,Saving enough every month,ALPHA,web_reveal,true,Money checklist PDF
2026-07-20T21:02:49+05:30,shruti.kamat.644@example.com,Insurance and cover,PLAN,web_reveal,false,Reveal walkthrough video
2026-09-16T20:49:35+05:30,shruti.sawant.766@example.com,Insurance and cover,ALPHA,community,true,Reveal walkthrough video
2026-05-10T06:19:17+05:30,shruti.thakkar.362@example.com,Where to invest,PLAN,community,true,Money checklist PDF
2026-08-16T22:35:58+05:30,siddharth.dave.226@example.com,My children's education,PLAN,community,true,none
2026-07-18T12:50:02+05:30,siddharth.deshmukh.514@example.com,Insurance and cover,PLAN,web_reveal,false,Reveal walkthrough video
2026-09-18T09:22:46+05:30,siddharth.kamat.905@example.com,Insurance and cover,PLAN,community,true,Reveal walkthrough video
2026-07-27T17:24:34+05:30,siddharth.kulkarni.153@example.com,Saving enough every month,PLAN,community,true,Money checklist PDF
2026-04-28T06:22:23+05:30,siddharth.patel.455@example.com,Paying off loans,PLAN,community,true,none
2026-07-18T10:03:44+05:30,siddharth.shah.245@example.com,Saving enough every month,ALPHA,web_reveal,true,Reveal walkthrough video
2026-06-08T14:29:47+05:30,siddharth.shinde.210@example.com,My children's education,ALPHA,community,true,none
2026-06-14T21:23:14+05:30,siddharth.thakkar.582@example.com,My children's education,PLAN,community,true,none
2026-09-19T08:00:39+05:30,siddharth.trivedi.345@example.com,My children's education,PLAN,web_reveal,true,Reveal walkthrough video
2026-06-16T12:21:27+05:30,siddharth.trivedi.926@example.com,Where to invest,PLAN,web_reveal,false,Money checklist PDF
2026-09-20T11:56:48+05:30,simran.gill.816@example.com,Insurance and cover,PLAN,web_reveal,false,none
2026-05-09T12:27:56+05:30,simran.gupta.765@example.com,Paying off loans,ALPHA,community,true,Reveal walkthrough video
2026-08-31T19:57:20+05:30,simran.khanna.564@example.com,My children's education,PLAN,web_reveal,false,Money checklist PDF
2026-07-07T13:52:03+05:30,simran.malhotra.960@example.com,My children's education,PLAN,web_reveal,false,none
2026-05-12T22:05:59+05:30,simran.mehra.417@example.com,Where to invest,ALPHA,community,true,Reveal walkthrough video
2026-06-26T13:14:24+05:30,simran.verma.571@example.com,My children's education,PLAN,community,true,none
2026-08-01T20:37:32+05:30,sindhu.gowda.930@example.com,Retiring early,PLAN,web_reveal,false,Money checklist PDF
2026-07-27T20:27:42+05:30,sindhu.iyer.998@example.com,Saving enough every month,PLAN,web_reveal,false,Money checklist PDF
2026-06-18T15:09:07+05:30,sindhu.murthy.855@example.com,Saving enough every month,ALPHA,community,true,Money checklist PDF
2026-08-22T16:52:46+05:30,sindhu.nair.160@example.com,Insurance and cover,PLAN,web_reveal,false,none
2026-08-22T13:38:49+05:30,sindhu.pai.450@example.com,Where to invest,PLAN,community,true,none
2026-07-01T22:03:49+05:30,sindhu.rao.558@example.com,Insurance and cover,ALPHA,community,true,none
2026-06-05T12:17:08+05:30,sindhu.shetty.585@example.com,Insurance and cover,PLAN,community,true,Money checklist PDF
2026-08-30T12:10:32+05:30,sneha.apte.939@example.com,My children's education,PLAN,community,true,none
2026-09-02T22:27:10+05:30,sneha.bhosale.734@example.com,Paying off loans,PLAN,community,true,none
2026-05-11T18:32:20+05:30,sneha.chitale.693@example.com,Saving enough every month,PLAN,web_reveal,false,Reveal walkthrough video
2026-06-01T19:32:37+05:30,sneha.deshmukh.552@example.com,Insurance and cover,ALPHA,web_reveal,false,Reveal walkthrough video
2026-06-20T22:04:55+05:30,sneha.gokhale.179@example.com,Where to invest,PLAN,web_reveal,false,Money checklist PDF
2026-05-05T17:16:48+05:30,sneha.gokhale.692@example.com,My children's education,PLAN,community,true,Money checklist PDF
2026-07-10T17:05:24+05:30,sneha.jadhav.390@example.com,Retiring early,PLAN,community,true,Money checklist PDF
2026-08-13T14:42:33+05:30,sneha.kulkarni.970@example.com,Where to invest,ALPHA,web_reveal,false,Reveal walkthrough video
2026-09-12T22:55:07+05:30,sneha.pawar.199@example.com,Where to invest,ALPHA,web_reveal,true,none
2026-08-10T21:05:51+05:30,sneha.shah.575@example.com,Paying off loans,PLAN,community,true,none
2026-06-10T18:57:01+05:30,sneha.vora.639@example.com,My children's education,PLAN,web_reveal,true,none
2026-05-14T21:32:01+05:30,soumya.chakraborty.568@example.com,Retiring early,ALPHA,web_reveal,false,none
2026-04-01T21:39:23+05:30,soumya.nayak.152@example.com,Retiring early,PLAN,web_reveal,false,Reveal walkthrough video
2026-09-14T07:56:50+05:30,soumya.saha.733@example.com,Paying off loans,ALPHA,web_reveal,false,none
2026-04-10T19:15:12+05:30,sourav.chatterjee.779@example.com,Where to invest,PLAN,web_reveal,false,Reveal walkthrough video
2026-04-06T08:15:39+05:30,sourav.sahoo.435@example.com,Paying off loans,PLAN,web_reveal,false,none
2026-08-15T01:21:09+05:30,sourav.sahoo.510@example.com,Saving enough every month,ALPHA,community,true,Money checklist PDF
2026-05-24T18:33:24+05:30,sourav.sen.565@example.com,Insurance and cover,ALPHA,community,true,none
2026-05-06T21:24:22+05:30,sowmya.balakrishnan.163@example.com,Insurance and cover,PLAN,web_reveal,true,Reveal walkthrough video
2026-09-08T09:12:25+05:30,sowmya.balakrishnan.430@example.com,Paying off loans,PLAN,community,true,none
2026-07-09T13:32:58+05:30,sowmya.pillai.638@example.com,Where to invest,PLAN,community,true,Money checklist PDF
2026-08-14T19:12:22+05:30,sowmya.rajan.843@example.com,Paying off loans,ALPHA,community,true,none
2026-04-05T11:17:19+05:30,sowmya.rao.591@example.com,Insurance and cover,PLAN,web_reveal,false,none
2026-08-19T12:12:06+05:30,sowmya.srinivasan.217@example.com,Saving enough every month,PLAN,web_reveal,false,Money checklist PDF
2026-08-28T21:34:00+05:30,sowmya.srinivasan.266@example.com,Retiring early,ALPHA,community,true,none
2026-04-06T20:45:25+05:30,srinivas.hegde.288@example.com,Paying off loans,PLAN,web_reveal,false,none
2026-08-28T22:06:24+05:30,srinivas.kamath.848@example.com,Insurance and cover,ALPHA,community,true,Money checklist PDF
2026-07-10T10:57:42+05:30,srinivas.rao.892@example.com,Where to invest,ALPHA,web_reveal,false,Reveal walkthrough video
2026-07-10T11:35:16+05:30,srinivas.reddy.141@example.com,Retiring early,ALPHA,web_reveal,false,Reveal walkthrough video
2026-06-05T20:38:19+05:30,srinivas.shetty.380@example.com,Paying off loans,PLAN,community,true,Reveal walkthrough video
2026-07-27T12:51:56+05:30,srinivas.srinivasan.427@example.com,Where to invest,PLAN,web_reveal,false,none
2026-04-03T21:41:55+05:30,subhajit.chatterjee.354@example.com,Saving enough every month,PLAN,web_reveal,false,none
2026-05-25T12:59:23+05:30,subhajit.mohanty.782@example.com,Retiring early,ALPHA,web_reveal,false,Reveal walkthrough video
2026-07-19T09:23:43+05:30,sudipta.banerjee.134@example.com,Saving enough every month,ALPHA,web_reveal,false,none
2026-06-25T18:39:33+05:30,sudipta.majumdar.915@example.com,Where to invest,ALPHA,community,true,none
2026-08-05T09:25:10+05:30,sudipta.nayak.114@example.com,Saving enough every month,ALPHA,community,true,Reveal walkthrough video
2026-07-12T17:10:59+05:30,sudipta.saha.323@example.com,Paying off loans,PLAN,community,true,Money checklist PDF
2026-04-28T13:05:14+05:30,suresh.nair.454@example.com,Paying off loans,ALPHA,web_reveal,true,Money checklist PDF
2026-06-20T10:16:29+05:30,suresh.nair.513@example.com,Retiring early,PLAN,web_reveal,false,none
2026-08-04T18:07:42+05:30,suresh.rajan.472@example.com,Where to invest,PLAN,web_reveal,false,none
2026-05-09T16:03:55+05:30,suresh.raman.276@example.com,Paying off loans,PLAN,community,true,none
2026-09-18T20:42:50+05:30,suresh.varma.274@example.com,Where to invest,PLAN,web_reveal,false,Reveal walkthrough video
2026-05-25T17:56:43+05:30,swathi.balakrishnan.565@example.com,Insurance and cover,PLAN,web_reveal,false,none
2026-04-04T15:47:52+05:30,swathi.iyer.308@example.com,My children's education,PLAN,community,true,Money checklist PDF
2026-05-26T11:20:57+05:30,swathi.iyer.713@example.com,Paying off loans,PLAN,community,true,Reveal walkthrough video
2026-06-30T20:12:08+05:30,swathi.naidu.773@example.com,Insurance and cover,ALPHA,web_reveal,false,Money checklist PDF
2026-07-06T19:15:21+05:30,swathi.nair.319@example.com,Paying off loans,PLAN,web_reveal,false,none
2026-04-12T09:56:43+05:30,swathi.natarajan.583@example.com,My children's education,PLAN,community,true,Reveal walkthrough video
2026-07-08T12:54:37+05:30,swathi.reddy.234@example.com,Saving enough every month,PLAN,web_reveal,true,Reveal walkthrough video
2026-09-06T16:57:01+05:30,tanmoy.majumdar.864@example.com,Paying off loans,PLAN,web_reveal,true,Money checklist PDF
2026-04-21T19:34:16+05:30,tanmoy.mohanty.981@example.com,Saving enough every month,PLAN,community,true,none
2026-06-05T15:50:30+05:30,tanmoy.mukherjee.344@example.com,Retiring early,PLAN,web_reveal,false,Reveal walkthrough video
2026-08-03T19:46:15+05:30,tanmoy.saha.948@example.com,Retiring early,PLAN,web_reveal,false,Reveal walkthrough video
2026-04-05T10:36:56+05:30,tanmoy.sahoo.212@example.com,Where to invest,ALPHA,community,true,Money checklist PDF
2026-07-17T09:00:57+05:30,tanushree.das.452@example.com,Insurance and cover,PLAN,community,true,none
2026-05-17T19:29:03+05:30,tanushree.das.604@example.com,My children's education,PLAN,community,true,none
2026-08-23T11:59:30+05:30,tanushree.das.937@example.com,Retiring early,PLAN,community,true,none
2026-04-03T09:09:58+05:30,tanushree.ghosh.406@example.com,Retiring early,ALPHA,community,true,Reveal walkthrough video
2026-07-23T12:00:48+05:30,tanushree.pradhan.433@example.com,Where to invest,ALPHA,community,true,none
2026-05-18T19:34:57+05:30,tanvi.arora.484@example.com,Paying off loans,ALPHA,community,true,Money checklist PDF
2026-04-07T14:26:22+05:30,tanvi.bedi.403@example.com,My children's education,ALPHA,community,true,none
2026-06-25T13:22:51+05:30,tanvi.bedi.675@example.com,Where to invest,ALPHA,web_reveal,false,none
2026-09-11T12:58:59+05:30,tanvi.khanna.282@example.com,Insurance and cover,ALPHA,community,true,Reveal walkthrough video
2026-04-10T13:34:27+05:30,tanvi.rathore.423@example.com,Retiring early,ALPHA,community,true,Reveal walkthrough video
2026-05-01T07:52:32+05:30,tarun.bhatia.499@example.com,Paying off loans,PLAN,web_reveal,false,Money checklist PDF
2026-08-03T14:28:57+05:30,tarun.bhatia.908@example.com,Insurance and cover,ALPHA,web_reveal,false,Money checklist PDF
2026-08-05T11:31:58+05:30,tarun.mishra.368@example.com,Paying off loans,ALPHA,community,true,Money checklist PDF
2026-04-01T09:10:13+05:30,tarun.mishra.393@example.com,Retiring early,ALPHA,community,true,none
2026-07-25T17:43:36+05:30,tejas.chitale.176@example.com,Where to invest,PLAN,web_reveal,false,Reveal walkthrough video
2026-08-03T19:04:00+05:30,tejas.chitale.449@example.com,My children's education,ALPHA,community,true,Money checklist PDF
2026-09-10T21:54:26+05:30,tejas.gokhale.266@example.com,Insurance and cover,ALPHA,community,true,none
2026-09-14T14:12:38+05:30,tejas.joshi.442@example.com,Where to invest,PLAN,web_reveal,false,none
2026-09-17T21:50:42+05:30,tejas.kulkarni.464@example.com,My children's education,ALPHA,community,true,Money checklist PDF
2026-04-03T14:35:00+05:30,tejas.kulkarni.943@example.com,Saving enough every month,PLAN,community,true,none
2026-07-05T10:14:13+05:30,tejas.shinde.165@example.com,Insurance and cover,ALPHA,web_reveal,false,Reveal walkthrough video
2026-06-17T13:40:44+05:30,urvi.dave.387@example.com,Where to invest,PLAN,web_reveal,false,Money checklist PDF
2026-06-12T19:26:55+05:30,urvi.jadhav.524@example.com,My children's education,PLAN,community,true,none
2026-06-27T09:16:58+05:30,urvi.kamat.132@example.com,Insurance and cover,ALPHA,community,true,Reveal walkthrough video
2026-05-26T16:03:19+05:30,urvi.trivedi.341@example.com,My children's education,ALPHA,community,true,none
2026-09-13T12:25:23+05:30,urvi.vora.913@example.com,Where to invest,ALPHA,community,true,Reveal walkthrough video
2026-08-24T13:11:50+05:30,vaibhav.desai.647@example.com,My children's education,ALPHA,web_reveal,false,Money checklist PDF
2026-05-26T12:32:49+05:30,vaibhav.jain.511@example.com,Paying off loans,PLAN,web_reveal,false,none
2026-09-08T17:49:20+05:30,vaibhav.joshi.714@example.com,Retiring early,PLAN,community,true,Reveal walkthrough video
2026-08-31T18:26:35+05:30,vaibhav.naik.292@example.com,Where to invest,PLAN,community,true,Reveal walkthrough video
2026-08-21T19:11:01+05:30,vaibhav.pandya.583@example.com,Saving enough every month,ALPHA,web_reveal,false,Reveal walkthrough video
2026-03-30T18:31:20+05:30,vaibhav.pandya.693@example.com,My children's education,PLAN,community,true,none
2026-08-31T07:25:12+05:30,vaibhav.patil.844@example.com,Saving enough every month,ALPHA,community,true,Reveal walkthrough video
2026-04-12T19:52:14+05:30,vaibhav.shah.953@example.com,Paying off loans,ALPHA,web_reveal,false,Money checklist PDF
2026-04-09T11:01:48+05:30,vaibhav.thakkar.239@example.com,Retiring early,ALPHA,community,true,none
2026-04-02T20:21:20+05:30,vaibhav.vora.932@example.com,Insurance and cover,PLAN,community,true,Reveal walkthrough video
2026-09-06T22:00:05+05:30,varsha.gowda.370@example.com,My children's education,PLAN,web_reveal,false,none
2026-05-13T11:17:51+05:30,varsha.kumar.916@example.com,My children's education,ALPHA,web_reveal,false,Reveal walkthrough video
2026-09-16T14:01:57+05:30,varsha.pai.413@example.com,Saving enough every month,ALPHA,community,true,none
2026-06-25T20:19:04+05:30,varsha.pai.523@example.com,Retiring early,PLAN,web_reveal,false,none
2026-08-29T21:49:43+05:30,varsha.rajan.194@example.com,Saving enough every month,PLAN,community,true,Reveal walkthrough video
2026-07-22T13:40:46+05:30,varsha.rajan.942@example.com,My children's education,ALPHA,community,true,Money checklist PDF
2026-04-20T23:04:04+05:30,varsha.rao.684@example.com,My children's education,ALPHA,community,true,Reveal walkthrough video
2026-05-30T19:48:57+05:30,varsha.reddy.686@example.com,Saving enough every month,ALPHA,community,true,Reveal walkthrough video
2026-09-15T13:28:36+05:30,varsha.varma.189@example.com,Paying off loans,PLAN,web_reveal,true,Reveal walkthrough video
2026-05-23T23:39:38+05:30,varun.gupta.581@example.com,Saving enough every month,PLAN,web_reveal,false,Money checklist PDF
2026-07-24T08:12:21+05:30,varun.kohli.369@example.com,Paying off loans,PLAN,community,true,Money checklist PDF
2026-05-22T09:41:25+05:30,varun.sharma.475@example.com,My children's education,PLAN,web_reveal,true,none
2026-06-13T21:16:55+05:30,venkat.iyengar.734@example.com,Paying off loans,PLAN,web_reveal,false,Money checklist PDF
2026-07-30T16:56:37+05:30,venkat.menon.401@example.com,Retiring early,PLAN,web_reveal,false,Money checklist PDF
2026-08-17T12:49:25+05:30,venkat.murthy.497@example.com,Saving enough every month,ALPHA,community,true,Money checklist PDF
2026-06-09T14:54:56+05:30,venkat.naidu.663@example.com,Saving enough every month,ALPHA,web_reveal,false,Reveal walkthrough video
2026-07-21T07:20:07+05:30,venkat.natarajan.380@example.com,Where to invest,PLAN,community,true,Reveal walkthrough video
2026-06-08T22:27:41+05:30,vidya.chandran.756@example.com,Insurance and cover,PLAN,community,true,Reveal walkthrough video
2026-03-28T09:27:11+05:30,vidya.kamath.234@example.com,Retiring early,PLAN,web_reveal,false,Money checklist PDF
2026-09-04T19:25:39+05:30,vidya.kamath.253@example.com,Insurance and cover,PLAN,community,true,none
2026-09-19T15:32:39+05:30,vidya.nair.934@example.com,Saving enough every month,PLAN,community,true,Reveal walkthrough video
2026-07-25T19:47:29+05:30,vidya.pillai.200@example.com,Retiring early,PLAN,web_reveal,false,Reveal walkthrough video
2026-07-23T21:18:39+05:30,vidya.prasad.441@example.com,Where to invest,PLAN,web_reveal,false,Money checklist PDF
2026-08-08T12:39:07+05:30,vidya.rao.334@example.com,Saving enough every month,PLAN,web_reveal,false,none
2026-06-04T21:18:52+05:30,vidya.shetty.489@example.com,Retiring early,PLAN,community,true,Money checklist PDF
2026-04-12T09:52:56+05:30,vignesh.balakrishnan.294@example.com,Saving enough every month,PLAN,web_reveal,false,none
2026-04-25T13:34:30+05:30,vignesh.hegde.236@example.com,Where to invest,PLAN,community,true,Money checklist PDF
2026-08-24T20:26:42+05:30,vignesh.iyer.937@example.com,My children's education,PLAN,community,true,Money checklist PDF
2026-07-16T10:59:12+05:30,vignesh.krishnan.743@example.com,Paying off loans,ALPHA,web_reveal,false,Reveal walkthrough video
2026-05-19T21:37:37+05:30,vignesh.murthy.202@example.com,Paying off loans,PLAN,community,true,Money checklist PDF
2026-05-10T10:04:07+05:30,vignesh.nair.178@example.com,My children's education,PLAN,community,true,none
2026-09-08T18:19:21+05:30,vignesh.nair.399@example.com,Insurance and cover,PLAN,community,true,Reveal walkthrough video
2026-08-01T22:37:23+05:30,vignesh.nair.626@example.com,Saving enough every month,PLAN,community,true,Money checklist PDF
2026-05-08T18:14:57+05:30,vignesh.nair.700@example.com,Where to invest,ALPHA,community,true,Money checklist PDF
2026-07-25T18:57:09+05:30,vignesh.pai.546@example.com,Paying off loans,PLAN,web_reveal,true,Reveal walkthrough video
2026-06-23T22:32:00+05:30,vignesh.pai.621@example.com,My children's education,PLAN,community,true,Money checklist PDF
2026-06-19T22:00:43+05:30,vignesh.pillai.136@example.com,Paying off loans,PLAN,community,true,Reveal walkthrough video
2026-05-19T23:20:38+05:30,vignesh.prasad.686@example.com,Retiring early,ALPHA,community,true,none
2026-04-27T12:23:26+05:30,vignesh.reddy.750@example.com,Paying off loans,PLAN,web_reveal,false,none
2026-08-22T18:04:42+05:30,vignesh.shetty.458@example.com,Saving enough every month,PLAN,web_reveal,false,Reveal walkthrough video
2026-08-07T22:43:50+05:30,vignesh.srinivasan.973@example.com,Insurance and cover,ALPHA,web_reveal,false,Reveal walkthrough video
2026-09-04T22:39:04+05:30,vikram.chauhan.747@example.com,Saving enough every month,ALPHA,web_reveal,false,Money checklist PDF
2026-06-17T11:37:30+05:30,vikram.khanna.278@example.com,Saving enough every month,PLAN,web_reveal,false,Money checklist PDF
2026-04-19T16:37:28+05:30,vikram.mehra.730@example.com,Insurance and cover,ALPHA,web_reveal,true,Money checklist PDF
2026-05-31T14:54:14+05:30,vikram.pandey.793@example.com,Insurance and cover,PLAN,community,true,none
2026-09-01T10:13:09+05:30,vikram.saxena.845@example.com,Insurance and cover,ALPHA,community,true,Reveal walkthrough video
2026-04-26T08:44:51+05:30,vishnu.iyer.314@example.com,Retiring early,PLAN,web_reveal,false,Money checklist PDF
2026-06-05T08:31:14+05:30,vishnu.krishnan.745@example.com,Insurance and cover,ALPHA,community,true,Money checklist PDF
2026-08-08T14:04:43+05:30,vishnu.krishnan.864@example.com,Retiring early,PLAN,community,true,none
2026-05-28T10:28:04+05:30,vishnu.menon.542@example.com,Paying off loans,PLAN,community,true,Reveal walkthrough video
2026-04-21T16:45:17+05:30,vishnu.nair.838@example.com,Insurance and cover,PLAN,web_reveal,false,Reveal walkthrough video
2026-09-12T15:54:02+05:30,vishnu.pillai.346@example.com,Saving enough every month,PLAN,community,true,Money checklist PDF
2026-05-14T12:48:55+05:30,vishnu.pillai.922@example.com,Paying off loans,PLAN,community,true,Money checklist PDF
2026-08-15T14:21:26+05:30,vishnu.prasad.736@example.com,Insurance and cover,ALPHA,web_reveal,false,Reveal walkthrough video
2026-06-23T14:41:27+05:30,vishnu.rajan.257@example.com,My children's education,ALPHA,community,true,Money checklist PDF
2026-08-16T20:24:19+05:30,vishnu.rajan.993@example.com,Retiring early,ALPHA,web_reveal,false,none
2026-07-04T15:10:49+05:30,vishnu.rao.295@example.com,Paying off loans,ALPHA,web_reveal,false,none
2026-09-12T15:48:10+05:30,vishnu.srinivasan.994@example.com,Insurance and cover,PLAN,web_reveal,false,none
2026-04-20T12:42:59+05:30,vishnu.varma.271@example.com,Retiring early,PLAN,web_reveal,false,none
2026-06-10T19:16:44+05:30,yash.agarwal.127@example.com,Where to invest,PLAN,web_reveal,false,none
2026-09-09T13:40:25+05:30,yash.bedi.199@example.com,Paying off loans,PLAN,web_reveal,false,Money checklist PDF
2026-09-14T15:57:35+05:30,yash.sethi.786@example.com,Insurance and cover,ALPHA,community,true,Money checklist PDF
2026-06-16T20:41:57+05:30,yogesh.deshmukh.917@example.com,Paying off loans,PLAN,community,true,Reveal walkthrough video
2026-09-10T16:56:23+05:30,yogesh.jadhav.115@example.com,Where to invest,ALPHA,community,true,none
2026-09-10T18:29:25+05:30,yogesh.mehta.777@example.com,Paying off loans,ALPHA,web_reveal,false,none
2026-08-05T21:49:15+05:30,yogesh.pandya.202@example.com,Retiring early,PLAN,community,true,none
2026-09-17T19:16:27+05:30,yogesh.pandya.550@example.com,Saving enough every month,ALPHA,community,true,Reveal walkthrough video
2026-06-02T21:21:39+05:30,yogesh.patil.723@example.com,Insurance and cover,PLAN,web_reveal,true,Money checklist PDF
2026-05-06T21:04:58+05:30,yogesh.sawant.453@example.com,Retiring early,PLAN,web_reveal,false,Reveal walkthrough video
2026-06-23T13:12:43+05:30,yogesh.sawant.468@example.com,My children's education,ALPHA,web_reveal,false,none
2026-08-27T08:35:05+05:30,yogesh.shah.461@example.com,Paying off loans,ALPHA,community,true,none
2026-04-07T16:08:02+05:30,yogesh.shinde.335@example.com,My children's education,PLAN,web_reveal,false,none
2026-04-11T08:34:16+05:30,yogesh.trivedi.212@example.com,Insurance and cover,ALPHA,web_reveal,false,Money checklist PDF
2026-07-15T20:38:26+05:30,yogesh.trivedi.320@example.com,Saving enough every month,ALPHA,web_reveal,false,Money checklist PDF
2026-05-03T20:42:27+05:30,yogesh.trivedi.431@example.com,Retiring early,PLAN,web_reveal,false,Money checklist PDF
2026-07-19T15:47:25+05:30,zoya.agarwal.836@example.com,Insurance and cover,ALPHA,community,true,Reveal walkthrough video
2026-07-12T22:06:40+05:30,zoya.bhatia.665@example.com,Paying off loans,ALPHA,community,true,none
2026-08-26T11:55:37+05:30,zoya.mehra.478@example.com,My children's education,PLAN,community,true,none
2026-06-26T22:27:06+05:30,zoya.sharma.166@example.com,Saving enough every month,PLAN,community,true,Money checklist PDF
2026-08-24T22:44:30+05:30,zoya.srivastava.847@example.com,Paying off loans,ALPHA,community,true,none
