Event External ID,Contact External ID,Event,Screen,At,Props
EV0000004,P00001,signed_up,A03,2025-08-24T05:52:48+05:30,"{""device"":""android"",""phone"":""9000061747"",""source"":""corporate_session"",""whatsapp_optin"":true}"
EV0000005,P00001,state_enter_S1,R01,2025-08-24T05:52:48+05:30,"{""from_state"":null,""state"":""S1""}"
EV0000017,P00001,reveal_seen,R09,2025-08-24T16:58:21+05:30,"{""age_band"":""25 to 29"",""aspiration"":""Generosity"",""city"":""Pune"",""corpus_band"":""5 to 25 lakhs"",""income_band"":""10 to 25 lakhs"",""journey_feel"":""Some hits and some misses, it has been mixed"",""path_now_band"":""10 to 20 Cr"",""path_yes_band"":""over 20 Cr"",""savings_band"":""Around 40%, some serious money""}"
EV0000018,P00001,state_enter_S2,X01,2025-08-24T16:58:21+05:30,"{""from_state"":""S1"",""state"":""S2""}"
EV0000020,P00001,paywall_viewed,P01,2025-08-24T18:56:51+05:30,"{""from_state"":""S2"",""sku_expanded"":""diy""}"
EV0000022,P00001,state_enter_S2b,P03,2025-08-24T18:57:21+05:30,"{""from_state"":""S2"",""state"":""S2b""}"
EV0000024,P00001,esign_done,P03,2025-08-24T19:02:44+05:30,"{""agreement_version"":""AGR v1 (to be verified: agreement template versions)"",""esign_ref"":""ESIGN-SEED-003518""}"
EV0000025,P00001,state_enter_S2c,P04,2025-08-24T19:02:44+05:30,"{""from_state"":""S2b"",""state"":""S2c""}"
EV0000027,P00001,paid,P05,2025-08-24T19:08:07+05:30,"{""amount"":""Rs ___"",""mandate_status"":""active"",""period"":""monthly"",""razorpay_ids"":{""customer_id"":""cust_SEED00001"",""subscription_or_txn_id"":""sub_SEED000011""},""sku"":""diy""}"
EV0000028,P00001,state_enter_S3,O02,2025-08-24T19:08:07+05:30,"{""from_state"":""S2c"",""state"":""S3""}"
EV0000038,P00001,state_enter_S17,A10a,2025-08-27T18:30:15+05:30,"{""from_state"":""S3"",""state"":""S17""}"
EV0000043,P00001,state_enter_S3,O02,2025-08-28T07:47:20+05:30,"{""from_state"":""S17"",""state"":""S3""}"
EV0000047,P00001,state_enter_S4,O02,2025-08-28T07:54:39+05:30,"{""from_state"":""S3"",""state"":""S4""}"
EV0000050,P00001,data_progress,D12a,2025-08-28T07:56:42+05:30,"{""pct_complete"":27,""step_id"":""family""}"
EV0000061,P00001,data_progress,D12b,2025-08-28T07:58:18+05:30,"{""pct_complete"":35,""step_id"":""risk""}"
EV0000071,P00001,data_progress,D12c,2025-08-28T08:00:27+05:30,"{""pct_complete"":40,""step_id"":""income""}"
EV0000087,P00001,data_progress,D12d,2025-08-28T08:04:17+05:30,"{""pct_complete"":47,""step_id"":""expenses""}"
EV0000099,P00001,data_progress,D12e,2025-08-28T08:08:57+05:30,"{""pct_complete"":61,""step_id"":""investments""}"
EV0000102,P00001,data_progress,D12f,2025-08-28T08:09:12+05:30,"{""pct_complete"":69,""step_id"":""loans""}"
EV0000121,P00001,data_progress,D12g,2025-08-28T22:54:38+05:30,"{""pct_complete"":78,""step_id"":""insurance""}"
EV0000133,P00001,data_progress,D12h,2025-08-28T22:58:41+05:30,"{""pct_complete"":86,""step_id"":""goals""}"
EV0000144,P00001,state_enter_S5,D10,2025-08-28T23:00:53+05:30,"{""from_state"":""S4"",""state"":""S5""}"
EV0000146,P00001,data_complete,D10,2025-08-28T23:21:18+05:30,{}
EV0000147,P00001,plan_built,D10,2025-08-28T23:21:39+05:30,"{""assumed_count"":0,""assumptions_version"":""A1"",""band_count"":11,""built_on"":""full"",""instrument_set_version"":""I1"",""plan_version"":""v1"",""unknown_count"":0}"
EV0000148,P00001,state_enter_S6,H01a,2025-08-28T23:21:39+05:30,"{""from_state"":""S5"",""state"":""S6""}"
EV0000151,P00001,plan_read,G03,2025-08-29T04:06:10+05:30,{}
EV0000152,P00001,state_enter_S8,H01b,2025-08-29T04:06:10+05:30,"{""from_state"":""S6"",""state"":""S8""}"
EV0000165,P00001,state_enter_S9,H01c,2025-09-02T04:31:42+05:30,"{""from_state"":""S8"",""state"":""S9""}"
EV0000175,P00001,action_done,E06,2025-09-02T07:06:43+05:30,"{""done_count"":1,""total_count"":5,""verification"":""aa_verified"",""verified"":true}"
EV0000194,P00001,action_done,E06,2025-10-02T22:51:33+05:30,"{""done_count"":2,""total_count"":5,""verification"":""self_reported"",""verified"":false}"
EV0000233,P00001,action_done,E06,2025-11-14T04:52:34+05:30,"{""done_count"":3,""total_count"":5,""verification"":""self_reported"",""verified"":false}"
EV0000249,P00001,review_due,Q01,2025-11-26T23:21:39+05:30,"{""review_id"":""RV-00501-1""}"
EV0000258,P00001,review_done,Q01,2025-12-02T04:01:09+05:30,"{""review_id"":""RV-00501-1""}"
EV0000259,P00001,plan_updated,H05,2025-12-02T04:02:09+05:30,"{""from_version"":""v1"",""reason"":""review"",""to_version"":""v2""}"
EV0000261,P00001,update_accepted,H05,2025-12-02T04:03:09+05:30,"{""to_version"":""v2""}"
EV0000276,P00001,action_done,E06,2025-12-13T05:26:07+05:30,"{""done_count"":4,""total_count"":5,""verification"":""platform"",""verified"":true}"
EV0000292,P00001,state_enter_S10,H01d,2026-01-10T01:34:14+05:30,"{""from_state"":""S9"",""state"":""S10""}"
EV0000293,P00001,action_done,E06,2026-01-10T01:34:16+05:30,"{""done_count"":5,""total_count"":5,""verification"":""aa_verified"",""verified"":true}"
EV0000304,P00001,review_due,Q01,2026-02-24T23:21:39+05:30,"{""review_id"":""RV-00501-2""}"
EV0000310,P00001,review_done,Q01,2026-03-06T14:46:33+05:30,"{""review_id"":""RV-00501-2""}"
EV0000311,P00001,plan_updated,H05,2026-03-06T14:47:33+05:30,"{""from_version"":""v2"",""reason"":""review"",""to_version"":""v3""}"
EV0000313,P00001,update_accepted,H05,2026-03-06T14:48:33+05:30,"{""to_version"":""v3""}"
EV0000351,P00001,review_due,Q01,2026-05-25T23:21:39+05:30,"{""review_id"":""RV-00501-3""}"
EV0000357,P00001,review_done,Q01,2026-05-30T18:11:12+05:30,"{""review_id"":""RV-00501-3""}"
EV0000358,P00001,plan_updated,H05,2026-05-30T18:12:12+05:30,"{""from_version"":""v3"",""reason"":""review"",""to_version"":""v4""}"
EV0000360,P00001,update_accepted,H05,2026-05-30T18:13:12+05:30,"{""to_version"":""v4""}"
EV0000374,P00001,plan_updated,H05,2026-07-10T10:29:34+05:30,"{""from_version"":""v4"",""reason"":""publish"",""to_version"":""v5""}"
EV0000375,P00001,state_enter_S11,H01e,2026-07-10T10:29:34+05:30,"{""from_state"":""S10"",""state"":""S11""}"
EV0000379,P00001,update_accepted,H05,2026-07-10T16:03:33+05:30,"{""to_version"":""v5""}"
EV0000380,P00001,state_enter_S10,H01d,2026-07-10T16:03:33+05:30,"{""from_state"":""S11"",""state"":""S10""}"
EV0000395,P00001,rpq_due,Q04,2026-08-17T19:08:07+05:30,"{""due_date"":""2026-08-24""}"
EV0000396,P00001,agreement_due,Q04,2026-08-17T19:08:07+05:30,"{""due_date"":""2026-08-24""}"
EV0000399,P00001,payment_failed,Q03b,2026-08-19T19:08:07+05:30,"{""grace_until"":""2026-08-26""}"
EV0000400,P00001,state_enter_S12,H01f,2026-08-19T19:08:07+05:30,"{""from_state"":""S10"",""state"":""S12""}"
EV0000403,P00001,review_due,Q01,2026-08-23T23:21:39+05:30,"{""review_id"":""RV-00501-4""}"
EV0000407,P00001,review_done,Q01,2026-08-24T18:30:01+05:30,"{""review_id"":""RV-00501-4""}"
EV0000408,P00001,plan_updated,H05,2026-08-24T18:31:01+05:30,"{""from_version"":""v5"",""reason"":""review"",""to_version"":""v6""}"
EV0000410,P00001,update_accepted,H05,2026-08-24T18:32:01+05:30,"{""to_version"":""v6""}"
EV0000413,P00001,lapsed,Q03c,2026-08-26T19:08:07+05:30,"{""reason"":""payment not recovered in grace""}"
EV0000414,P00001,state_enter_S13,H01g,2026-08-26T19:08:07+05:30,"{""from_state"":""S12"",""state"":""S13""}"
EV0000416,P00001,plan_updated,H05,2026-09-11T14:38:04+05:30,"{""from_version"":""v6"",""reason"":""publish"",""to_version"":""v7""}"
EV0000418,P00001,resubscribed,Q03,2026-09-14T16:06:24+05:30,"{""amount"":""Rs ___"",""mandate_status"":""active"",""period"":""monthly"",""razorpay_ids"":{""customer_id"":""cust_SEED00001"",""subscription_or_txn_id"":""sub_SEED000012""},""reason"":""resubscribed after lapse"",""sku"":""diy""}"
EV0000419,P00001,state_enter_S11,H01e,2026-09-14T16:06:24+05:30,"{""from_state"":""S13"",""state"":""S11""}"
EV0000424,P00001,update_accepted,H05,2026-09-20T05:33:37+05:30,"{""to_version"":""v7""}"
EV0000425,P00001,state_enter_S23,Q04,2026-09-20T05:33:37+05:30,"{""from_state"":""S11"",""state"":""S23""}"
EV0000429,P00002,signed_up,A03,2025-09-05T17:54:21+05:30,"{""device"":""android"",""phone"":""9000080034"",""source"":""community"",""whatsapp_optin"":true}"
EV0000430,P00002,state_enter_S1,R01,2025-09-05T17:54:21+05:30,"{""from_state"":null,""state"":""S1""}"
EV0000442,P00002,reveal_seen,R09,2025-09-05T21:36:06+05:30,"{""age_band"":""35 to 39"",""aspiration"":""Legacy"",""city"":""Chennai"",""corpus_band"":""5 to 25 lakhs"",""income_band"":""Over 1 crore"",""journey_feel"":""Some hits and some misses, it has been mixed"",""path_now_band"":""over 20 Cr"",""path_yes_band"":""over 20 Cr"",""savings_band"":""More than 40%, I live well below my means""}"
EV0000443,P00002,state_enter_S2,X01,2025-09-05T21:36:06+05:30,"{""from_state"":""S1"",""state"":""S2""}"
EV0000447,P00002,paywall_viewed,P01,2025-09-08T21:54:36+05:30,"{""from_state"":""S2"",""sku_expanded"":""diwm""}"
EV0000449,P00002,state_enter_S2b,P03,2025-09-08T21:55:06+05:30,"{""from_state"":""S2"",""state"":""S2b""}"
EV0000451,P00002,esign_done,P03,2025-09-08T22:00:50+05:30,"{""agreement_version"":""AGR v1 (to be verified: agreement template versions)"",""esign_ref"":""ESIGN-SEED-003525""}"
EV0000452,P00002,state_enter_S2c,P04,2025-09-08T22:00:50+05:30,"{""from_state"":""S2b"",""state"":""S2c""}"
EV0000454,P00002,paid,P05,2025-09-08T22:06:34+05:30,"{""amount"":""Rs ___"",""mandate_status"":""none (charged per period)"",""period"":""monthly"",""razorpay_ids"":{""customer_id"":""cust_SEED00002"",""subscription_or_txn_id"":""pay_SEED000021""},""sku"":""diwm""}"
EV0000455,P00002,state_enter_S3,O02,2025-09-08T22:06:34+05:30,"{""from_state"":""S2c"",""state"":""S3""}"
EV0000465,P00002,state_enter_S17,A10a,2025-09-11T08:01:39+05:30,"{""from_state"":""S3"",""state"":""S17""}"
EV0000470,P00002,state_enter_S3,O02,2025-09-11T16:33:12+05:30,"{""from_state"":""S17"",""state"":""S3""}"
EV0000474,P00002,state_enter_S4,O02,2025-09-11T16:38:56+05:30,"{""from_state"":""S3"",""state"":""S4""}"
EV0000479,P00002,data_progress,D12a,2025-09-11T16:42:24+05:30,"{""pct_complete"":31,""step_id"":""family""}"
EV0000490,P00002,data_progress,D12b,2025-09-11T16:44:02+05:30,"{""pct_complete"":39,""step_id"":""risk""}"
EV0000505,P00002,data_progress,D12c,2025-09-17T20:19:16+05:30,"{""pct_complete"":40,""step_id"":""income""}"
EV0000521,P00002,data_progress,D12d,2025-09-17T20:23:14+05:30,"{""pct_complete"":48,""step_id"":""expenses""}"
EV0000545,P00002,data_progress,D12e,2025-09-17T20:31:21+05:30,"{""pct_complete"":66,""step_id"":""investments""}"
EV0000546,P00002,state_enter_S19,O02,2025-09-18T16:38:56+05:30,"{""from_state"":""S4"",""state"":""S19""}"
EV0000558,P00002,data_progress,D12f,2025-09-18T21:55:24+05:30,"{""pct_complete"":74,""step_id"":""loans""}"
EV0000568,P00002,data_progress,D12g,2025-09-18T21:57:26+05:30,"{""pct_complete"":82,""step_id"":""insurance""}"
EV0000572,P00002,data_progress,D12h,2025-09-18T21:57:50+05:30,"{""pct_complete"":90,""step_id"":""goals""}"
EV0000582,P00002,state_enter_S5,D10,2025-09-18T21:59:48+05:30,"{""from_state"":""S19"",""state"":""S5""}"
EV0000586,P00002,data_complete,D10,2025-09-25T08:02:13+05:30,{}
EV0000587,P00002,plan_built,D10,2025-09-25T08:02:52+05:30,"{""assumed_count"":0,""assumptions_version"":""A1"",""band_count"":11,""built_on"":""full"",""instrument_set_version"":""I1"",""plan_version"":""v1"",""unknown_count"":0}"
EV0000588,P00002,state_enter_S6,H01a,2025-09-25T08:02:52+05:30,"{""from_state"":""S5"",""state"":""S6""}"
EV0000594,P00002,plan_read,G03,2025-10-05T02:39:59+05:30,{}
EV0000595,P00002,state_enter_S8,H01b,2025-10-05T02:39:59+05:30,"{""from_state"":""S6"",""state"":""S8""}"
EV0000605,P00002,call_booked,K01,2025-10-07T10:02:03+05:30,"{""adviser_id"":""adv03"",""slot"":""2025-10-13T15:00:00+05:30"",""summary"":""call booked: something changed"",""tier"":""diwm"",""topic"":""Something changed""}"
EV0000606,P00002,state_enter_S7,K02,2025-10-07T10:02:03+05:30,"{""from_state"":""S8"",""state"":""S7""}"
EV0000612,P00002,state_enter_S21,K03,2025-10-13T15:45:00+05:30,"{""from_state"":""S7"",""state"":""S21""}"
EV0000613,P00002,plan_updated,H05,2025-10-13T15:46:00+05:30,"{""from_version"":""v1"",""reason"":""update"",""to_version"":""v2""}"
EV0000615,P00002,call_completed,K03,2025-10-13T15:47:00+05:30,"{""adviser_id"":""adv03"",""slot"":""2025-10-13T15:00:00+05:30"",""summary"":""Walked through something changed; next step agreed.""}"
EV0000617,P00002,update_accepted,H05,2025-10-13T15:49:03+05:30,"{""to_version"":""v2""}"
EV0000624,P00002,state_enter_S9,H01c,2025-10-23T04:54:42+05:30,"{""from_state"":""S21"",""state"":""S9""}"
EV0000631,P00002,action_done,E06,2025-10-23T18:27:55+05:30,"{""done_count"":1,""total_count"":7,""verification"":""aa_verified"",""verified"":true}"
EV0000669,P00002,action_done,E06,2025-11-23T04:37:45+05:30,"{""done_count"":2,""total_count"":7,""verification"":""platform"",""verified"":true}"
EV0000685,P00002,action_done,E06,2025-12-07T02:47:36+05:30,"{""done_count"":3,""total_count"":7,""verification"":""aa_verified"",""verified"":true}"
EV0000692,P00002,action_done,E06,2025-12-16T19:15:26+05:30,"{""done_count"":4,""total_count"":7,""verification"":""self_reported"",""verified"":false}"
EV0000693,P00002,review_due,Q01,2025-12-24T08:02:52+05:30,"{""review_id"":""RV-00502-1""}"
EV0000700,P00002,review_done,Q01,2025-12-29T06:24:19+05:30,"{""review_id"":""RV-00502-1""}"
EV0000701,P00002,plan_updated,H05,2025-12-29T06:25:19+05:30,"{""from_version"":""v2"",""reason"":""review"",""to_version"":""v3""}"
EV0000703,P00002,update_accepted,H05,2025-12-29T06:26:19+05:30,"{""to_version"":""v3""}"
EV0000715,P00002,action_done,E06,2026-01-20T13:47:31+05:30,"{""done_count"":5,""total_count"":7,""verification"":""platform"",""verified"":true}"
EV0000743,P00002,action_done,E06,2026-02-22T14:04:52+05:30,"{""done_count"":6,""total_count"":7,""verification"":""platform"",""verified"":true}"
EV0000768,P00002,state_enter_S10,H01d,2026-03-11T13:14:08+05:30,"{""from_state"":""S9"",""state"":""S10""}"
EV0000770,P00002,action_done,E06,2026-03-11T13:14:10+05:30,"{""done_count"":7,""total_count"":7,""verification"":""self_reported"",""verified"":false}"
EV0000778,P00002,review_due,Q01,2026-03-24T08:02:52+05:30,"{""review_id"":""RV-00502-2""}"
EV0000786,P00002,review_done,Q01,2026-03-31T06:04:01+05:30,"{""review_id"":""RV-00502-2""}"
EV0000787,P00002,plan_updated,H05,2026-03-31T06:05:01+05:30,"{""from_version"":""v3"",""reason"":""review"",""to_version"":""v4""}"
EV0000789,P00002,update_accepted,H05,2026-03-31T06:06:01+05:30,"{""to_version"":""v4""}"
EV0000816,P00002,review_due,Q01,2026-06-22T08:02:52+05:30,"{""review_id"":""RV-00502-3""}"
EV0000820,P00002,review_done,Q01,2026-06-25T11:19:24+05:30,"{""review_id"":""RV-00502-3""}"
EV0000821,P00002,plan_updated,H05,2026-06-25T11:20:24+05:30,"{""from_version"":""v4"",""reason"":""review"",""to_version"":""v5""}"
EV0000823,P00002,update_accepted,H05,2026-06-25T11:21:24+05:30,"{""to_version"":""v5""}"
EV0000827,P00002,plan_updated,H05,2026-07-10T11:13:19+05:30,"{""from_version"":""v5"",""reason"":""publish"",""to_version"":""v6""}"
EV0000828,P00002,state_enter_S11,H01e,2026-07-10T11:13:19+05:30,"{""from_state"":""S10"",""state"":""S11""}"
EV0000833,P00002,update_accepted,H05,2026-07-14T01:30:38+05:30,"{""to_version"":""v6""}"
EV0000834,P00002,state_enter_S10,H01d,2026-07-14T01:30:38+05:30,"{""from_state"":""S11"",""state"":""S10""}"
EV0000853,P00002,rpq_due,Q04,2026-09-01T22:06:34+05:30,"{""due_date"":""2026-09-08""}"
EV0000854,P00002,agreement_due,Q04,2026-09-01T22:06:34+05:30,"{""due_date"":""2026-09-08""}"
EV0000859,P00002,state_enter_S23,Q04,2026-09-08T22:06:34+05:30,"{""from_state"":""S10"",""state"":""S23""}"
EV0000861,P00002,plan_updated,H05,2026-09-11T09:44:09+05:30,"{""from_version"":""v6"",""reason"":""publish"",""to_version"":""v7""}"
EV0000862,P00002,state_enter_S11,H01e,2026-09-11T09:44:09+05:30,"{""from_state"":""S23"",""state"":""S11""}"
EV0000869,P00002,update_accepted,H05,2026-09-18T18:46:36+05:30,"{""to_version"":""v7""}"
EV0000870,P00002,state_enter_S23,Q04,2026-09-18T18:46:36+05:30,"{""from_state"":""S11"",""state"":""S23""}"
EV0000871,P00002,review_due,Q01,2026-09-20T08:02:52+05:30,"{""review_id"":""RV-00502-4""}"
EV0000875,P00002,review_done,Q01,2026-09-20T20:47:07+05:30,"{""review_id"":""RV-00502-4""}"
EV0000876,P00002,plan_updated,H05,2026-09-20T20:48:07+05:30,"{""from_version"":""v7"",""reason"":""review"",""to_version"":""v8""}"
EV0000878,P00002,update_accepted,H05,2026-09-20T20:49:07+05:30,"{""to_version"":""v8""}"
EV0000884,P00003,signed_up,A03,2026-04-05T10:20:12+05:30,"{""device"":""android"",""phone"":""9000013239"",""source"":""corporate_session"",""whatsapp_optin"":true}"
EV0000885,P00003,state_enter_S1,R01,2026-04-05T10:20:12+05:30,"{""from_state"":null,""state"":""S1""}"
EV0000897,P00003,reveal_seen,R09,2026-04-06T05:32:19+05:30,"{""age_band"":""30 to 34"",""aspiration"":""Freedom"",""city"":""Bhubaneswar"",""corpus_band"":""5 to 25 lakhs"",""income_band"":""10 to 25 lakhs"",""journey_feel"":""Some hits and some misses, it has been mixed"",""path_now_band"":""5 to 10 Cr"",""path_yes_band"":""10 to 20 Cr"",""savings_band"":""More than 40%, I live well below my means""}"
EV0000898,P00003,state_enter_S2,X01,2026-04-06T05:32:19+05:30,"{""from_state"":""S1"",""state"":""S2""}"
EV0000905,P00003,ticket_created,H07,2026-07-21T12:13:04+05:30,"{""category"":""support"",""ticket_id"":""TK-004311""}"
EV0000909,P00004,signed_up,A03,2026-04-01T03:22:33+05:30,"{""device"":""android"",""phone"":""9000058857"",""source"":""web_reveal"",""whatsapp_optin"":true}"
EV0000910,P00004,state_enter_S1,R01,2026-04-01T03:22:33+05:30,"{""from_state"":null,""state"":""S1""}"
EV0000922,P00004,reveal_seen,R09,2026-04-01T13:44:23+05:30,"{""age_band"":""30 to 34"",""aspiration"":""Legacy"",""city"":""Ahmedabad"",""corpus_band"":""5 to 25 lakhs"",""income_band"":""10 to 25 lakhs"",""journey_feel"":""Very good, mostly things have worked out well"",""path_now_band"":""5 to 10 Cr"",""path_yes_band"":""5 to 10 Cr"",""savings_band"":""Around 25%, meaningful amounts""}"
EV0000923,P00004,state_enter_S2,X01,2026-04-01T13:44:23+05:30,"{""from_state"":""S1"",""state"":""S2""}"
EV0000937,P00005,signed_up,A03,2026-04-01T16:27:21+05:30,"{""device"":""android"",""phone"":""9000081548"",""source"":""organic"",""whatsapp_optin"":true}"
EV0000938,P00005,state_enter_S1,R01,2026-04-01T16:27:21+05:30,"{""from_state"":null,""state"":""S1""}"
EV0000950,P00005,reveal_seen,R09,2026-04-01T18:25:26+05:30,"{""age_band"":""25 to 29"",""aspiration"":""Legacy"",""city"":""Mumbai"",""corpus_band"":""5 to 25 lakhs"",""income_band"":""25 to 50 lakhs"",""journey_feel"":""Not so good, I can do better"",""path_now_band"":""5 to 10 Cr"",""path_yes_band"":""10 to 20 Cr"",""savings_band"":""More than 40%, I live well below my means""}"
EV0000951,P00005,state_enter_S2,X01,2026-04-01T18:25:26+05:30,"{""from_state"":""S1"",""state"":""S2""}"
EV0000959,P00006,signed_up,A03,2026-04-04T17:50:36+05:30,"{""device"":""ios"",""phone"":""9000076314"",""source"":""community"",""whatsapp_optin"":true}"
EV0000960,P00006,state_enter_S1,R01,2026-04-04T17:50:36+05:30,"{""from_state"":null,""state"":""S1""}"
EV0000969,P00007,signed_up,A03,2026-04-04T19:29:59+05:30,"{""device"":""android"",""phone"":""9000092379"",""source"":""community"",""whatsapp_optin"":true}"
EV0000970,P00007,state_enter_S1,R01,2026-04-04T19:29:59+05:30,"{""from_state"":null,""state"":""S1""}"
EV0000979,P00010,signed_up,A03,2026-04-07T03:02:45+05:30,"{""device"":""android"",""phone"":""9000053078"",""source"":""referral"",""whatsapp_optin"":true}"
EV0000980,P00010,state_enter_S1,R01,2026-04-07T03:02:45+05:30,"{""from_state"":null,""state"":""S1""}"
EV0000992,P00010,reveal_seen,R09,2026-04-07T09:39:28+05:30,"{""age_band"":""25 to 29"",""aspiration"":""Security"",""city"":""Bengaluru"",""corpus_band"":""5 to 25 lakhs"",""income_band"":""10 to 25 lakhs"",""journey_feel"":""Very good, mostly things have worked out well"",""path_now_band"":""10 to 20 Cr"",""path_yes_band"":""over 20 Cr"",""savings_band"":""More than 40%, I live well below my means""}"
EV0000993,P00010,state_enter_S2,X01,2026-04-07T09:39:28+05:30,"{""from_state"":""S1"",""state"":""S2""}"
EV0000996,P00010,paywall_viewed,P01,2026-04-07T11:23:52+05:30,"{""from_state"":""S2"",""sku_expanded"":""diwm""}"
EV0000998,P00010,state_enter_S2b,P03,2026-04-07T11:24:22+05:30,"{""from_state"":""S2"",""state"":""S2b""}"
EV0001000,P00010,esign_done,P03,2026-04-07T11:28:37+05:30,"{""agreement_version"":""AGR v1 (to be verified: agreement template versions)"",""esign_ref"":""ESIGN-SEED-003343""}"
EV0001001,P00010,state_enter_S2c,P04,2026-04-07T11:28:37+05:30,"{""from_state"":""S2b"",""state"":""S2c""}"
EV0001003,P00010,paid,P05,2026-04-07T11:32:53+05:30,"{""amount"":""Rs ___"",""mandate_status"":""active"",""period"":""monthly"",""razorpay_ids"":{""customer_id"":""cust_SEED00010"",""subscription_or_txn_id"":""sub_SEED000101""},""sku"":""diwm""}"
EV0001004,P00010,state_enter_S3,O02,2026-04-07T11:32:53+05:30,"{""from_state"":""S2c"",""state"":""S3""}"
EV0001012,P00010,state_enter_S4,O02,2026-04-07T15:27:11+05:30,"{""from_state"":""S3"",""state"":""S4""}"
EV0001014,P00010,data_progress,D12a,2026-04-07T15:27:26+05:30,"{""pct_complete"":27,""step_id"":""family""}"
EV0001025,P00010,data_progress,D12b,2026-04-07T15:29:16+05:30,"{""pct_complete"":35,""step_id"":""risk""}"
EV0001032,P00010,data_progress,D12c,2026-04-07T15:31:41+05:30,"{""pct_complete"":38,""step_id"":""income""}"
EV0001052,P00010,data_progress,D12d,2026-04-07T15:37:08+05:30,"{""pct_complete"":49,""step_id"":""expenses""}"
EV0001070,P00010,data_progress,D12e,2026-04-07T15:43:03+05:30,"{""pct_complete"":66,""step_id"":""investments""}"
EV0001079,P00010,data_progress,D12f,2026-04-07T15:45:19+05:30,"{""pct_complete"":74,""step_id"":""loans""}"
EV0001082,P00010,data_progress,D12g,2026-04-07T15:45:36+05:30,"{""pct_complete"":82,""step_id"":""insurance""}"
EV0001099,P00010,data_progress,D12h,2026-04-07T15:51:29+05:30,"{""pct_complete"":89,""step_id"":""goals""}"
EV0001110,P00010,state_enter_S5,D10,2026-04-13T10:47:08+05:30,"{""from_state"":""S4"",""state"":""S5""}"
EV0001113,P00010,data_complete,D10,2026-04-18T08:40:15+05:30,{}
EV0001114,P00010,plan_built,D10,2026-04-18T08:40:58+05:30,"{""assumed_count"":0,""assumptions_version"":""A1"",""band_count"":5,""built_on"":""full"",""instrument_set_version"":""I1"",""plan_version"":""v1"",""unknown_count"":0}"
EV0001115,P00010,state_enter_S6,H01a,2026-04-18T08:40:58+05:30,"{""from_state"":""S5"",""state"":""S6""}"
EV0001118,P00010,plan_read,G03,2026-04-18T09:14:39+05:30,{}
EV0001119,P00010,state_enter_S8,H01b,2026-04-18T09:14:39+05:30,"{""from_state"":""S6"",""state"":""S8""}"
EV0001139,P00010,call_booked,K01,2026-05-07T16:07:07+05:30,"{""adviser_id"":""adv02"",""slot"":""2026-05-09T16:30:00+05:30"",""summary"":""call booked: the investments and why they were chosen"",""tier"":""diwm"",""topic"":""The investments and why they were chosen""}"
EV0001140,P00010,state_enter_S7,K02,2026-05-07T16:07:07+05:30,"{""from_state"":""S8"",""state"":""S7""}"
EV0001144,P00010,state_enter_S21,K03,2026-05-09T17:15:00+05:30,"{""from_state"":""S7"",""state"":""S21""}"
EV0001146,P00010,call_completed,K03,2026-05-09T17:17:00+05:30,"{""adviser_id"":""adv02"",""slot"":""2026-05-09T16:30:00+05:30"",""summary"":""Walked through the investments and why they were chosen; next step agreed.""}"
EV0001151,P00010,state_enter_S9,H01c,2026-05-17T15:22:38+05:30,"{""from_state"":""S21"",""state"":""S9""}"
EV0001157,P00010,action_done,E06,2026-05-21T02:37:21+05:30,"{""done_count"":1,""total_count"":4,""verification"":""platform"",""verified"":true}"
EV0001197,P00010,action_done,E06,2026-06-23T17:00:59+05:30,"{""done_count"":2,""total_count"":4,""verification"":""aa_verified"",""verified"":true}"
EV0001202,P00010,call_booked,K01,2026-07-07T08:59:08+05:30,"{""adviser_id"":""adv02"",""slot"":""2026-07-14T11:30:00+05:30"",""summary"":""call booked: using the app"",""tier"":""diwm"",""topic"":""Using the app""}"
EV0001203,P00010,state_enter_S7,K02,2026-07-07T08:59:08+05:30,"{""from_state"":""S9"",""state"":""S7""}"
EV0001207,P00010,plan_updated,H05,2026-07-10T14:13:36+05:30,"{""from_version"":""v1"",""reason"":""publish"",""to_version"":""v2""}"
EV0001208,P00010,state_enter_S11,H01e,2026-07-10T14:13:36+05:30,"{""from_state"":""S7"",""state"":""S11""}"
EV0001210,P00010,update_accepted,H05,2026-07-11T13:50:58+05:30,"{""to_version"":""v2""}"
EV0001211,P00010,state_enter_S7,K02,2026-07-11T13:50:58+05:30,"{""from_state"":""S11"",""state"":""S7""}"
EV0001212,P00010,state_enter_S9,H01c,2026-07-14T12:15:00+05:30,"{""from_state"":""S7"",""state"":""S9""}"
EV0001214,P00010,call_completed,K03,2026-07-14T12:17:00+05:30,"{""adviser_id"":""adv02"",""slot"":""2026-07-14T11:30:00+05:30"",""summary"":""Walked through using the app; next step agreed.""}"
EV0001215,P00010,review_due,Q01,2026-07-17T08:40:58+05:30,"{""review_id"":""RV-00476-1""}"
EV0001230,P00010,review_done,Q01,2026-07-22T07:18:33+05:30,"{""review_id"":""RV-00476-1""}"
EV0001231,P00010,plan_updated,H05,2026-07-22T07:19:33+05:30,"{""from_version"":""v2"",""reason"":""review"",""to_version"":""v3""}"
EV0001233,P00010,update_accepted,H05,2026-07-22T07:20:33+05:30,"{""to_version"":""v3""}"
EV0001235,P00010,action_done,E06,2026-07-25T10:49:47+05:30,"{""done_count"":3,""total_count"":4,""verification"":""self_reported"",""verified"":false}"
EV0001254,P00010,state_enter_S10,H01d,2026-08-16T01:33:03+05:30,"{""from_state"":""S9"",""state"":""S10""}"
EV0001255,P00010,action_done,E06,2026-08-16T01:33:05+05:30,"{""done_count"":4,""total_count"":4,""verification"":""platform"",""verified"":true}"
EV0001266,P00010,plan_updated,H05,2026-09-11T17:10:59+05:30,"{""from_version"":""v3"",""reason"":""publish"",""to_version"":""v4""}"
EV0001267,P00010,state_enter_S11,H01e,2026-09-11T17:10:59+05:30,"{""from_state"":""S10"",""state"":""S11""}"
EV0001269,P00010,update_accepted,H05,2026-09-12T11:33:24+05:30,"{""to_version"":""v4""}"
EV0001270,P00010,state_enter_S10,H01d,2026-09-12T11:33:24+05:30,"{""from_state"":""S11"",""state"":""S10""}"
EV0001277,P00012,signed_up,A03,2026-04-04T14:08:31+05:30,"{""device"":""android"",""phone"":""9000030052"",""source"":""community"",""whatsapp_optin"":true}"
EV0001278,P00012,state_enter_S1,R01,2026-04-04T14:08:31+05:30,"{""from_state"":null,""state"":""S1""}"
EV0001290,P00012,reveal_seen,R09,2026-04-04T20:04:42+05:30,"{""age_band"":""35 to 39"",""aspiration"":""Security"",""city"":""Gurugram"",""corpus_band"":""25 lakhs to 1 crore"",""income_band"":""25 to 50 lakhs"",""journey_feel"":null,""path_now_band"":""10 to 20 Cr"",""path_yes_band"":""over 20 Cr"",""savings_band"":""More than 40%, I live well below my means""}"
EV0001291,P00012,state_enter_S2,X01,2026-04-04T20:04:42+05:30,"{""from_state"":""S1"",""state"":""S2""}"
EV0001293,P00012,paywall_viewed,P01,2026-04-04T20:12:53+05:30,"{""from_state"":""S2"",""sku_expanded"":""diwm""}"
EV0001295,P00012,state_enter_S2b,P03,2026-04-04T20:13:23+05:30,"{""from_state"":""S2"",""state"":""S2b""}"
EV0001297,P00012,esign_done,P03,2026-04-04T20:18:17+05:30,"{""agreement_version"":""AGR v1 (to be verified: agreement template versions)"",""esign_ref"":""ESIGN-SEED-003385""}"
EV0001298,P00012,state_enter_S2c,P04,2026-04-04T20:18:17+05:30,"{""from_state"":""S2b"",""state"":""S2c""}"
EV0001300,P00012,paid,P05,2026-04-04T20:23:11+05:30,"{""amount"":""Rs ___"",""mandate_status"":""active"",""period"":""quarterly"",""razorpay_ids"":{""customer_id"":""cust_SEED00012"",""subscription_or_txn_id"":""sub_SEED000121""},""sku"":""diwm""}"
EV0001301,P00012,state_enter_S3,O02,2026-04-04T20:23:11+05:30,"{""from_state"":""S2c"",""state"":""S3""}"
EV0001311,P00012,state_enter_S4,O02,2026-04-05T22:31:05+05:30,"{""from_state"":""S3"",""state"":""S4""}"
EV0001312,P00012,aa_connected,A06,2026-04-05T22:31:06+05:30,"{""consent_expiry"":""2026-07-04"",""institutions_failed"":[],""institutions_ok"":[""Bank 1"",""KFintech"",""CAMS""]}"
EV0001321,P00012,data_progress,D12a,2026-04-05T22:36:09+05:30,"{""pct_complete"":29,""step_id"":""family""}"
EV0001337,P00012,data_progress,D12b,2026-04-09T20:35:57+05:30,"{""pct_complete"":37,""step_id"":""risk""}"
EV0001349,P00012,data_progress,D12c,2026-04-09T20:39:06+05:30,"{""pct_complete"":44,""step_id"":""income""}"
EV0001354,P00012,state_enter_S19,O02,2026-04-12T22:31:05+05:30,"{""from_state"":""S4"",""state"":""S19""}"
EV0001373,P00012,data_progress,D12d,2026-04-13T14:42:26+05:30,"{""pct_complete"":52,""step_id"":""expenses""}"
EV0001397,P00012,data_progress,D12e,2026-04-21T09:33:07+05:30,"{""pct_complete"":71,""step_id"":""investments""}"
EV0001400,P00012,data_progress,D12f,2026-04-21T09:33:33+05:30,"{""pct_complete"":79,""step_id"":""loans""}"
EV0001415,P00012,data_progress,D12g,2026-04-21T09:37:30+05:30,"{""pct_complete"":87,""step_id"":""insurance""}"
EV0001424,P00012,data_progress,D12h,2026-04-23T07:52:01+05:30,"{""pct_complete"":95,""step_id"":""goals""}"
EV0001427,P00012,state_enter_S5,D10,2026-04-23T07:53:47+05:30,"{""from_state"":""S19"",""state"":""S5""}"
EV0001429,P00012,data_complete,D10,2026-04-23T08:15:49+05:30,{}
EV0001430,P00012,plan_built,D10,2026-04-23T08:16:59+05:30,"{""assumed_count"":0,""assumptions_version"":""A1"",""band_count"":8,""built_on"":""full"",""instrument_set_version"":""I1"",""plan_version"":""v1"",""unknown_count"":0}"
EV0001431,P00012,state_enter_S6,H01a,2026-04-23T08:16:59+05:30,"{""from_state"":""S5"",""state"":""S6""}"
EV0001436,P00012,plan_read,G03,2026-04-26T01:18:58+05:30,{}
EV0001437,P00012,state_enter_S8,H01b,2026-04-26T01:18:58+05:30,"{""from_state"":""S6"",""state"":""S8""}"
EV0001446,P00012,call_booked,K01,2026-04-28T13:43:07+05:30,"{""adviser_id"":""adv05"",""slot"":""2026-05-01T18:00:00+05:30"",""summary"":""call booked: the investments and why they were chosen"",""tier"":""diwm"",""topic"":""The investments and why they were chosen""}"
EV0001447,P00012,state_enter_S7,K02,2026-04-28T13:43:07+05:30,"{""from_state"":""S8"",""state"":""S7""}"
EV0001451,P00012,state_enter_S21,K03,2026-05-01T18:45:00+05:30,"{""from_state"":""S7"",""state"":""S21""}"
EV0001452,P00012,plan_updated,H05,2026-05-01T18:46:00+05:30,"{""from_version"":""v1"",""reason"":""update"",""to_version"":""v2""}"
EV0001454,P00012,call_completed,K03,2026-05-01T18:47:00+05:30,"{""adviser_id"":""adv05"",""slot"":""2026-05-01T18:00:00+05:30"",""summary"":""Walked through the investments and why they were chosen; next step agreed.""}"
EV0001456,P00012,update_accepted,H05,2026-05-01T19:10:40+05:30,"{""to_version"":""v2""}"
EV0001467,P00012,state_enter_S9,H01c,2026-05-19T20:34:05+05:30,"{""from_state"":""S21"",""state"":""S9""}"
EV0001473,P00012,action_done,E06,2026-05-23T02:47:36+05:30,"{""done_count"":1,""total_count"":7,""verification"":""platform"",""verified"":true}"
EV0001500,P00012,aa_connected,A06,2026-06-25T13:45:06+05:30,"{""consent_expiry"":""2026-09-23"",""institutions_failed"":[],""institutions_ok"":[""Bank 1"",""KFintech"",""CAMS""],""renewal"":true}"
EV0001509,P00012,action_done,E06,2026-06-30T02:16:11+05:30,"{""done_count"":2,""total_count"":7,""verification"":""platform"",""verified"":true}"
EV0001516,P00012,payment_failed,Q03b,2026-07-03T20:23:11+05:30,"{""grace_until"":""2026-07-10""}"
EV0001517,P00012,state_enter_S12,H01f,2026-07-03T20:23:11+05:30,"{""from_state"":""S9"",""state"":""S12""}"
EV0001523,P00012,plan_updated,H05,2026-07-10T17:13:42+05:30,"{""from_version"":""v2"",""reason"":""publish"",""to_version"":""v3""}"
EV0001524,P00012,lapsed,Q03c,2026-07-10T20:23:11+05:30,"{""reason"":""payment not recovered in grace""}"
EV0001525,P00012,state_enter_S13,H01g,2026-07-10T20:23:11+05:30,"{""from_state"":""S12"",""state"":""S13""}"
EV0001529,P00012,action_done,E06,2026-07-14T01:15:43+05:30,"{""done_count"":3,""total_count"":7,""verification"":""self_reported"",""verified"":false}"
EV0001531,P00012,update_accepted,H05,2026-07-19T09:53:25+05:30,"{""to_version"":""v3""}"
EV0001534,P00012,review_due,Q01,2026-07-22T08:16:59+05:30,"{""review_id"":""RV-00482-1""}"
EV0001538,P00012,review_done,Q01,2026-07-28T11:33:10+05:30,"{""review_id"":""RV-00482-1""}"
EV0001539,P00012,plan_updated,H05,2026-07-28T11:34:10+05:30,"{""from_version"":""v3"",""reason"":""review"",""to_version"":""v4""}"
EV0001541,P00012,update_accepted,H05,2026-07-28T11:35:10+05:30,"{""to_version"":""v4""}"
EV0001548,P00012,action_done,E06,2026-08-29T12:07:07+05:30,"{""done_count"":4,""total_count"":7,""verification"":""self_reported"",""verified"":false}"
EV0001549,P00012,plan_updated,H05,2026-09-11T10:45:30+05:30,"{""from_version"":""v4"",""reason"":""publish"",""to_version"":""v5""}"
EV0001552,P00012,update_accepted,H05,2026-09-17T15:14:26+05:30,"{""to_version"":""v5""}"
EV0001556,P00014,signed_up,A03,2026-04-07T04:38:56+05:30,"{""device"":""ios"",""phone"":""9000024373"",""source"":""web_reveal"",""whatsapp_optin"":true}"
EV0001557,P00014,state_enter_S1,R01,2026-04-07T04:38:56+05:30,"{""from_state"":null,""state"":""S1""}"
EV0001567,P00015,signed_up,A03,2026-04-08T00:04:16+05:30,"{""device"":""android"",""phone"":""9000051269"",""source"":""organic"",""whatsapp_optin"":true}"
EV0001568,P00015,state_enter_S1,R01,2026-04-08T00:04:16+05:30,"{""from_state"":null,""state"":""S1""}"
EV0001580,P00015,reveal_seen,R09,2026-04-08T17:13:10+05:30,"{""age_band"":""30 to 34"",""aspiration"":""Freedom"",""city"":""Bengaluru"",""corpus_band"":""25 lakhs to 1 crore"",""income_band"":""Under 10 lakhs"",""journey_feel"":""Some hits and some misses, it has been mixed"",""path_now_band"":""5 to 10 Cr"",""path_yes_band"":""10 to 20 Cr"",""savings_band"":""More than 40%, I live well below my means""}"
EV0001581,P00015,state_enter_S2,X01,2026-04-08T17:13:10+05:30,"{""from_state"":""S1"",""state"":""S2""}"
EV0001584,P00015,paywall_viewed,P01,2026-04-08T17:14:24+05:30,"{""from_state"":""S2"",""sku_expanded"":""diwm""}"
EV0001592,P00016,signed_up,A03,2026-04-07T04:25:28+05:30,"{""device"":""ios"",""phone"":""9000023227"",""source"":""community"",""whatsapp_optin"":true}"
EV0001593,P00016,state_enter_S1,R01,2026-04-07T04:25:28+05:30,"{""from_state"":null,""state"":""S1""}"
EV0001602,P00018,signed_up,A03,2026-04-09T01:00:41+05:30,"{""device"":""android"",""phone"":""9000092129"",""source"":""corporate_session"",""whatsapp_optin"":true}"
EV0001603,P00018,state_enter_S1,R01,2026-04-09T01:00:41+05:30,"{""from_state"":null,""state"":""S1""}"
EV0001614,P00018,reveal_seen,R09,2026-04-09T04:56:00+05:30,"{""age_band"":""35 to 39"",""aspiration"":""Freedom"",""city"":""Delhi"",""corpus_band"":""1 to 5 crores"",""income_band"":""Over 1 crore"",""journey_feel"":""Very good, mostly things have worked out well"",""path_now_band"":""over 20 Cr"",""path_yes_band"":""over 20 Cr"",""savings_band"":""More than 40%, I live well below my means""}"
EV0001615,P00018,state_enter_S2,X01,2026-04-09T04:56:00+05:30,"{""from_state"":""S1"",""state"":""S2""}"
EV0001620,P00018,paywall_viewed,P01,2026-04-12T11:04:53+05:30,"{""from_state"":""S2"",""sku_expanded"":""diy""}"
EV0001622,P00018,state_enter_S2b,P03,2026-04-12T11:05:23+05:30,"{""from_state"":""S2"",""state"":""S2b""}"
EV0001624,P00018,esign_done,P03,2026-04-12T11:08:22+05:30,"{""agreement_version"":""AGR v1 (to be verified: agreement template versions)"",""esign_ref"":""ESIGN-SEED-003336""}"
EV0001625,P00018,state_enter_S2c,P04,2026-04-12T11:08:22+05:30,"{""from_state"":""S2b"",""state"":""S2c""}"
EV0001627,P00018,paid,P05,2026-04-12T11:11:21+05:30,"{""amount"":""Rs ___"",""mandate_status"":""active"",""period"":""monthly"",""razorpay_ids"":{""customer_id"":""cust_SEED00018"",""subscription_or_txn_id"":""sub_SEED000181""},""sku"":""diy""}"
EV0001628,P00018,state_enter_S3,O02,2026-04-12T11:11:21+05:30,"{""from_state"":""S2c"",""state"":""S3""}"
EV0001636,P00018,aa_connected,A06,2026-04-12T11:16:03+05:30,"{""consent_expiry"":""2026-07-11"",""institutions_failed"":[""KFintech""],""institutions_ok"":[""Bank 5"",""Bank 7"",""NSDL"",""NPS CRA""]}"
EV0001640,P00018,state_enter_S4,O02,2026-04-12T11:58:24+05:30,"{""from_state"":""S3"",""state"":""S4""}"
EV0001645,P00018,data_progress,D12a,2026-04-12T12:01:40+05:30,"{""pct_complete"":31,""step_id"":""family""}"
EV0001656,P00018,data_progress,D12b,2026-04-12T12:03:06+05:30,"{""pct_complete"":39,""step_id"":""risk""}"
EV0001671,P00018,data_progress,D12c,2026-04-12T12:07:50+05:30,"{""pct_complete"":45,""step_id"":""income""}"
EV0001690,P00018,data_progress,D12d,2026-04-12T12:13:11+05:30,"{""pct_complete"":53,""step_id"":""expenses""}"
EV0001713,P00018,data_progress,D12e,2026-04-13T23:22:34+05:30,"{""pct_complete"":70,""step_id"":""investments""}"
EV0001719,P00018,data_progress,D12f,2026-04-14T13:39:37+05:30,"{""pct_complete"":78,""step_id"":""loans""}"
EV0001738,P00018,data_progress,D12g,2026-04-14T13:44:03+05:30,"{""pct_complete"":87,""step_id"":""insurance""}"
EV0001752,P00018,data_progress,D12h,2026-04-14T13:49:11+05:30,"{""pct_complete"":94,""step_id"":""goals""}"
EV0001759,P00018,state_enter_S5,D10,2026-04-14T13:52:51+05:30,"{""from_state"":""S4"",""state"":""S5""}"
EV0001762,P00018,data_complete,D10,2026-04-18T03:04:22+05:30,{}
EV0001763,P00018,plan_built,D10,2026-04-18T03:05:22+05:30,"{""assumed_count"":0,""assumptions_version"":""A1"",""band_count"":5,""built_on"":""full"",""instrument_set_version"":""I1"",""plan_version"":""v1"",""unknown_count"":1}"
EV0001764,P00018,state_enter_S6,H01a,2026-04-18T03:05:22+05:30,"{""from_state"":""S5"",""state"":""S6""}"
EV0001771,P00018,plan_read,G03,2026-04-26T20:26:19+05:30,{}
EV0001772,P00018,state_enter_S8,H01b,2026-04-26T20:26:19+05:30,"{""from_state"":""S6"",""state"":""S8""}"
EV0001786,P00018,state_enter_S9,H01c,2026-05-09T02:05:29+05:30,"{""from_state"":""S8"",""state"":""S9""}"
EV0001796,P00018,action_done,E06,2026-05-10T04:32:18+05:30,"{""done_count"":1,""total_count"":6,""verification"":""aa_verified"",""verified"":true}"
EV0001829,P00018,action_done,E06,2026-06-10T02:18:26+05:30,"{""done_count"":2,""total_count"":6,""verification"":""self_reported"",""verified"":false}"
EV0001853,P00018,aa_connected,A06,2026-07-09T16:04:46+05:30,"{""consent_expiry"":""2026-10-07"",""institutions_failed"":[],""institutions_ok"":[""Bank 5"",""Bank 7"",""NSDL"",""NPS CRA""],""renewal"":true}"
EV0001854,P00018,plan_updated,H05,2026-07-10T18:04:12+05:30,"{""from_version"":""v1"",""reason"":""publish"",""to_version"":""v2""}"
EV0001855,P00018,state_enter_S11,H01e,2026-07-10T18:04:12+05:30,"{""from_state"":""S9"",""state"":""S11""}"
EV0001857,P00018,action_done,E06,2026-07-11T22:12:57+05:30,"{""done_count"":3,""total_count"":6,""verification"":""platform"",""verified"":true}"
EV0001864,P00018,update_accepted,H05,2026-07-15T17:22:03+05:30,"{""to_version"":""v2""}"
EV0001865,P00018,state_enter_S9,H01c,2026-07-15T17:22:03+05:30,"{""from_state"":""S11"",""state"":""S9""}"
EV0001866,P00018,review_due,Q01,2026-07-17T03:05:22+05:30,"{""review_id"":""RV-00475-1""}"
EV0001878,P00018,review_done,Q01,2026-07-28T08:03:02+05:30,"{""review_id"":""RV-00475-1""}"
EV0001879,P00018,plan_updated,H05,2026-07-28T08:04:02+05:30,"{""from_version"":""v2"",""reason"":""review"",""to_version"":""v3""}"
EV0001881,P00018,update_accepted,H05,2026-07-28T08:05:02+05:30,"{""to_version"":""v3""}"
EV0001900,P00018,action_done,E06,2026-08-12T08:44:40+05:30,"{""done_count"":4,""total_count"":6,""verification"":""platform"",""verified"":true}"
EV0001919,P00018,plan_updated,H05,2026-09-11T16:04:37+05:30,"{""from_version"":""v3"",""reason"":""publish"",""to_version"":""v4""}"
EV0001920,P00018,state_enter_S11,H01e,2026-09-11T16:04:37+05:30,"{""from_state"":""S9"",""state"":""S11""}"
EV0001922,P00018,update_accepted,H05,2026-09-12T15:13:28+05:30,"{""to_version"":""v4""}"
EV0001923,P00018,state_enter_S9,H01c,2026-09-12T15:13:28+05:30,"{""from_state"":""S11"",""state"":""S9""}"
EV0001933,P00018,action_done,E06,2026-09-20T06:17:08+05:30,"{""done_count"":5,""total_count"":6,""verification"":""self_reported"",""verified"":false}"
EV0001940,P00019,signed_up,A03,2026-04-08T04:20:15+05:30,"{""device"":""android"",""phone"":""9000028779"",""source"":""community"",""whatsapp_optin"":true}"
EV0001941,P00019,state_enter_S1,R01,2026-04-08T04:20:15+05:30,"{""from_state"":null,""state"":""S1""}"
EV0001952,P00019,reveal_seen,R09,2026-04-08T05:00:29+05:30,"{""age_band"":""30 to 34"",""aspiration"":""Family"",""city"":""Kolkata"",""corpus_band"":""25 lakhs to 1 crore"",""income_band"":""25 to 50 lakhs"",""journey_feel"":""Very good, mostly things have worked out well"",""path_now_band"":""over 20 Cr"",""path_yes_band"":""over 20 Cr"",""savings_band"":""Around 40%, some serious money""}"
EV0001953,P00019,state_enter_S2,X01,2026-04-08T05:00:29+05:30,"{""from_state"":""S1"",""state"":""S2""}"
EV0001962,P00022,signed_up,A03,2026-04-14T10:24:56+05:30,"{""device"":""android"",""phone"":""9000000569"",""source"":""community"",""whatsapp_optin"":true}"
EV0001963,P00022,state_enter_S1,R01,2026-04-14T10:24:56+05:30,"{""from_state"":null,""state"":""S1""}"
EV0001975,P00022,reveal_seen,R09,2026-04-14T20:21:22+05:30,"{""age_band"":""35 to 39"",""aspiration"":""Generosity"",""city"":""Ahmedabad"",""corpus_band"":""25 lakhs to 1 crore"",""income_band"":""25 to 50 lakhs"",""journey_feel"":""Some hits and some misses, it has been mixed"",""path_now_band"":""10 to 20 Cr"",""path_yes_band"":""over 20 Cr"",""savings_band"":""Around 40%, some serious money""}"
EV0001976,P00022,state_enter_S2,X01,2026-04-14T20:21:22+05:30,"{""from_state"":""S1"",""state"":""S2""}"
EV0001980,P00022,paywall_viewed,P01,2026-05-21T15:50:18+05:30,"{""from_state"":""S2"",""sku_expanded"":""diwm""}"
EV0001982,P00022,state_enter_S2b,P03,2026-05-21T15:50:48+05:30,"{""from_state"":""S2"",""state"":""S2b""}"
EV0001984,P00022,esign_done,P03,2026-05-21T15:53:27+05:30,"{""agreement_version"":""AGR v1 (to be verified: agreement template versions)"",""esign_ref"":""ESIGN-SEED-003294""}"
EV0001985,P00022,state_enter_S2c,P04,2026-05-21T15:53:27+05:30,"{""from_state"":""S2b"",""state"":""S2c""}"
EV0001987,P00022,paid,P05,2026-05-21T15:56:06+05:30,"{""amount"":""Rs ___"",""mandate_status"":""active"",""period"":""monthly"",""razorpay_ids"":{""customer_id"":""cust_SEED00022"",""subscription_or_txn_id"":""sub_SEED000221""},""sku"":""diwm""}"
EV0001988,P00022,state_enter_S3,O02,2026-05-21T15:56:06+05:30,"{""from_state"":""S2c"",""state"":""S3""}"
EV0001996,P00022,aa_connected,A06,2026-05-21T16:15:59+05:30,"{""consent_expiry"":""2026-08-19"",""institutions_failed"":[""Bank 2""],""institutions_ok"":[]}"
EV0002000,P00022,state_enter_S4,O02,2026-05-21T17:46:56+05:30,"{""from_state"":""S3"",""state"":""S4""}"
EV0002010,P00022,data_progress,D12a,2026-05-21T17:56:07+05:30,"{""pct_complete"":31,""step_id"":""family""}"
EV0002013,P00022,state_enter_S19,O02,2026-05-28T17:46:56+05:30,"{""from_state"":""S4"",""state"":""S19""}"
EV0002027,P00022,data_progress,D12b,2026-05-30T11:14:21+05:30,"{""pct_complete"":39,""step_id"":""risk""}"
EV0002039,P00022,data_progress,D12c,2026-05-30T11:18:47+05:30,"{""pct_complete"":45,""step_id"":""income""}"
EV0002062,P00022,data_progress,D12d,2026-05-30T11:25:42+05:30,"{""pct_complete"":49,""step_id"":""expenses""}"
EV0002079,P00022,data_progress,D12e,2026-05-30T11:30:57+05:30,"{""pct_complete"":67,""step_id"":""investments""}"
EV0002088,P00022,data_progress,D12f,2026-05-30T11:33:05+05:30,"{""pct_complete"":75,""step_id"":""loans""}"
EV0002107,P00022,data_progress,D12g,2026-05-31T10:43:37+05:30,"{""pct_complete"":82,""step_id"":""insurance""}"
EV0002120,P00022,data_progress,D12h,2026-05-31T10:48:24+05:30,"{""pct_complete"":90,""step_id"":""goals""}"
EV0002129,P00022,state_enter_S5,D10,2026-05-31T10:49:59+05:30,"{""from_state"":""S19"",""state"":""S5""}"
EV0002131,P00022,data_complete,D10,2026-05-31T11:07:11+05:30,{}
EV0002132,P00022,plan_built,D10,2026-05-31T11:08:01+05:30,"{""assumed_count"":1,""assumptions_version"":""A1"",""band_count"":9,""built_on"":""full"",""instrument_set_version"":""I1"",""plan_version"":""v1"",""unknown_count"":2}"
EV0002133,P00022,state_enter_S6,H01a,2026-05-31T11:08:01+05:30,"{""from_state"":""S5"",""state"":""S6""}"
EV0002139,P00022,plan_read,G03,2026-06-10T00:56:35+05:30,{}
EV0002140,P00022,state_enter_S8,H01b,2026-06-10T00:56:35+05:30,"{""from_state"":""S6"",""state"":""S8""}"
EV0002154,P00022,call_booked,K01,2026-06-14T20:50:32+05:30,"{""adviser_id"":""adv04"",""slot"":""2026-06-19T17:00:00+05:30"",""summary"":""call booked: something changed"",""tier"":""diwm"",""topic"":""Something changed""}"
EV0002155,P00022,state_enter_S7,K02,2026-06-14T20:50:32+05:30,"{""from_state"":""S8"",""state"":""S7""}"
EV0002161,P00022,state_enter_S21,K03,2026-06-19T17:45:00+05:30,"{""from_state"":""S7"",""state"":""S21""}"
EV0002163,P00022,call_completed,K03,2026-06-19T17:47:00+05:30,"{""adviser_id"":""adv04"",""slot"":""2026-06-19T17:00:00+05:30"",""summary"":""Walked through something changed; next step agreed.""}"
EV0002172,P00022,state_enter_S9,H01c,2026-07-04T15:03:05+05:30,"{""from_state"":""S21"",""state"":""S9""}"
EV0002183,P00022,action_done,E06,2026-07-06T12:44:31+05:30,"{""done_count"":1,""total_count"":4,""verification"":""aa_verified"",""verified"":true}"
EV0002188,P00022,plan_updated,H05,2026-07-10T14:54:17+05:30,"{""from_version"":""v1"",""reason"":""publish"",""to_version"":""v2""}"
EV0002189,P00022,state_enter_S11,H01e,2026-07-10T14:54:17+05:30,"{""from_state"":""S9"",""state"":""S11""}"
EV0002193,P00022,update_accepted,H05,2026-07-12T09:07:05+05:30,"{""to_version"":""v2""}"
EV0002194,P00022,state_enter_S9,H01c,2026-07-12T09:07:05+05:30,"{""from_state"":""S11"",""state"":""S9""}"
EV0002228,P00022,action_done,E06,2026-08-16T11:10:07+05:30,"{""done_count"":2,""total_count"":4,""verification"":""self_reported"",""verified"":false}"
EV0002229,P00022,state_enter_S15,Q01,2026-08-19T16:15:59+05:30,"{""from_state"":""S9"",""state"":""S15""}"
EV0002231,P00022,aa_connected,A06,2026-08-22T06:02:43+05:30,"{""consent_expiry"":""2026-11-20"",""institutions_failed"":[],""institutions_ok"":[],""renewal"":true}"
EV0002232,P00022,state_enter_S9,H01c,2026-08-22T06:02:43+05:30,"{""from_state"":""S15"",""state"":""S9""}"
EV0002235,P00022,review_due,Q01,2026-08-29T11:08:01+05:30,"{""review_id"":""RV-00469-1""}"
EV0002241,P00022,review_done,Q01,2026-08-30T16:16:13+05:30,"{""review_id"":""RV-00469-1""}"
EV0002242,P00022,plan_updated,H05,2026-08-30T16:17:13+05:30,"{""from_version"":""v2"",""reason"":""review"",""to_version"":""v3""}"
EV0002244,P00022,update_accepted,H05,2026-08-30T16:18:13+05:30,"{""to_version"":""v3""}"
EV0002251,P00022,plan_updated,H05,2026-08-31T01:51:26+05:30,"{""from_version"":""v3"",""reason"":""sharpen"",""to_version"":""v4""}"
EV0002253,P00022,update_accepted,H05,2026-08-31T01:51:56+05:30,"{""to_version"":""v4""}"
EV0002260,P00022,plan_updated,H05,2026-08-31T01:55:46+05:30,"{""from_version"":""v4"",""reason"":""sharpen"",""to_version"":""v5""}"
EV0002262,P00022,update_accepted,H05,2026-08-31T01:56:16+05:30,"{""to_version"":""v5""}"
EV0002269,P00022,action_done,E06,2026-09-09T13:54:43+05:30,"{""done_count"":3,""total_count"":4,""verification"":""platform"",""verified"":true}"
EV0002277,P00022,plan_updated,H05,2026-09-11T10:43:07+05:30,"{""from_version"":""v5"",""reason"":""publish"",""to_version"":""v6""}"
EV0002278,P00022,state_enter_S11,H01e,2026-09-11T10:43:07+05:30,"{""from_state"":""S9"",""state"":""S11""}"
EV0002282,P00022,payment_failed,Q03b,2026-09-18T15:56:06+05:30,"{""grace_until"":""2026-09-25""}"
EV0002283,P00022,state_enter_S12,H01f,2026-09-18T15:56:06+05:30,"{""from_state"":""S11"",""state"":""S12""}"
EV0002286,P00022,update_accepted,H05,2026-09-19T14:14:07+05:30,"{""to_version"":""v6""}"
EV0002287,P00022,payment_recovered,Q03b,2026-09-20T14:07:58+05:30,"{""grace_until"":""2026-09-25""}"
EV0002288,P00022,state_enter_S9,H01c,2026-09-20T14:07:58+05:30,"{""from_state"":""S12"",""state"":""S9""}"
EV0002292,P00024,signed_up,A03,2026-04-12T01:49:55+05:30,"{""device"":""ios"",""phone"":""9000078942"",""source"":""community"",""whatsapp_optin"":true}"
EV0002293,P00024,state_enter_S1,R01,2026-04-12T01:49:55+05:30,"{""from_state"":null,""state"":""S1""}"
EV0002304,P00024,reveal_seen,R09,2026-04-12T02:44:52+05:30,"{""age_band"":""25 to 29"",""aspiration"":""Security"",""city"":""Kolkata"",""corpus_band"":""Under 5 lakhs"",""income_band"":""Under 10 lakhs"",""journey_feel"":""Very good, mostly things have worked out well"",""path_now_band"":""2 to 5 Cr"",""path_yes_band"":""5 to 10 Cr"",""savings_band"":""Around 25%, meaningful amounts""}"
EV0002305,P00024,state_enter_S2,X01,2026-04-12T02:44:52+05:30,"{""from_state"":""S1"",""state"":""S2""}"
EV0002309,P00024,paywall_viewed,P01,2026-04-12T02:49:56+05:30,"{""from_state"":""S2"",""sku_expanded"":""diwm""}"
EV0002319,P00025,signed_up,A03,2026-04-15T19:45:31+05:30,"{""device"":""ios"",""phone"":""9000011718"",""source"":""referral"",""whatsapp_optin"":true}"
EV0002320,P00025,state_enter_S1,R01,2026-04-15T19:45:31+05:30,"{""from_state"":null,""state"":""S1""}"
EV0002332,P00025,reveal_seen,R09,2026-04-16T03:04:31+05:30,"{""age_band"":""25 to 29"",""aspiration"":""Security"",""city"":""Pune"",""corpus_band"":""5 to 25 lakhs"",""income_band"":""10 to 25 lakhs"",""journey_feel"":""Not so good, I can do better"",""path_now_band"":""10 to 20 Cr"",""path_yes_band"":""over 20 Cr"",""savings_band"":""More than 40%, I live well below my means""}"
EV0002333,P00025,state_enter_S2,X01,2026-04-16T03:04:31+05:30,"{""from_state"":""S1"",""state"":""S2""}"
EV0002342,P00027,signed_up,A03,2026-04-15T22:02:18+05:30,"{""device"":""android"",""phone"":""9000058897"",""source"":""corporate_session"",""whatsapp_optin"":false}"
EV0002343,P00027,state_enter_S1,R01,2026-04-15T22:02:18+05:30,"{""from_state"":null,""state"":""S1""}"
EV0002355,P00027,reveal_seen,R09,2026-04-16T10:28:13+05:30,"{""age_band"":""35 to 39"",""aspiration"":""Family"",""city"":""Bengaluru"",""corpus_band"":""1 to 5 crores"",""income_band"":""50 lakhs to 1 crore"",""journey_feel"":""Some hits and some misses, it has been mixed"",""path_now_band"":""10 to 20 Cr"",""path_yes_band"":""over 20 Cr"",""savings_band"":""Around 25%, meaningful amounts""}"
EV0002356,P00027,state_enter_S2,X01,2026-04-16T10:28:13+05:30,"{""from_state"":""S1"",""state"":""S2""}"
EV0002363,P00028,signed_up,A03,2026-04-17T06:14:46+05:30,"{""device"":""android"",""phone"":""9000059183"",""source"":""community"",""whatsapp_optin"":true}"
EV0002364,P00028,state_enter_S1,R01,2026-04-17T06:14:46+05:30,"{""from_state"":null,""state"":""S1""}"
EV0002374,P00030,signed_up,A03,2026-04-18T03:02:14+05:30,"{""device"":""android"",""phone"":""9000026087"",""source"":""community"",""whatsapp_optin"":true}"
EV0002375,P00030,state_enter_S1,R01,2026-04-18T03:02:14+05:30,"{""from_state"":null,""state"":""S1""}"
EV0002389,P00030,reveal_seen,R09,2026-04-18T18:17:08+05:30,"{""age_band"":""30 to 34"",""aspiration"":""Family"",""city"":""Mumbai"",""corpus_band"":""1 to 5 crores"",""income_band"":""25 to 50 lakhs"",""journey_feel"":""Very good, mostly things have worked out well"",""path_now_band"":""over 20 Cr"",""path_yes_band"":""over 20 Cr"",""savings_band"":""More than 40%, I live well below my means""}"
EV0002390,P00030,state_enter_S2,X01,2026-04-18T18:17:08+05:30,"{""from_state"":""S1"",""state"":""S2""}"
EV0002393,P00030,paywall_viewed,P01,2026-04-18T19:11:26+05:30,"{""from_state"":""S2"",""sku_expanded"":""diwm""}"
EV0002395,P00030,state_enter_S2b,P03,2026-04-18T19:11:56+05:30,"{""from_state"":""S2"",""state"":""S2b""}"
EV0002397,P00030,esign_done,P03,2026-04-18T19:16:35+05:30,"{""agreement_version"":""AGR v1 (to be verified: agreement template versions)"",""esign_ref"":""ESIGN-SEED-003511""}"
EV0002398,P00030,state_enter_S2c,P04,2026-04-18T19:16:35+05:30,"{""from_state"":""S2b"",""state"":""S2c""}"
EV0002400,P00030,paid,P05,2026-04-18T19:21:14+05:30,"{""amount"":""Rs ___"",""mandate_status"":""active"",""period"":""monthly"",""razorpay_ids"":{""customer_id"":""cust_SEED00030"",""subscription_or_txn_id"":""sub_SEED000301""},""sku"":""diwm""}"
EV0002401,P00030,state_enter_S3,O02,2026-04-18T19:21:14+05:30,"{""from_state"":""S2c"",""state"":""S3""}"
EV0002411,P00030,aa_failed,A09,2026-04-18T19:31:30+05:30,"{""consent_expiry"":null,""institutions_failed"":[""Bank 8"",""Bank 4"",""KFintech"",""NPS CRA""],""institutions_ok"":[]}"
EV0002413,P00030,state_enter_S4,O02,2026-04-19T01:02:07+05:30,"{""from_state"":""S3"",""state"":""S4""}"
EV0002416,P00030,data_progress,D12a,2026-04-19T01:04:13+05:30,"{""pct_complete"":31,""step_id"":""family""}"
EV0002427,P00030,data_progress,D12b,2026-04-19T01:05:48+05:30,"{""pct_complete"":39,""step_id"":""risk""}"
EV0002437,P00030,data_progress,D12c,2026-04-19T01:08:49+05:30,"{""pct_complete"":43,""step_id"":""income""}"
EV0002452,P00030,data_progress,D12d,2026-04-19T01:12:59+05:30,"{""pct_complete"":51,""step_id"":""expenses""}"
EV0002472,P00030,data_progress,D12e,2026-04-19T01:18:59+05:30,"{""pct_complete"":65,""step_id"":""investments""}"
EV0002475,P00030,data_progress,D12f,2026-04-19T01:19:32+05:30,"{""pct_complete"":73,""step_id"":""loans""}"
EV0002488,P00030,data_progress,D12g,2026-04-19T01:23:04+05:30,"{""pct_complete"":82,""step_id"":""insurance""}"
EV0002503,P00030,data_progress,D12h,2026-04-19T01:28:02+05:30,"{""pct_complete"":89,""step_id"":""goals""}"
EV0002505,P00030,state_enter_S19,O02,2026-04-26T01:02:07+05:30,"{""from_state"":""S4"",""state"":""S19""}"
EV0002518,P00030,state_enter_S5,D10,2026-05-09T13:18:30+05:30,"{""from_state"":""S19"",""state"":""S5""}"
EV0002520,P00030,data_complete,D10,2026-05-09T13:36:04+05:30,{}
EV0002521,P00030,plan_built,D10,2026-05-09T13:37:23+05:30,"{""assumed_count"":1,""assumptions_version"":""A1"",""band_count"":12,""built_on"":""full"",""instrument_set_version"":""I1"",""plan_version"":""v1"",""unknown_count"":0}"
EV0002522,P00030,state_enter_S6,H01a,2026-05-09T13:37:23+05:30,"{""from_state"":""S5"",""state"":""S6""}"
EV0002525,P00030,plan_read,G03,2026-05-09T14:45:51+05:30,{}
EV0002526,P00030,state_enter_S8,H01b,2026-05-09T14:45:51+05:30,"{""from_state"":""S6"",""state"":""S8""}"
EV0002543,P00030,state_enter_S9,H01c,2026-05-19T12:58:51+05:30,"{""from_state"":""S8"",""state"":""S9""}"
EV0002546,P00030,action_done,E06,2026-05-21T09:19:45+05:30,"{""done_count"":1,""total_count"":4,""verification"":""self_reported"",""verified"":false}"
EV0002570,P00030,payment_failed,Q03b,2026-06-17T19:21:14+05:30,"{""grace_until"":""2026-06-24""}"
EV0002571,P00030,state_enter_S12,H01f,2026-06-17T19:21:14+05:30,"{""from_state"":""S9"",""state"":""S12""}"
EV0002576,P00030,payment_recovered,Q03b,2026-06-20T13:20:36+05:30,"{""grace_until"":""2026-06-24""}"
EV0002577,P00030,state_enter_S9,H01c,2026-06-20T13:20:36+05:30,"{""from_state"":""S12"",""state"":""S9""}"
EV0002585,P00030,action_done,E06,2026-06-28T19:34:03+05:30,"{""done_count"":2,""total_count"":4,""verification"":""self_reported"",""verified"":false}"
EV0002591,P00030,plan_updated,H05,2026-07-10T15:40:51+05:30,"{""from_version"":""v1"",""reason"":""publish"",""to_version"":""v2""}"
EV0002592,P00030,state_enter_S11,H01e,2026-07-10T15:40:51+05:30,"{""from_state"":""S9"",""state"":""S11""}"
EV0002595,P00030,update_accepted,H05,2026-07-14T15:24:23+05:30,"{""to_version"":""v2""}"
EV0002596,P00030,state_enter_S9,H01c,2026-07-14T15:24:23+05:30,"{""from_state"":""S11"",""state"":""S9""}"
EV0002602,P00030,action_done,E06,2026-07-19T18:38:56+05:30,"{""done_count"":3,""total_count"":4,""verification"":""self_reported"",""verified"":false}"
EV0002614,P00030,plan_updated,H05,2026-07-31T06:54:45+05:30,"{""from_version"":""v2"",""reason"":""sharpen"",""to_version"":""v3""}"
EV0002616,P00030,update_accepted,H05,2026-07-31T06:55:15+05:30,"{""to_version"":""v3""}"
EV0002623,P00030,plan_updated,H05,2026-07-31T07:02:18+05:30,"{""from_version"":""v3"",""reason"":""sharpen"",""to_version"":""v4""}"
EV0002625,P00030,update_accepted,H05,2026-07-31T07:02:48+05:30,"{""to_version"":""v4""}"
EV0002632,P00030,plan_updated,H05,2026-07-31T07:16:55+05:30,"{""from_version"":""v4"",""reason"":""sharpen"",""to_version"":""v5""}"
EV0002634,P00030,update_accepted,H05,2026-07-31T07:17:25+05:30,"{""to_version"":""v5""}"
EV0002638,P00030,review_due,Q01,2026-08-07T13:37:23+05:30,"{""review_id"":""RV-00500-1""}"
EV0002654,P00030,state_enter_S22,H01k,2026-08-21T13:37:23+05:30,"{""from_state"":""S9"",""state"":""S22""}"
EV0002665,P00030,action_done,E06,2026-08-27T01:34:11+05:30,"{""done_count"":4,""total_count"":4,""verification"":""platform"",""verified"":true}"
EV0002670,P00030,plan_updated,H05,2026-09-11T10:46:07+05:30,"{""from_version"":""v5"",""reason"":""publish"",""to_version"":""v6""}"
EV0002671,P00030,state_enter_S11,H01e,2026-09-11T10:46:07+05:30,"{""from_state"":""S22"",""state"":""S11""}"
EV0002674,P00030,update_accepted,H05,2026-09-14T20:15:58+05:30,"{""to_version"":""v6""}"
EV0002675,P00030,state_enter_S22,H01k,2026-09-14T20:15:58+05:30,"{""from_state"":""S11"",""state"":""S22""}"
EV0002682,P00031,signed_up,A03,2026-04-20T07:43:30+05:30,"{""device"":""ios"",""phone"":""9000047666"",""source"":""community"",""whatsapp_optin"":true}"
EV0002683,P00031,state_enter_S1,R01,2026-04-20T07:43:30+05:30,"{""from_state"":null,""state"":""S1""}"
EV0002695,P00031,reveal_seen,R09,2026-04-20T11:28:50+05:30,"{""age_band"":""30 to 34"",""aspiration"":""Legacy"",""city"":""Pune"",""corpus_band"":""Under 5 lakhs"",""income_band"":""10 to 25 lakhs"",""journey_feel"":""Some hits and some misses, it has been mixed"",""path_now_band"":""5 to 10 Cr"",""path_yes_band"":""10 to 20 Cr"",""savings_band"":""More than 40%, I live well below my means""}"
EV0002696,P00031,state_enter_S2,X01,2026-04-20T11:28:50+05:30,"{""from_state"":""S1"",""state"":""S2""}"
EV0002700,P00031,paywall_viewed,P01,2026-04-20T11:31:09+05:30,"{""from_state"":""S2"",""sku_expanded"":""diwm""}"
EV0002709,P00032,signed_up,A03,2026-04-18T06:20:54+05:30,"{""device"":""ios"",""phone"":""9000034228"",""source"":""web_reveal"",""whatsapp_optin"":true}"
EV0002710,P00032,state_enter_S1,R01,2026-04-18T06:20:54+05:30,"{""from_state"":null,""state"":""S1""}"
EV0002719,P00033,signed_up,A03,2026-04-20T20:52:38+05:30,"{""device"":""ios"",""phone"":""9000017327"",""source"":""organic"",""whatsapp_optin"":true}"
EV0002720,P00033,state_enter_S1,R01,2026-04-20T20:52:38+05:30,"{""from_state"":null,""state"":""S1""}"
EV0002731,P00033,reveal_seen,R09,2026-04-21T05:02:24+05:30,"{""age_band"":""25 to 29"",""aspiration"":""Freedom"",""city"":""Bengaluru"",""corpus_band"":""Under 5 lakhs"",""income_band"":""Under 10 lakhs"",""journey_feel"":null,""path_now_band"":""5 to 10 Cr"",""path_yes_band"":""10 to 20 Cr"",""savings_band"":""More than 40%, I live well below my means""}"
EV0002732,P00033,state_enter_S2,X01,2026-04-21T05:02:24+05:30,"{""from_state"":""S1"",""state"":""S2""}"
EV0002742,P00035,signed_up,A03,2026-04-29T20:02:47+05:30,"{""device"":""android"",""phone"":""9000074394"",""source"":""community"",""whatsapp_optin"":true}"
EV0002743,P00035,state_enter_S1,R01,2026-04-29T20:02:47+05:30,"{""from_state"":null,""state"":""S1""}"
EV0002754,P00035,reveal_seen,R09,2026-04-29T21:30:41+05:30,"{""age_band"":""35 to 39"",""aspiration"":""Family"",""city"":""Gurugram"",""corpus_band"":""1 to 5 crores"",""income_band"":""25 to 50 lakhs"",""journey_feel"":""Very good, mostly things have worked out well"",""path_now_band"":""10 to 20 Cr"",""path_yes_band"":""over 20 Cr"",""savings_band"":""Around 25%, meaningful amounts""}"
EV0002755,P00035,state_enter_S2,X01,2026-04-29T21:30:41+05:30,"{""from_state"":""S1"",""state"":""S2""}"
EV0002758,P00035,paywall_viewed,P01,2026-04-30T20:12:48+05:30,"{""from_state"":""S2"",""sku_expanded"":""diwm""}"
EV0002760,P00035,state_enter_S2b,P03,2026-04-30T20:13:18+05:30,"{""from_state"":""S2"",""state"":""S2b""}"
EV0002762,P00035,esign_done,P03,2026-04-30T20:17:36+05:30,"{""agreement_version"":""AGR v1 (to be verified: agreement template versions)"",""esign_ref"":""ESIGN-SEED-003322""}"
EV0002763,P00035,state_enter_S2c,P04,2026-04-30T20:17:36+05:30,"{""from_state"":""S2b"",""state"":""S2c""}"
EV0002765,P00035,paid,P05,2026-04-30T20:21:54+05:30,"{""amount"":""Rs ___"",""mandate_status"":""none (charged per period)"",""period"":""monthly"",""razorpay_ids"":{""customer_id"":""cust_SEED00035"",""subscription_or_txn_id"":""pay_SEED000351""},""sku"":""diwm""}"
EV0002766,P00035,state_enter_S3,O02,2026-04-30T20:21:54+05:30,"{""from_state"":""S2c"",""state"":""S3""}"
EV0002775,P00035,state_enter_S17,A10a,2026-05-01T01:09:11+05:30,"{""from_state"":""S3"",""state"":""S17""}"
EV0002778,P00035,state_enter_S3,O02,2026-05-01T04:51:50+05:30,"{""from_state"":""S17"",""state"":""S3""}"
EV0002781,P00035,state_enter_S4,O02,2026-05-07T19:01:42+05:30,"{""from_state"":""S3"",""state"":""S4""}"
EV0002785,P00035,data_progress,D12a,2026-05-07T19:04:40+05:30,"{""pct_complete"":31,""step_id"":""family""}"
EV0002796,P00035,data_progress,D12b,2026-05-07T19:06:09+05:30,"{""pct_complete"":39,""step_id"":""risk""}"
EV0002802,P00035,data_progress,D12c,2026-05-07T19:07:57+05:30,"{""pct_complete"":40,""step_id"":""income""}"
EV0002818,P00035,data_progress,D12d,2026-05-07T19:12:23+05:30,"{""pct_complete"":48,""step_id"":""expenses""}"
EV0002830,P00035,data_progress,D12e,2026-05-07T19:15:32+05:30,"{""pct_complete"":67,""step_id"":""investments""}"
EV0002840,P00035,data_progress,D12f,2026-05-07T19:17:54+05:30,"{""pct_complete"":75,""step_id"":""loans""}"
EV0002852,P00035,data_progress,D12g,2026-05-07T19:20:35+05:30,"{""pct_complete"":83,""step_id"":""insurance""}"
EV0002866,P00035,data_progress,D12h,2026-05-07T19:26:01+05:30,"{""pct_complete"":91,""step_id"":""goals""}"
EV0002868,P00035,state_enter_S19,O02,2026-05-14T19:01:42+05:30,"{""from_state"":""S4"",""state"":""S19""}"
EV0002880,P00035,state_enter_S5,D10,2026-05-16T07:13:46+05:30,"{""from_state"":""S19"",""state"":""S5""}"
EV0002882,P00035,data_complete,D10,2026-05-16T07:36:48+05:30,{}
EV0002883,P00035,plan_built,D10,2026-05-16T07:37:07+05:30,"{""assumed_count"":0,""assumptions_version"":""A1"",""band_count"":8,""built_on"":""full"",""instrument_set_version"":""I1"",""plan_version"":""v1"",""unknown_count"":0}"
EV0002884,P00035,state_enter_S6,H01a,2026-05-16T07:37:07+05:30,"{""from_state"":""S5"",""state"":""S6""}"
EV0002887,P00035,plan_read,G03,2026-05-16T08:16:21+05:30,{}
EV0002888,P00035,state_enter_S8,H01b,2026-05-16T08:16:21+05:30,"{""from_state"":""S6"",""state"":""S8""}"
EV0002897,P00035,pdf_downloaded,G10,2026-05-16T08:29:48+05:30,"{""plan_version"":""v1""}"
EV0002906,P00035,call_booked,K01,2026-05-26T16:08:23+05:30,"{""adviser_id"":""adv06"",""slot"":""2026-05-30T19:00:00+05:30"",""summary"":""call booked: my numbers"",""tier"":""diwm"",""topic"":""My numbers""}"
EV0002907,P00035,state_enter_S7,K02,2026-05-26T16:08:23+05:30,"{""from_state"":""S8"",""state"":""S7""}"
EV0002915,P00035,state_enter_S9,H01c,2026-05-30T19:45:00+05:30,"{""from_state"":""S7"",""state"":""S9""}"
EV0002917,P00035,call_completed,K03,2026-05-30T19:47:00+05:30,"{""adviser_id"":""adv06"",""slot"":""2026-05-30T19:00:00+05:30"",""summary"":""Walked through my numbers; next step agreed.""}"
EV0002930,P00035,action_done,E06,2026-06-05T06:52:27+05:30,"{""done_count"":1,""total_count"":6,""verification"":""platform"",""verified"":true}"
EV0002945,P00035,plan_updated,H05,2026-06-17T02:10:23+05:30,"{""from_version"":""v1"",""reason"":""sharpen"",""to_version"":""v2""}"
EV0002947,P00035,update_accepted,H05,2026-06-17T02:10:53+05:30,"{""to_version"":""v2""}"
EV0002957,P00035,action_done,E06,2026-06-22T17:21:29+05:30,"{""done_count"":2,""total_count"":6,""verification"":""platform"",""verified"":true}"
EV0002969,P00035,call_booked,K01,2026-07-06T17:39:07+05:30,"{""adviser_id"":""adv04"",""slot"":""2026-07-08T11:00:00+05:30"",""summary"":""call booked: the investments and why they were chosen"",""tier"":""diwm"",""topic"":""The investments and why they were chosen""}"
EV0002970,P00035,state_enter_S7,K02,2026-07-06T17:39:07+05:30,"{""from_state"":""S9"",""state"":""S7""}"
EV0002973,P00035,state_enter_S9,H01c,2026-07-08T11:45:00+05:30,"{""from_state"":""S7"",""state"":""S9""}"
EV0002974,P00035,plan_updated,H05,2026-07-08T11:46:00+05:30,"{""from_version"":""v2"",""reason"":""update"",""to_version"":""v3""}"
EV0002976,P00035,call_completed,K03,2026-07-08T11:47:00+05:30,"{""adviser_id"":""adv04"",""slot"":""2026-07-08T11:00:00+05:30"",""summary"":""Walked through the investments and why they were chosen; next step agreed.""}"
EV0002978,P00035,update_accepted,H05,2026-07-08T11:50:26+05:30,"{""to_version"":""v3""}"
EV0002979,P00035,plan_updated,H05,2026-07-10T19:45:43+05:30,"{""from_version"":""v3"",""reason"":""publish"",""to_version"":""v4""}"
EV0002980,P00035,state_enter_S11,H01e,2026-07-10T19:45:43+05:30,"{""from_state"":""S9"",""state"":""S11""}"
EV0002987,P00035,update_accepted,H05,2026-07-19T00:08:38+05:30,"{""to_version"":""v4""}"
EV0002988,P00035,state_enter_S9,H01c,2026-07-19T00:08:38+05:30,"{""from_state"":""S11"",""state"":""S9""}"
EV0002995,P00035,action_done,E06,2026-07-24T16:41:58+05:30,"{""done_count"":3,""total_count"":6,""verification"":""self_reported"",""verified"":false}"
EV0003009,P00035,action_done,E06,2026-08-11T08:16:24+05:30,"{""done_count"":4,""total_count"":6,""verification"":""self_reported"",""verified"":false}"
EV0003012,P00035,review_due,Q01,2026-08-14T07:37:07+05:30,"{""review_id"":""RV-00473-1""}"
EV0003019,P00035,review_done,Q01,2026-08-18T16:18:27+05:30,"{""review_id"":""RV-00473-1""}"
EV0003020,P00035,plan_updated,H05,2026-08-18T16:19:27+05:30,"{""from_version"":""v4"",""reason"":""review"",""to_version"":""v5""}"
EV0003022,P00035,update_accepted,H05,2026-08-18T16:20:27+05:30,"{""to_version"":""v5""}"
EV0003041,P00035,plan_updated,H05,2026-09-11T17:52:14+05:30,"{""from_version"":""v5"",""reason"":""publish"",""to_version"":""v6""}"
EV0003042,P00035,state_enter_S11,H01e,2026-09-11T17:52:14+05:30,"{""from_state"":""S9"",""state"":""S11""}"
EV0003047,P00035,action_done,E06,2026-09-17T16:03:44+05:30,"{""done_count"":5,""total_count"":6,""verification"":""platform"",""verified"":true}"
EV0003051,P00035,update_accepted,H05,2026-09-17T22:31:10+05:30,"{""to_version"":""v6""}"
EV0003052,P00035,state_enter_S9,H01c,2026-09-17T22:31:10+05:30,"{""from_state"":""S11"",""state"":""S9""}"
EV0003058,P00037,signed_up,A03,2026-04-23T18:23:05+05:30,"{""device"":""android"",""phone"":""9000041761"",""source"":""web_reveal"",""whatsapp_optin"":true}"
EV0003059,P00037,state_enter_S1,R01,2026-04-23T18:23:05+05:30,"{""from_state"":null,""state"":""S1""}"
EV0003071,P00037,reveal_seen,R09,2026-04-23T20:03:19+05:30,"{""age_band"":""30 to 34"",""aspiration"":""Family"",""city"":""Gurugram"",""corpus_band"":""1 to 5 crores"",""income_band"":""50 lakhs to 1 crore"",""journey_feel"":""Very good, mostly things have worked out well"",""path_now_band"":""over 20 Cr"",""path_yes_band"":""over 20 Cr"",""savings_band"":""More than 40%, I live well below my means""}"
EV0003072,P00037,state_enter_S2,X01,2026-04-23T20:03:19+05:30,"{""from_state"":""S1"",""state"":""S2""}"
EV0003076,P00037,paywall_viewed,P01,2026-04-23T20:07:22+05:30,"{""from_state"":""S2"",""sku_expanded"":""diwm""}"
EV0003091,P00038,signed_up,A03,2026-04-23T05:22:12+05:30,"{""device"":""android"",""phone"":""9000086902"",""source"":""community"",""whatsapp_optin"":false}"
EV0003092,P00038,state_enter_S1,R01,2026-04-23T05:22:12+05:30,"{""from_state"":null,""state"":""S1""}"
EV0003104,P00038,reveal_seen,R09,2026-04-23T15:50:19+05:30,"{""age_band"":""25 to 29"",""aspiration"":""Freedom"",""city"":""Bengaluru"",""corpus_band"":""Under 5 lakhs"",""income_band"":""10 to 25 lakhs"",""journey_feel"":""Not so good, I can do better"",""path_now_band"":""10 to 20 Cr"",""path_yes_band"":""10 to 20 Cr"",""savings_band"":""More than 40%, I live well below my means""}"
EV0003105,P00038,state_enter_S2,X01,2026-04-23T15:50:19+05:30,"{""from_state"":""S1"",""state"":""S2""}"
EV0003107,P00038,paywall_viewed,P01,2026-04-23T16:40:19+05:30,"{""from_state"":""S2"",""sku_expanded"":""diwm""}"
EV0003109,P00038,state_enter_S2b,P03,2026-04-23T16:40:49+05:30,"{""from_state"":""S2"",""state"":""S2b""}"
EV0003111,P00038,esign_done,P03,2026-04-23T16:42:34+05:30,"{""agreement_version"":""AGR v1 (to be verified: agreement template versions)"",""esign_ref"":""ESIGN-SEED-003399""}"
EV0003112,P00038,state_enter_S2c,P04,2026-04-23T16:42:34+05:30,"{""from_state"":""S2b"",""state"":""S2c""}"
EV0003114,P00038,paid,P05,2026-04-23T16:44:19+05:30,"{""amount"":""Rs ___"",""mandate_status"":""none (charged per period)"",""period"":""quarterly"",""razorpay_ids"":{""customer_id"":""cust_SEED00038"",""subscription_or_txn_id"":""pay_SEED000381""},""sku"":""diwm""}"
EV0003115,P00038,state_enter_S3,O02,2026-04-23T16:44:19+05:30,"{""from_state"":""S2c"",""state"":""S3""}"
EV0003123,P00038,state_enter_S19,O02,2026-04-30T16:44:19+05:30,"{""from_state"":""S3"",""state"":""S19""}"
EV0003129,P00038,data_progress,D12a,2026-05-02T09:26:44+05:30,"{""pct_complete"":29,""step_id"":""family""}"
EV0003140,P00038,data_progress,D12b,2026-05-02T09:28:29+05:30,"{""pct_complete"":37,""step_id"":""risk""}"
EV0003153,P00038,data_progress,D12c,2026-05-02T09:33:01+05:30,"{""pct_complete"":42,""step_id"":""income""}"
EV0003171,P00038,data_progress,D12d,2026-05-02T09:37:55+05:30,"{""pct_complete"":51,""step_id"":""expenses""}"
EV0003180,P00038,data_progress,D12e,2026-05-02T09:40:32+05:30,"{""pct_complete"":67,""step_id"":""investments""}"
EV0003190,P00038,data_progress,D12f,2026-05-02T09:43:13+05:30,"{""pct_complete"":75,""step_id"":""loans""}"
EV0003202,P00038,data_progress,D12g,2026-05-02T09:45:25+05:30,"{""pct_complete"":83,""step_id"":""insurance""}"
EV0003208,P00038,data_progress,D12h,2026-05-02T09:47:02+05:30,"{""pct_complete"":90,""step_id"":""goals""}"
EV0003218,P00038,state_enter_S5,D10,2026-05-10T09:18:38+05:30,"{""from_state"":""S19"",""state"":""S5""}"
EV0003220,P00038,data_complete,D10,2026-05-10T09:25:21+05:30,{}
EV0003221,P00038,plan_built,D10,2026-05-10T09:26:12+05:30,"{""assumed_count"":0,""assumptions_version"":""A1"",""band_count"":6,""built_on"":""full"",""instrument_set_version"":""I1"",""plan_version"":""v1"",""unknown_count"":1}"
EV0003222,P00038,state_enter_S6,H01a,2026-05-10T09:26:12+05:30,"{""from_state"":""S5"",""state"":""S6""}"
EV0003227,P00038,plan_read,G03,2026-05-19T13:18:25+05:30,{}
EV0003228,P00038,state_enter_S8,H01b,2026-05-19T13:18:25+05:30,"{""from_state"":""S6"",""state"":""S8""}"
EV0003246,P00038,state_enter_S9,H01c,2026-06-01T21:02:33+05:30,"{""from_state"":""S8"",""state"":""S9""}"
EV0003257,P00038,action_done,E06,2026-06-08T09:38:32+05:30,"{""done_count"":1,""total_count"":5,""verification"":""aa_verified"",""verified"":true}"
EV0003285,P00038,action_done,E06,2026-07-06T10:16:52+05:30,"{""done_count"":2,""total_count"":5,""verification"":""platform"",""verified"":true}"
EV0003289,P00038,plan_updated,H05,2026-07-10T18:22:01+05:30,"{""from_version"":""v1"",""reason"":""publish"",""to_version"":""v2""}"
EV0003290,P00038,state_enter_S11,H01e,2026-07-10T18:22:01+05:30,"{""from_state"":""S9"",""state"":""S11""}"
EV0003293,P00038,update_accepted,H05,2026-07-18T03:12:14+05:30,"{""to_version"":""v2""}"
EV0003294,P00038,state_enter_S9,H01c,2026-07-18T03:12:14+05:30,"{""from_state"":""S11"",""state"":""S9""}"
EV0003297,P00038,payment_failed,Q03b,2026-07-22T16:44:19+05:30,"{""grace_until"":""2026-07-29""}"
EV0003298,P00038,state_enter_S12,H01f,2026-07-22T16:44:19+05:30,"{""from_state"":""S9"",""state"":""S12""}"
EV0003301,P00038,lapsed,Q03c,2026-07-29T16:44:19+05:30,"{""reason"":""payment not recovered in grace""}"
EV0003302,P00038,state_enter_S13,H01g,2026-07-29T16:44:19+05:30,"{""from_state"":""S12"",""state"":""S13""}"
EV0003303,P00038,review_due,Q01,2026-08-08T09:26:12+05:30,"{""review_id"":""RV-00484-1""}"
EV0003309,P00038,review_done,Q01,2026-08-17T08:44:53+05:30,"{""review_id"":""RV-00484-1""}"
EV0003310,P00038,plan_updated,H05,2026-08-17T08:45:53+05:30,"{""from_version"":""v2"",""reason"":""review"",""to_version"":""v3""}"
EV0003312,P00038,update_accepted,H05,2026-08-17T08:46:53+05:30,"{""to_version"":""v3""}"
EV0003316,P00038,action_done,E06,2026-08-17T20:31:39+05:30,"{""done_count"":3,""total_count"":5,""verification"":""self_reported"",""verified"":false}"
EV0003321,P00038,action_done,E06,2026-08-30T19:19:51+05:30,"{""done_count"":4,""total_count"":5,""verification"":""aa_verified"",""verified"":true}"
EV0003324,P00038,plan_updated,H05,2026-09-11T19:15:25+05:30,"{""from_version"":""v3"",""reason"":""publish"",""to_version"":""v4""}"
EV0003326,P00038,update_accepted,H05,2026-09-14T07:51:47+05:30,"{""to_version"":""v4""}"
EV0003332,P00039,signed_up,A03,2026-04-23T08:08:59+05:30,"{""device"":""android"",""phone"":""9000070015"",""source"":""corporate_session"",""whatsapp_optin"":true}"
EV0003333,P00039,state_enter_S1,R01,2026-04-23T08:08:59+05:30,"{""from_state"":null,""state"":""S1""}"
EV0003347,P00039,reveal_seen,R09,2026-04-23T13:12:52+05:30,"{""age_band"":""under 25"",""aspiration"":""Freedom"",""city"":""Bengaluru"",""corpus_band"":""Under 5 lakhs"",""income_band"":""10 to 25 lakhs"",""journey_feel"":""Some hits and some misses, it has been mixed"",""path_now_band"":""10 to 20 Cr"",""path_yes_band"":""over 20 Cr"",""savings_band"":""Around 40%, some serious money""}"
EV0003348,P00039,state_enter_S2,X01,2026-04-23T13:12:52+05:30,"{""from_state"":""S1"",""state"":""S2""}"
EV0003352,P00039,paywall_viewed,P01,2026-04-23T13:17:10+05:30,"{""from_state"":""S2"",""sku_expanded"":""diy""}"
EV0003360,P00041,signed_up,A03,2026-05-02T10:41:59+05:30,"{""device"":""android"",""phone"":""9000069818"",""source"":""corporate_session"",""whatsapp_optin"":true}"
EV0003361,P00041,state_enter_S1,R01,2026-05-02T10:41:59+05:30,"{""from_state"":null,""state"":""S1""}"
EV0003375,P00042,signed_up,A03,2026-04-26T23:40:50+05:30,"{""device"":""android"",""phone"":""9000055371"",""source"":""organic"",""whatsapp_optin"":true}"
EV0003376,P00042,state_enter_S1,R01,2026-04-26T23:40:50+05:30,"{""from_state"":null,""state"":""S1""}"
EV0003388,P00042,reveal_seen,R09,2026-04-27T13:22:32+05:30,"{""age_band"":""35 to 39"",""aspiration"":""Generosity"",""city"":""Mumbai"",""corpus_band"":""25 lakhs to 1 crore"",""income_band"":""10 to 25 lakhs"",""journey_feel"":""Not so good, I can do better"",""path_now_band"":""5 to 10 Cr"",""path_yes_band"":""10 to 20 Cr"",""savings_band"":""Around 25%, meaningful amounts""}"
EV0003389,P00042,state_enter_S2,X01,2026-04-27T13:22:32+05:30,"{""from_state"":""S1"",""state"":""S2""}"
EV0003395,P00042,paywall_viewed,P01,2026-05-18T13:56:17+05:30,"{""from_state"":""S2"",""sku_expanded"":""diwm""}"
EV0003397,P00042,state_enter_S2b,P03,2026-05-18T13:56:47+05:30,"{""from_state"":""S2"",""state"":""S2b""}"
EV0003399,P00042,esign_done,P03,2026-05-18T13:58:49+05:30,"{""agreement_version"":""AGR v1 (to be verified: agreement template versions)"",""esign_ref"":""ESIGN-SEED-003497""}"
EV0003400,P00042,state_enter_S2c,P04,2026-05-18T13:58:49+05:30,"{""from_state"":""S2b"",""state"":""S2c""}"
EV0003402,P00042,paid,P05,2026-05-18T14:00:51+05:30,"{""amount"":""Rs ___"",""mandate_status"":""active"",""period"":""quarterly"",""razorpay_ids"":{""customer_id"":""cust_SEED00042"",""subscription_or_txn_id"":""sub_SEED000421""},""sku"":""diwm""}"
EV0003403,P00042,state_enter_S3,O02,2026-05-18T14:00:51+05:30,"{""from_state"":""S2c"",""state"":""S3""}"
EV0003412,P00042,state_enter_S4,O02,2026-05-19T16:52:57+05:30,"{""from_state"":""S3"",""state"":""S4""}"
EV0003418,P00042,data_progress,D12a,2026-05-19T16:57:26+05:30,"{""pct_complete"":27,""step_id"":""family""}"
EV0003429,P00042,data_progress,D12b,2026-05-19T16:59:02+05:30,"{""pct_complete"":35,""step_id"":""risk""}"
EV0003437,P00042,data_progress,D12c,2026-05-19T17:01:21+05:30,"{""pct_complete"":40,""step_id"":""income""}"
EV0003454,P00042,data_progress,D12d,2026-05-19T17:06:01+05:30,"{""pct_complete"":49,""step_id"":""expenses""}"
EV0003475,P00042,data_progress,D12e,2026-05-19T17:13:01+05:30,"{""pct_complete"":66,""step_id"":""investments""}"
EV0003491,P00042,data_progress,D12f,2026-05-19T17:17:12+05:30,"{""pct_complete"":74,""step_id"":""loans""}"
EV0003509,P00042,data_progress,D12g,2026-05-19T17:21:37+05:30,"{""pct_complete"":83,""step_id"":""insurance""}"
EV0003524,P00042,data_progress,D12h,2026-05-19T17:27:33+05:30,"{""pct_complete"":90,""step_id"":""goals""}"
EV0003536,P00042,state_enter_S5,D10,2026-05-23T08:19:22+05:30,"{""from_state"":""S4"",""state"":""S5""}"
EV0003538,P00042,data_complete,D10,2026-05-23T08:41:33+05:30,{}
EV0003539,P00042,plan_built,D10,2026-05-23T08:42:19+05:30,"{""assumed_count"":0,""assumptions_version"":""A1"",""band_count"":8,""built_on"":""full"",""instrument_set_version"":""I1"",""plan_version"":""v1"",""unknown_count"":0}"
EV0003540,P00042,state_enter_S6,H01a,2026-05-23T08:42:19+05:30,"{""from_state"":""S5"",""state"":""S6""}"
EV0003545,P00042,call_booked,K01,2026-05-30T09:11:49+05:30,"{""adviser_id"":""adv06"",""slot"":""2026-05-31T12:30:00+05:30"",""summary"":""call booked: my numbers"",""tier"":""diwm"",""topic"":""My numbers""}"
EV0003546,P00042,state_enter_S7,K02,2026-05-30T09:11:49+05:30,"{""from_state"":""S6"",""state"":""S7""}"
EV0003550,P00042,plan_read,G03,2026-05-30T20:49:54+05:30,{}
EV0003562,P00042,pdf_downloaded,G10,2026-05-30T21:09:18+05:30,"{""plan_version"":""v1""}"
EV0003564,P00042,state_enter_S21,K03,2026-05-31T13:15:00+05:30,"{""from_state"":""S7"",""state"":""S21""}"
EV0003566,P00042,call_completed,K03,2026-05-31T13:17:00+05:30,"{""adviser_id"":""adv06"",""slot"":""2026-05-31T12:30:00+05:30"",""summary"":""Walked through my numbers; next step agreed.""}"
EV0003573,P00042,ticket_created,H07,2026-06-19T10:15:44+05:30,"{""category"":""adviser_message"",""ticket_id"":""TK-004981""}"
EV0003580,P00042,plan_updated,H05,2026-07-10T18:15:40+05:30,"{""from_version"":""v1"",""reason"":""publish"",""to_version"":""v2""}"
EV0003581,P00042,state_enter_S11,H01e,2026-07-10T18:15:40+05:30,"{""from_state"":""S21"",""state"":""S11""}"
EV0003588,P00042,update_accepted,H05,2026-07-16T01:35:35+05:30,"{""to_version"":""v2""}"
EV0003589,P00042,state_enter_S21,K03,2026-07-16T01:35:35+05:30,"{""from_state"":""S11"",""state"":""S21""}"
EV0003611,P00042,plan_updated,H05,2026-08-19T10:14:27+05:30,"{""from_version"":""v2"",""reason"":""sharpen"",""to_version"":""v3""}"
EV0003613,P00042,update_accepted,H05,2026-08-19T10:14:57+05:30,"{""to_version"":""v3""}"
EV0003614,P00042,review_due,Q01,2026-08-21T08:42:19+05:30,"{""review_id"":""RV-00498-1""}"
EV0003619,P00042,review_done,Q01,2026-08-29T16:33:52+05:30,"{""review_id"":""RV-00498-1""}"
EV0003620,P00042,plan_updated,H05,2026-08-29T16:34:52+05:30,"{""from_version"":""v3"",""reason"":""review"",""to_version"":""v4""}"
EV0003622,P00042,update_accepted,H05,2026-08-29T16:35:52+05:30,"{""to_version"":""v4""}"
EV0003629,P00042,plan_updated,H05,2026-09-11T18:49:07+05:30,"{""from_version"":""v4"",""reason"":""publish"",""to_version"":""v5""}"
EV0003630,P00042,state_enter_S11,H01e,2026-09-11T18:49:07+05:30,"{""from_state"":""S21"",""state"":""S11""}"
EV0003632,P00042,update_accepted,H05,2026-09-14T12:49:08+05:30,"{""to_version"":""v5""}"
EV0003633,P00042,state_enter_S21,K03,2026-09-14T12:49:08+05:30,"{""from_state"":""S11"",""state"":""S21""}"
EV0003642,P00043,signed_up,A03,2026-04-27T11:28:01+05:30,"{""device"":""android"",""phone"":""9000076502"",""source"":""web_reveal"",""whatsapp_optin"":true}"
EV0003643,P00043,state_enter_S1,R01,2026-04-27T11:28:01+05:30,"{""from_state"":null,""state"":""S1""}"
EV0003657,P00043,reveal_seen,R09,2026-04-28T00:05:18+05:30,"{""age_band"":""35 to 39"",""aspiration"":""Security"",""city"":""Hyderabad"",""corpus_band"":""25 lakhs to 1 crore"",""income_band"":""50 lakhs to 1 crore"",""journey_feel"":""Not so good, I can do better"",""path_now_band"":""over 20 Cr"",""path_yes_band"":""over 20 Cr"",""savings_band"":""More than 40%, I live well below my means""}"
EV0003658,P00043,state_enter_S2,X01,2026-04-28T00:05:18+05:30,"{""from_state"":""S1"",""state"":""S2""}"
EV0003674,P00045,signed_up,A03,2026-04-28T00:06:50+05:30,"{""device"":""ios"",""phone"":""9000082596"",""source"":""community"",""whatsapp_optin"":true}"
EV0003675,P00045,state_enter_S1,R01,2026-04-28T00:06:50+05:30,"{""from_state"":null,""state"":""S1""}"
EV0003687,P00045,reveal_seen,R09,2026-04-28T13:23:22+05:30,"{""age_band"":""35 to 39"",""aspiration"":""Freedom"",""city"":""Bengaluru"",""corpus_band"":""1 to 5 crores"",""income_band"":""50 lakhs to 1 crore"",""journey_feel"":""Not so good, I can do better"",""path_now_band"":""over 20 Cr"",""path_yes_band"":""over 20 Cr"",""savings_band"":""More than 40%, I live well below my means""}"
EV0003688,P00045,state_enter_S2,X01,2026-04-28T13:23:22+05:30,"{""from_state"":""S1"",""state"":""S2""}"
EV0003692,P00045,paywall_viewed,P01,2026-04-28T13:27:11+05:30,"{""from_state"":""S2"",""sku_expanded"":""diy""}"
EV0003699,P00049,signed_up,A03,2026-04-27T07:57:09+05:30,"{""device"":""android"",""phone"":""9000095204"",""source"":""community"",""whatsapp_optin"":true}"
EV0003700,P00049,state_enter_S1,R01,2026-04-27T07:57:09+05:30,"{""from_state"":null,""state"":""S1""}"
EV0003712,P00049,reveal_seen,R09,2026-04-27T17:28:32+05:30,"{""age_band"":""25 to 29"",""aspiration"":""Freedom"",""city"":""Bengaluru"",""corpus_band"":""Under 5 lakhs"",""income_band"":""10 to 25 lakhs"",""journey_feel"":""Not so good, I can do better"",""path_now_band"":""5 to 10 Cr"",""path_yes_band"":""10 to 20 Cr"",""savings_band"":""More than 40%, I live well below my means""}"
EV0003713,P00049,state_enter_S2,X01,2026-04-27T17:28:32+05:30,"{""from_state"":""S1"",""state"":""S2""}"
EV0003720,P00049,paywall_viewed,P01,2026-06-24T23:16:11+05:30,"{""from_state"":""S2"",""sku_expanded"":""diwm""}"
EV0003722,P00049,state_enter_S2b,P03,2026-06-24T23:16:41+05:30,"{""from_state"":""S2"",""state"":""S2b""}"
EV0003724,P00049,esign_done,P03,2026-06-24T23:20:53+05:30,"{""agreement_version"":""AGR v1 (to be verified: agreement template versions)"",""esign_ref"":""ESIGN-SEED-003371""}"
EV0003725,P00049,state_enter_S2c,P04,2026-06-24T23:20:53+05:30,"{""from_state"":""S2b"",""state"":""S2c""}"
EV0003727,P00049,paid,P05,2026-06-24T23:25:05+05:30,"{""amount"":""Rs ___"",""mandate_status"":""active"",""period"":""monthly"",""razorpay_ids"":{""customer_id"":""cust_SEED00049"",""subscription_or_txn_id"":""sub_SEED000491""},""sku"":""diwm""}"
EV0003728,P00049,state_enter_S3,O02,2026-06-24T23:25:05+05:30,"{""from_state"":""S2c"",""state"":""S3""}"
EV0003736,P00049,aa_connected,A06,2026-06-24T23:39:19+05:30,"{""consent_expiry"":""2026-09-22"",""institutions_failed"":[],""institutions_ok"":[""Bank 7"",""KFintech""]}"
EV0003739,P00049,state_enter_S4,O02,2026-06-25T02:48:44+05:30,"{""from_state"":""S3"",""state"":""S4""}"
EV0003742,P00049,data_progress,D12a,2026-06-25T02:49:19+05:30,"{""pct_complete"":27,""step_id"":""family""}"
EV0003755,P00049,data_progress,D12b,2026-06-26T08:10:56+05:30,"{""pct_complete"":35,""step_id"":""risk""}"
EV0003762,P00049,data_progress,D12c,2026-06-26T08:12:35+05:30,"{""pct_complete"":37,""step_id"":""income""}"
EV0003781,P00049,data_progress,D12d,2026-06-26T08:17:26+05:30,"{""pct_complete"":47,""step_id"":""expenses""}"
EV0003802,P00049,data_progress,D12e,2026-06-28T09:18:55+05:30,"{""pct_complete"":67,""step_id"":""investments""}"
EV0003811,P00049,data_progress,D12f,2026-06-28T10:31:31+05:30,"{""pct_complete"":75,""step_id"":""loans""}"
EV0003821,P00049,data_progress,D12g,2026-06-28T10:33:54+05:30,"{""pct_complete"":82,""step_id"":""insurance""}"
EV0003827,P00049,data_progress,D12h,2026-07-01T20:38:24+05:30,"{""pct_complete"":90,""step_id"":""goals""}"
EV0003835,P00049,state_enter_S5,D10,2026-07-01T20:41:30+05:30,"{""from_state"":""S4"",""state"":""S5""}"
EV0003837,P00049,data_complete,D10,2026-07-01T20:54:03+05:30,{}
EV0003838,P00049,plan_built,D10,2026-07-01T20:55:00+05:30,"{""assumed_count"":0,""assumptions_version"":""A1"",""band_count"":6,""built_on"":""full"",""instrument_set_version"":""I1"",""plan_version"":""v1"",""unknown_count"":1}"
EV0003839,P00049,state_enter_S6,H01a,2026-07-01T20:55:00+05:30,"{""from_state"":""S5"",""state"":""S6""}"
EV0003842,P00049,plan_read,G03,2026-07-01T22:29:26+05:30,{}
EV0003843,P00049,state_enter_S8,H01b,2026-07-01T22:29:26+05:30,"{""from_state"":""S6"",""state"":""S8""}"
EV0003864,P00049,plan_updated,H05,2026-07-10T17:58:30+05:30,"{""from_version"":""v1"",""reason"":""publish"",""to_version"":""v2""}"
EV0003865,P00049,state_enter_S11,H01e,2026-07-10T17:58:30+05:30,"{""from_state"":""S8"",""state"":""S11""}"
EV0003869,P00049,update_accepted,H05,2026-07-13T23:08:20+05:30,"{""to_version"":""v2""}"
EV0003870,P00049,state_enter_S8,H01b,2026-07-13T23:08:20+05:30,"{""from_state"":""S11"",""state"":""S8""}"
EV0003872,P00049,state_enter_S9,H01c,2026-07-17T03:47:20+05:30,"{""from_state"":""S8"",""state"":""S9""}"
EV0003883,P00049,action_done,E06,2026-07-22T00:03:14+05:30,"{""done_count"":1,""total_count"":7,""verification"":""platform"",""verified"":true}"
EV0003895,P00049,ticket_created,H07,2026-07-31T09:45:30+05:30,"{""category"":""support"",""ticket_id"":""TK-004801""}"
EV0003916,P00049,action_done,E06,2026-08-19T06:49:53+05:30,"{""done_count"":2,""total_count"":7,""verification"":""platform"",""verified"":true}"
EV0003930,P00049,plan_updated,H05,2026-09-11T10:03:42+05:30,"{""from_version"":""v2"",""reason"":""publish"",""to_version"":""v3""}"
EV0003931,P00049,state_enter_S11,H01e,2026-09-11T10:03:42+05:30,"{""from_state"":""S9"",""state"":""S11""}"
EV0003933,P00049,update_accepted,H05,2026-09-13T16:17:05+05:30,"{""to_version"":""v3""}"
EV0003934,P00049,state_enter_S9,H01c,2026-09-13T16:17:05+05:30,"{""from_state"":""S11"",""state"":""S9""}"
EV0003947,P00049,payment_failed,Q03b,2026-09-22T23:25:05+05:30,"{""grace_until"":""2026-09-29""}"
EV0003948,P00049,state_enter_S12,H01f,2026-09-22T23:25:05+05:30,"{""from_state"":""S9"",""state"":""S12""}"
EV0003950,P00049,aa_connected,A06,2026-09-23T02:33:29+05:30,"{""consent_expiry"":""2026-12-22"",""institutions_failed"":[],""institutions_ok"":[""Bank 7"",""KFintech""],""renewal"":true}"
EV0003954,P00051,signed_up,A03,2026-04-27T10:07:02+05:30,"{""device"":""android"",""phone"":""9000055835"",""source"":""organic"",""whatsapp_optin"":true}"
EV0003955,P00051,state_enter_S1,R01,2026-04-27T10:07:02+05:30,"{""from_state"":null,""state"":""S1""}"
EV0003967,P00051,reveal_seen,R09,2026-04-27T13:13:06+05:30,"{""age_band"":""25 to 29"",""aspiration"":""Freedom"",""city"":""Pune"",""corpus_band"":""25 lakhs to 1 crore"",""income_band"":""10 to 25 lakhs"",""journey_feel"":""Some hits and some misses, it has been mixed"",""path_now_band"":""10 to 20 Cr"",""path_yes_band"":""over 20 Cr"",""savings_band"":""More than 40%, I live well below my means""}"
EV0003968,P00051,state_enter_S2,X01,2026-04-27T13:13:06+05:30,"{""from_state"":""S1"",""state"":""S2""}"
EV0003974,P00053,signed_up,A03,2026-05-05T08:35:58+05:30,"{""device"":""android"",""phone"":""9000055305"",""source"":""corporate_session"",""whatsapp_optin"":true}"
EV0003975,P00053,state_enter_S1,R01,2026-05-05T08:35:58+05:30,"{""from_state"":null,""state"":""S1""}"
EV0003987,P00056,signed_up,A03,2026-05-01T22:23:39+05:30,"{""device"":""android"",""phone"":""9000070909"",""source"":""web_reveal"",""whatsapp_optin"":false}"
EV0003988,P00056,state_enter_S1,R01,2026-05-01T22:23:39+05:30,"{""from_state"":null,""state"":""S1""}"
EV0003999,P00056,reveal_seen,R09,2026-05-01T23:21:13+05:30,"{""age_band"":""35 to 39"",""aspiration"":""Family"",""city"":""Noida"",""corpus_band"":""25 lakhs to 1 crore"",""income_band"":""25 to 50 lakhs"",""journey_feel"":""Some hits and some misses, it has been mixed"",""path_now_band"":""5 to 10 Cr"",""path_yes_band"":""10 to 20 Cr"",""savings_band"":""Around 25%, meaningful amounts""}"
EV0004000,P00056,state_enter_S2,X01,2026-05-01T23:21:13+05:30,"{""from_state"":""S1"",""state"":""S2""}"
EV0004005,P00056,paywall_viewed,P01,2026-05-22T15:40:17+05:30,"{""from_state"":""S2"",""sku_expanded"":""diy""}"
EV0004007,P00056,state_enter_S2b,P03,2026-05-22T15:40:47+05:30,"{""from_state"":""S2"",""state"":""S2b""}"
EV0004009,P00056,esign_done,P03,2026-05-22T15:46:36+05:30,"{""agreement_version"":""AGR v1 (to be verified: agreement template versions)"",""esign_ref"":""ESIGN-SEED-003504""}"
EV0004010,P00056,state_enter_S2c,P04,2026-05-22T15:46:36+05:30,"{""from_state"":""S2b"",""state"":""S2c""}"
EV0004012,P00056,paid,P05,2026-05-22T15:52:26+05:30,"{""amount"":""Rs ___"",""mandate_status"":""active"",""period"":""quarterly"",""razorpay_ids"":{""customer_id"":""cust_SEED00056"",""subscription_or_txn_id"":""sub_SEED000561""},""sku"":""diy""}"
EV0004013,P00056,state_enter_S3,O02,2026-05-22T15:52:26+05:30,"{""from_state"":""S2c"",""state"":""S3""}"
EV0004022,P00056,state_enter_S4,O02,2026-05-23T23:57:11+05:30,"{""from_state"":""S3"",""state"":""S4""}"
EV0004027,P00056,data_progress,D12a,2026-05-24T00:02:24+05:30,"{""pct_complete"":31,""step_id"":""family""}"
EV0004038,P00056,data_progress,D12b,2026-05-24T00:03:53+05:30,"{""pct_complete"":39,""step_id"":""risk""}"
EV0004049,P00056,data_progress,D12c,2026-05-24T00:07:41+05:30,"{""pct_complete"":44,""step_id"":""income""}"
EV0004053,P00056,state_enter_S19,O02,2026-05-30T23:57:11+05:30,"{""from_state"":""S4"",""state"":""S19""}"
EV0004072,P00056,data_progress,D12d,2026-06-06T09:12:08+05:30,"{""pct_complete"":52,""step_id"":""expenses""}"
EV0004091,P00056,data_progress,D12e,2026-06-06T09:18:12+05:30,"{""pct_complete"":71,""step_id"":""investments""}"
EV0004108,P00056,data_progress,D12f,2026-06-06T09:23:38+05:30,"{""pct_complete"":78,""step_id"":""loans""}"
EV0004119,P00056,data_progress,D12g,2026-06-06T09:26:23+05:30,"{""pct_complete"":87,""step_id"":""insurance""}"
EV0004132,P00056,data_progress,D12h,2026-06-06T09:29:56+05:30,"{""pct_complete"":94,""step_id"":""goals""}"
EV0004140,P00056,state_enter_S5,D10,2026-06-06T09:31:11+05:30,"{""from_state"":""S19"",""state"":""S5""}"
EV0004142,P00056,data_complete,D10,2026-06-06T09:51:32+05:30,{}
EV0004143,P00056,plan_built,D10,2026-06-06T09:52:30+05:30,"{""assumed_count"":1,""assumptions_version"":""A1"",""band_count"":6,""built_on"":""full"",""instrument_set_version"":""I1"",""plan_version"":""v1"",""unknown_count"":1}"
EV0004144,P00056,state_enter_S6,H01a,2026-06-06T09:52:30+05:30,"{""from_state"":""S5"",""state"":""S6""}"
EV0004147,P00056,plan_read,G03,2026-06-06T11:29:50+05:30,{}
EV0004148,P00056,state_enter_S8,H01b,2026-06-06T11:29:50+05:30,"{""from_state"":""S6"",""state"":""S8""}"
EV0004159,P00056,pdf_downloaded,G10,2026-06-06T11:45:03+05:30,"{""plan_version"":""v1""}"
EV0004167,P00056,call_booked,K01,2026-06-11T20:31:58+05:30,"{""adviser_id"":""adv06"",""slot"":""2026-06-14T19:30:00+05:30"",""summary"":""call booked: the investments and why they were chosen"",""tier"":""diy"",""topic"":""The investments and why they were chosen""}"
EV0004168,P00056,state_enter_S7,K02,2026-06-11T20:31:58+05:30,"{""from_state"":""S8"",""state"":""S7""}"
EV0004171,P00056,state_enter_S21,K03,2026-06-14T20:15:00+05:30,"{""from_state"":""S7"",""state"":""S21""}"
EV0004173,P00056,call_completed,K03,2026-06-14T20:17:00+05:30,"{""adviser_id"":""adv06"",""slot"":""2026-06-14T19:30:00+05:30"",""summary"":""Walked through the investments and why they were chosen; next step agreed.""}"
EV0004182,P00056,state_enter_S9,H01c,2026-06-27T04:44:20+05:30,"{""from_state"":""S21"",""state"":""S9""}"
EV0004189,P00056,action_done,E06,2026-06-29T11:19:50+05:30,"{""done_count"":1,""total_count"":5,""verification"":""platform"",""verified"":true}"
EV0004201,P00056,plan_updated,H05,2026-07-10T19:07:52+05:30,"{""from_version"":""v1"",""reason"":""publish"",""to_version"":""v2""}"
EV0004202,P00056,state_enter_S11,H01e,2026-07-10T19:07:52+05:30,"{""from_state"":""S9"",""state"":""S11""}"
EV0004214,P00056,action_done,E06,2026-07-18T14:02:44+05:30,"{""done_count"":2,""total_count"":5,""verification"":""platform"",""verified"":true}"
EV0004216,P00056,update_accepted,H05,2026-07-19T14:42:58+05:30,"{""to_version"":""v2""}"
EV0004217,P00056,state_enter_S9,H01c,2026-07-19T14:42:58+05:30,"{""from_state"":""S11"",""state"":""S9""}"
EV0004235,P00056,action_done,E06,2026-08-08T01:27:48+05:30,"{""done_count"":3,""total_count"":5,""verification"":""self_reported"",""verified"":false}"
EV0004254,P00056,plan_updated,H05,2026-08-28T07:30:13+05:30,"{""from_version"":""v2"",""reason"":""sharpen"",""to_version"":""v3""}"
EV0004256,P00056,update_accepted,H05,2026-08-28T07:30:43+05:30,"{""to_version"":""v3""}"
EV0004263,P00056,plan_updated,H05,2026-08-28T07:44:14+05:30,"{""from_version"":""v3"",""reason"":""sharpen"",""to_version"":""v4""}"
EV0004265,P00056,update_accepted,H05,2026-08-28T07:44:44+05:30,"{""to_version"":""v4""}"
EV0004277,P00056,action_done,E06,2026-09-03T19:36:34+05:30,"{""done_count"":4,""total_count"":5,""verification"":""self_reported"",""verified"":false}"
EV0004278,P00056,review_due,Q01,2026-09-04T09:52:30+05:30,"{""review_id"":""RV-00499-1""}"
EV0004285,P00056,plan_updated,H05,2026-09-11T14:27:46+05:30,"{""from_version"":""v4"",""reason"":""publish"",""to_version"":""v5""}"
EV0004286,P00056,state_enter_S11,H01e,2026-09-11T14:27:46+05:30,"{""from_state"":""S9"",""state"":""S11""}"
EV0004288,P00056,update_accepted,H05,2026-09-12T07:11:52+05:30,"{""to_version"":""v5""}"
EV0004289,P00056,state_enter_S9,H01c,2026-09-12T07:11:52+05:30,"{""from_state"":""S11"",""state"":""S9""}"
EV0004293,P00056,state_enter_S22,H01k,2026-09-18T09:52:30+05:30,"{""from_state"":""S9"",""state"":""S22""}"
EV0004297,P00058,signed_up,A03,2026-04-30T13:45:14+05:30,"{""device"":""android"",""phone"":""9000041652"",""source"":""community"",""whatsapp_optin"":true}"
EV0004298,P00058,state_enter_S1,R01,2026-04-30T13:45:14+05:30,"{""from_state"":null,""state"":""S1""}"
EV0004310,P00058,reveal_seen,R09,2026-04-30T19:51:16+05:30,"{""age_band"":""35 to 39"",""aspiration"":""Family"",""city"":""Delhi"",""corpus_band"":""25 lakhs to 1 crore"",""income_band"":""10 to 25 lakhs"",""journey_feel"":""Not so good, I can do better"",""path_now_band"":""10 to 20 Cr"",""path_yes_band"":""10 to 20 Cr"",""savings_band"":""Around 40%, some serious money""}"
EV0004311,P00058,state_enter_S2,X01,2026-04-30T19:51:16+05:30,"{""from_state"":""S1"",""state"":""S2""}"
EV0004316,P00058,paywall_viewed,P01,2026-04-30T19:56:42+05:30,"{""from_state"":""S2"",""sku_expanded"":""none""}"
EV0004324,P00060,signed_up,A03,2026-05-02T19:14:41+05:30,"{""device"":""android"",""phone"":""9000052436"",""source"":""community"",""whatsapp_optin"":false}"
EV0004325,P00060,state_enter_S1,R01,2026-05-02T19:14:41+05:30,"{""from_state"":null,""state"":""S1""}"
EV0004337,P00060,reveal_seen,R09,2026-05-03T07:56:23+05:30,"{""age_band"":""35 to 39"",""aspiration"":""Security"",""city"":""Mumbai"",""corpus_band"":""1 to 5 crores"",""income_band"":""50 lakhs to 1 crore"",""journey_feel"":""Some hits and some misses, it has been mixed"",""path_now_band"":""over 20 Cr"",""path_yes_band"":""over 20 Cr"",""savings_band"":""More than 40%, I live well below my means""}"
EV0004338,P00060,state_enter_S2,X01,2026-05-03T07:56:23+05:30,"{""from_state"":""S1"",""state"":""S2""}"
EV0004341,P00060,paywall_viewed,P01,2026-05-10T08:28:42+05:30,"{""from_state"":""S2"",""sku_expanded"":""diwm""}"
EV0004343,P00060,state_enter_S2b,P03,2026-05-10T08:29:12+05:30,"{""from_state"":""S2"",""state"":""S2b""}"
EV0004345,P00060,esign_done,P03,2026-05-10T08:32:22+05:30,"{""agreement_version"":""AGR v1 (to be verified: agreement template versions)"",""esign_ref"":""ESIGN-SEED-003329""}"
EV0004346,P00060,state_enter_S2c,P04,2026-05-10T08:32:22+05:30,"{""from_state"":""S2b"",""state"":""S2c""}"
EV0004348,P00060,paid,P05,2026-05-10T08:35:33+05:30,"{""amount"":""Rs ___"",""mandate_status"":""active"",""period"":""quarterly"",""razorpay_ids"":{""customer_id"":""cust_SEED00060"",""subscription_or_txn_id"":""sub_SEED000601""},""sku"":""diwm""}"
EV0004349,P00060,state_enter_S3,O02,2026-05-10T08:35:33+05:30,"{""from_state"":""S2c"",""state"":""S3""}"
EV0004357,P00060,aa_connected,A06,2026-05-10T08:55:30+05:30,"{""consent_expiry"":""2026-08-08"",""institutions_failed"":[],""institutions_ok"":[""Bank 6"",""Bank 8"",""CAMS"",""KFintech""]}"
EV0004361,P00060,state_enter_S4,O02,2026-05-11T21:27:58+05:30,"{""from_state"":""S3"",""state"":""S4""}"
EV0004367,P00060,data_progress,D12a,2026-05-11T21:32:04+05:30,"{""pct_complete"":29,""step_id"":""family""}"
EV0004378,P00060,data_progress,D12b,2026-05-11T21:33:49+05:30,"{""pct_complete"":37,""step_id"":""risk""}"
EV0004389,P00060,data_progress,D12c,2026-05-11T21:37:26+05:30,"{""pct_complete"":42,""step_id"":""income""}"
EV0004404,P00060,data_progress,D12d,2026-05-11T21:42:08+05:30,"{""pct_complete"":51,""step_id"":""expenses""}"
EV0004425,P00060,data_progress,D12e,2026-05-11T21:48:44+05:30,"{""pct_complete"":70,""step_id"":""investments""}"
EV0004435,P00060,data_progress,D12f,2026-05-11T21:51:14+05:30,"{""pct_complete"":78,""step_id"":""loans""}"
EV0004450,P00060,data_progress,D12g,2026-05-13T10:32:07+05:30,"{""pct_complete"":87,""step_id"":""insurance""}"
EV0004460,P00060,data_progress,D12h,2026-05-13T10:35:31+05:30,"{""pct_complete"":94,""step_id"":""goals""}"
EV0004467,P00060,state_enter_S5,D10,2026-05-13T10:37:48+05:30,"{""from_state"":""S4"",""state"":""S5""}"
EV0004472,P00060,data_complete,D10,2026-05-15T02:16:43+05:30,{}
EV0004473,P00060,plan_built,D10,2026-05-15T02:17:56+05:30,"{""assumed_count"":1,""assumptions_version"":""A1"",""band_count"":4,""built_on"":""full"",""instrument_set_version"":""I1"",""plan_version"":""v1"",""unknown_count"":0}"
EV0004474,P00060,state_enter_S6,H01a,2026-05-15T02:17:56+05:30,"{""from_state"":""S5"",""state"":""S6""}"
EV0004477,P00060,plan_read,G03,2026-05-15T03:57:24+05:30,{}
EV0004478,P00060,state_enter_S8,H01b,2026-05-15T03:57:24+05:30,"{""from_state"":""S6"",""state"":""S8""}"
EV0004491,P00060,state_enter_S9,H01c,2026-05-28T05:20:38+05:30,"{""from_state"":""S8"",""state"":""S9""}"
EV0004497,P00060,action_done,E06,2026-06-01T05:19:05+05:30,"{""done_count"":1,""total_count"":6,""verification"":""platform"",""verified"":true}"
EV0004534,P00060,action_done,E06,2026-07-06T02:39:20+05:30,"{""done_count"":2,""total_count"":6,""verification"":""platform"",""verified"":true}"
EV0004541,P00060,plan_updated,H05,2026-07-10T11:37:33+05:30,"{""from_version"":""v1"",""reason"":""publish"",""to_version"":""v2""}"
EV0004542,P00060,state_enter_S11,H01e,2026-07-10T11:37:33+05:30,"{""from_state"":""S9"",""state"":""S11""}"
EV0004549,P00060,update_accepted,H05,2026-07-14T14:10:00+05:30,"{""to_version"":""v2""}"
EV0004550,P00060,state_enter_S9,H01c,2026-07-14T14:10:00+05:30,"{""from_state"":""S11"",""state"":""S9""}"
EV0004557,P00060,action_done,E06,2026-07-18T21:20:13+05:30,"{""done_count"":3,""total_count"":6,""verification"":""self_reported"",""verified"":false}"
EV0004574,P00060,aa_connected,A06,2026-08-04T20:01:30+05:30,"{""consent_expiry"":""2026-11-02"",""institutions_failed"":[],""institutions_ok"":[""Bank 6"",""Bank 8"",""CAMS"",""KFintech""],""renewal"":true}"
EV0004578,P00060,action_done,E06,2026-08-10T03:24:29+05:30,"{""done_count"":4,""total_count"":6,""verification"":""self_reported"",""verified"":false}"
EV0004581,P00060,review_due,Q01,2026-08-13T02:17:56+05:30,"{""review_id"":""RV-00474-1""}"
EV0004585,P00060,review_done,Q01,2026-08-15T23:19:20+05:30,"{""review_id"":""RV-00474-1""}"
EV0004586,P00060,plan_updated,H05,2026-08-15T23:20:20+05:30,"{""from_version"":""v2"",""reason"":""review"",""to_version"":""v3""}"
EV0004588,P00060,update_accepted,H05,2026-08-15T23:21:20+05:30,"{""to_version"":""v3""}"
EV0004612,P00060,action_done,E06,2026-09-10T21:49:01+05:30,"{""done_count"":5,""total_count"":6,""verification"":""platform"",""verified"":true}"
EV0004614,P00060,plan_updated,H05,2026-09-11T10:21:14+05:30,"{""from_version"":""v3"",""reason"":""publish"",""to_version"":""v4""}"
EV0004615,P00060,state_enter_S11,H01e,2026-09-11T10:21:14+05:30,"{""from_state"":""S9"",""state"":""S11""}"
EV0004620,P00060,update_accepted,H05,2026-09-15T05:43:53+05:30,"{""to_version"":""v4""}"
EV0004621,P00060,state_enter_S9,H01c,2026-09-15T05:43:53+05:30,"{""from_state"":""S11"",""state"":""S9""}"
EV0004630,P00062,signed_up,A03,2026-05-03T21:34:48+05:30,"{""device"":""android"",""phone"":""9000014538"",""source"":""community"",""whatsapp_optin"":true}"
EV0004631,P00062,state_enter_S1,R01,2026-05-03T21:34:48+05:30,"{""from_state"":null,""state"":""S1""}"
EV0004643,P00062,reveal_seen,R09,2026-05-04T17:01:08+05:30,"{""age_band"":""35 to 39"",""aspiration"":""Legacy"",""city"":""Pune"",""corpus_band"":""1 to 5 crores"",""income_band"":""50 lakhs to 1 crore"",""journey_feel"":""Some hits and some misses, it has been mixed"",""path_now_band"":""10 to 20 Cr"",""path_yes_band"":""over 20 Cr"",""savings_band"":""Around 40%, some serious money""}"
EV0004644,P00062,state_enter_S2,X01,2026-05-04T17:01:08+05:30,"{""from_state"":""S1"",""state"":""S2""}"
EV0004650,P00062,paywall_viewed,P01,2026-05-12T09:17:41+05:30,"{""from_state"":""S2"",""sku_expanded"":""diwm""}"
EV0004652,P00062,state_enter_S2b,P03,2026-05-12T09:20:20+05:30,"{""from_state"":""S2"",""state"":""S2b""}"
EV0004654,P00062,esign_done,P03,2026-05-12T09:27:58+05:30,"{""agreement_version"":""AGR v1 (to be verified: agreement template versions)"",""esign_ref"":""ESIGN-SEED-003147""}"
EV0004655,P00062,state_enter_S2c,P04,2026-05-12T09:27:58+05:30,"{""from_state"":""S2b"",""state"":""S2c""}"
EV0004663,P00064,signed_up,A03,2026-05-09T02:56:18+05:30,"{""device"":""ios"",""phone"":""9000007689"",""source"":""organic"",""whatsapp_optin"":true}"
EV0004664,P00064,state_enter_S1,R01,2026-05-09T02:56:18+05:30,"{""from_state"":null,""state"":""S1""}"
EV0004674,P00065,signed_up,A03,2026-05-04T10:26:44+05:30,"{""device"":""android"",""phone"":""9000073524"",""source"":""community"",""whatsapp_optin"":true}"
EV0004675,P00065,state_enter_S1,R01,2026-05-04T10:26:44+05:30,"{""from_state"":null,""state"":""S1""}"
EV0004687,P00065,reveal_seen,R09,2026-05-04T14:55:33+05:30,"{""age_band"":""25 to 29"",""aspiration"":""Freedom"",""city"":""Pune"",""corpus_band"":""5 to 25 lakhs"",""income_band"":""10 to 25 lakhs"",""journey_feel"":""Very good, mostly things have worked out well"",""path_now_band"":""10 to 20 Cr"",""path_yes_band"":""over 20 Cr"",""savings_band"":""Around 40%, some serious money""}"
EV0004688,P00065,state_enter_S2,X01,2026-05-04T14:55:33+05:30,"{""from_state"":""S1"",""state"":""S2""}"
EV0004694,P00065,paywall_viewed,P01,2026-05-07T19:36:50+05:30,"{""from_state"":""S2"",""sku_expanded"":""diy""}"
EV0004696,P00065,state_enter_S2b,P03,2026-05-07T19:37:20+05:30,"{""from_state"":""S2"",""state"":""S2b""}"
EV0004698,P00065,esign_done,P03,2026-05-07T19:41:17+05:30,"{""agreement_version"":""AGR v1 (to be verified: agreement template versions)"",""esign_ref"":""ESIGN-SEED-003280""}"
EV0004699,P00065,state_enter_S2c,P04,2026-05-07T19:41:17+05:30,"{""from_state"":""S2b"",""state"":""S2c""}"
EV0004701,P00065,paid,P05,2026-05-07T19:45:14+05:30,"{""amount"":""Rs ___"",""mandate_status"":""none (charged per period)"",""period"":""monthly"",""razorpay_ids"":{""customer_id"":""cust_SEED00065"",""subscription_or_txn_id"":""pay_SEED000651""},""sku"":""diy""}"
EV0004702,P00065,state_enter_S3,O02,2026-05-07T19:45:14+05:30,"{""from_state"":""S2c"",""state"":""S3""}"
EV0004710,P00065,aa_connected,A06,2026-05-08T16:43:26+05:30,"{""consent_expiry"":""2026-08-06"",""institutions_failed"":[],""institutions_ok"":[""Bank 8"",""CAMS"",""CDSL""]}"
EV0004713,P00065,state_enter_S4,O02,2026-05-08T16:47:01+05:30,"{""from_state"":""S3"",""state"":""S4""}"
EV0004716,P00065,data_progress,D12a,2026-05-08T16:47:38+05:30,"{""pct_complete"":29,""step_id"":""family""}"
EV0004727,P00065,data_progress,D12b,2026-05-08T16:49:00+05:30,"{""pct_complete"":37,""step_id"":""risk""}"
EV0004735,P00065,data_progress,D12c,2026-05-08T16:51:13+05:30,"{""pct_complete"":42,""step_id"":""income""}"
EV0004740,P00065,state_enter_S19,O02,2026-05-15T16:47:01+05:30,"{""from_state"":""S4"",""state"":""S19""}"
EV0004766,P00065,data_progress,D12d,2026-05-28T12:40:12+05:30,"{""pct_complete"":51,""step_id"":""expenses""}"
EV0004775,P00065,data_progress,D12e,2026-05-28T12:44:01+05:30,"{""pct_complete"":71,""step_id"":""investments""}"
EV0004785,P00065,data_progress,D12f,2026-05-28T12:46:16+05:30,"{""pct_complete"":79,""step_id"":""loans""}"
EV0004797,P00065,data_progress,D12g,2026-05-28T12:48:59+05:30,"{""pct_complete"":87,""step_id"":""insurance""}"
EV0004804,P00065,data_progress,D12h,2026-05-28T12:51:08+05:30,"{""pct_complete"":95,""step_id"":""goals""}"
EV0004807,P00065,state_enter_S5,D10,2026-05-28T12:52:37+05:30,"{""from_state"":""S19"",""state"":""S5""}"
EV0004809,P00065,data_complete,D10,2026-05-28T13:02:07+05:30,{}
EV0004810,P00065,plan_built,D10,2026-05-28T13:02:27+05:30,"{""assumed_count"":0,""assumptions_version"":""A1"",""band_count"":4,""built_on"":""full"",""instrument_set_version"":""I1"",""plan_version"":""v1"",""unknown_count"":0}"
EV0004811,P00065,state_enter_S6,H01a,2026-05-28T13:02:27+05:30,"{""from_state"":""S5"",""state"":""S6""}"
EV0004814,P00065,plan_read,G03,2026-05-28T20:25:51+05:30,{}
EV0004815,P00065,state_enter_S8,H01b,2026-05-28T20:25:51+05:30,"{""from_state"":""S6"",""state"":""S8""}"
EV0004840,P00065,plan_updated,H05,2026-07-10T12:44:12+05:30,"{""from_version"":""v1"",""reason"":""publish"",""to_version"":""v2""}"
EV0004841,P00065,state_enter_S11,H01e,2026-07-10T12:44:12+05:30,"{""from_state"":""S8"",""state"":""S11""}"
EV0004843,P00065,update_accepted,H05,2026-07-10T18:01:36+05:30,"{""to_version"":""v2""}"
EV0004844,P00065,state_enter_S8,H01b,2026-07-10T18:01:36+05:30,"{""from_state"":""S11"",""state"":""S8""}"
EV0004863,P00065,aa_connected,A06,2026-08-03T13:19:14+05:30,"{""consent_expiry"":""2026-11-01"",""institutions_failed"":[],""institutions_ok"":[""Bank 8"",""CAMS"",""CDSL""],""renewal"":true}"
EV0004874,P00065,review_due,Q01,2026-08-26T13:02:27+05:30,"{""review_id"":""RV-00467-1""}"
EV0004880,P00065,review_done,Q01,2026-08-31T00:57:01+05:30,"{""review_id"":""RV-00467-1""}"
EV0004881,P00065,plan_updated,H05,2026-08-31T00:58:01+05:30,"{""from_version"":""v2"",""reason"":""review"",""to_version"":""v3""}"
EV0004883,P00065,update_accepted,H05,2026-08-31T00:59:01+05:30,"{""to_version"":""v3""}"
EV0004886,P00065,plan_updated,H05,2026-09-11T18:57:26+05:30,"{""from_version"":""v3"",""reason"":""publish"",""to_version"":""v4""}"
EV0004887,P00065,state_enter_S11,H01e,2026-09-11T18:57:26+05:30,"{""from_state"":""S8"",""state"":""S11""}"
EV0004890,P00065,update_accepted,H05,2026-09-15T07:33:20+05:30,"{""to_version"":""v4""}"
EV0004891,P00065,state_enter_S8,H01b,2026-09-15T07:33:20+05:30,"{""from_state"":""S11"",""state"":""S8""}"
EV0004900,P00066,signed_up,A03,2026-05-05T03:19:56+05:30,"{""device"":""ios"",""phone"":""9000066893"",""source"":""community"",""whatsapp_optin"":true}"
EV0004901,P00066,state_enter_S1,R01,2026-05-05T03:19:56+05:30,"{""from_state"":null,""state"":""S1""}"
EV0004912,P00066,reveal_seen,R09,2026-05-05T07:01:53+05:30,"{""age_band"":""30 to 34"",""aspiration"":""Legacy"",""city"":""Pune"",""corpus_band"":""5 to 25 lakhs"",""income_band"":""Under 10 lakhs"",""journey_feel"":""Very good, mostly things have worked out well"",""path_now_band"":""5 to 10 Cr"",""path_yes_band"":""10 to 20 Cr"",""savings_band"":""Around 40%, some serious money""}"
EV0004913,P00066,state_enter_S2,X01,2026-05-05T07:01:53+05:30,"{""from_state"":""S1"",""state"":""S2""}"
EV0004918,P00066,paywall_viewed,P01,2026-05-05T07:07:40+05:30,"{""from_state"":""S2"",""sku_expanded"":""none""}"
EV0004926,P00067,signed_up,A03,2026-05-12T07:54:08+05:30,"{""device"":""android"",""phone"":""9000058133"",""source"":""community"",""whatsapp_optin"":true}"
EV0004927,P00067,state_enter_S1,R01,2026-05-12T07:54:08+05:30,"{""from_state"":null,""state"":""S1""}"
EV0004939,P00067,reveal_seen,R09,2026-05-13T03:05:13+05:30,"{""age_band"":""25 to 29"",""aspiration"":""Freedom"",""city"":""Chennai"",""corpus_band"":""5 to 25 lakhs"",""income_band"":""10 to 25 lakhs"",""journey_feel"":""Some hits and some misses, it has been mixed"",""path_now_band"":""10 to 20 Cr"",""path_yes_band"":""10 to 20 Cr"",""savings_band"":""More than 40%, I live well below my means""}"
EV0004940,P00067,state_enter_S2,X01,2026-05-13T03:05:13+05:30,"{""from_state"":""S1"",""state"":""S2""}"
EV0004945,P00067,paywall_viewed,P01,2026-05-13T08:05:03+05:30,"{""from_state"":""S2"",""sku_expanded"":""diy""}"
EV0004947,P00067,state_enter_S2b,P03,2026-05-13T08:09:02+05:30,"{""from_state"":""S2"",""state"":""S2b""}"
EV0004962,P00068,signed_up,A03,2026-05-06T11:16:05+05:30,"{""device"":""android"",""phone"":""9000018246"",""source"":""community"",""whatsapp_optin"":true}"
EV0004963,P00068,state_enter_S1,R01,2026-05-06T11:16:05+05:30,"{""from_state"":null,""state"":""S1""}"
EV0004977,P00068,reveal_seen,R09,2026-05-06T17:52:52+05:30,"{""age_band"":""35 to 39"",""aspiration"":""Family"",""city"":""Hyderabad"",""corpus_band"":""25 lakhs to 1 crore"",""income_band"":""25 to 50 lakhs"",""journey_feel"":""Not so good, I can do better"",""path_now_band"":""10 to 20 Cr"",""path_yes_band"":""over 20 Cr"",""savings_band"":""More than 40%, I live well below my means""}"
EV0004978,P00068,state_enter_S2,X01,2026-05-06T17:52:52+05:30,"{""from_state"":""S1"",""state"":""S2""}"
EV0004981,P00068,paywall_viewed,P01,2026-05-27T09:35:28+05:30,"{""from_state"":""S2"",""sku_expanded"":""diwm""}"
EV0004983,P00068,state_enter_S2b,P03,2026-05-27T09:35:58+05:30,"{""from_state"":""S2"",""state"":""S2b""}"
EV0004985,P00068,esign_done,P03,2026-05-27T09:39:48+05:30,"{""agreement_version"":""AGR v1 (to be verified: agreement template versions)"",""esign_ref"":""ESIGN-SEED-003350""}"
EV0004986,P00068,state_enter_S2c,P04,2026-05-27T09:39:48+05:30,"{""from_state"":""S2b"",""state"":""S2c""}"
EV0004988,P00068,paid,P05,2026-05-27T09:43:39+05:30,"{""amount"":""Rs ___"",""mandate_status"":""active"",""period"":""monthly"",""razorpay_ids"":{""customer_id"":""cust_SEED00068"",""subscription_or_txn_id"":""sub_SEED000681""},""sku"":""diwm""}"
EV0004989,P00068,state_enter_S3,O02,2026-05-27T09:43:39+05:30,"{""from_state"":""S2c"",""state"":""S3""}"
EV0004997,P00068,state_enter_S19,O02,2026-06-03T09:43:39+05:30,"{""from_state"":""S3"",""state"":""S19""}"
EV0005009,P00068,data_progress,D12a,2026-06-03T16:51:06+05:30,"{""pct_complete"":29,""step_id"":""family""}"
EV0005020,P00068,data_progress,D12b,2026-06-03T16:52:34+05:30,"{""pct_complete"":37,""step_id"":""risk""}"
EV0005033,P00068,data_progress,D12c,2026-06-03T16:56:49+05:30,"{""pct_complete"":39,""step_id"":""income""}"
EV0005051,P00068,data_progress,D12d,2026-06-03T17:02:01+05:30,"{""pct_complete"":48,""step_id"":""expenses""}"
EV0005084,P00068,data_progress,D12e,2026-06-03T17:13:06+05:30,"{""pct_complete"":59,""step_id"":""investments""}"
EV0005094,P00068,data_progress,D12f,2026-06-03T17:16:07+05:30,"{""pct_complete"":67,""step_id"":""loans""}"
EV0005115,P00068,data_progress,D12g,2026-06-03T17:22:39+05:30,"{""pct_complete"":76,""step_id"":""insurance""}"
EV0005131,P00068,data_progress,D12h,2026-06-03T17:29:16+05:30,"{""pct_complete"":83,""step_id"":""goals""}"
EV0005140,P00068,state_enter_S5,D10,2026-06-03T18:45:32+05:30,"{""from_state"":""S19"",""state"":""S5""}"
EV0005143,P00068,data_complete,D10,2026-06-09T13:37:00+05:30,{}
EV0005144,P00068,plan_built,D10,2026-06-09T13:37:49+05:30,"{""assumed_count"":1,""assumptions_version"":""A1"",""band_count"":13,""built_on"":""full"",""instrument_set_version"":""I1"",""plan_version"":""v1"",""unknown_count"":1}"
EV0005145,P00068,state_enter_S6,H01a,2026-06-09T13:37:49+05:30,"{""from_state"":""S5"",""state"":""S6""}"
EV0005151,P00068,plan_read,G03,2026-06-13T15:16:44+05:30,{}
EV0005152,P00068,state_enter_S8,H01b,2026-06-13T15:16:44+05:30,"{""from_state"":""S6"",""state"":""S8""}"
EV0005163,P00068,state_enter_S9,H01c,2026-06-19T23:44:42+05:30,"{""from_state"":""S8"",""state"":""S9""}"
EV0005171,P00068,action_done,E06,2026-06-21T07:39:26+05:30,"{""done_count"":1,""total_count"":4,""verification"":""aa_verified"",""verified"":true}"
EV0005175,P00068,call_booked,K01,2026-06-23T16:07:35+05:30,"{""adviser_id"":""adv06"",""slot"":""2026-06-29T17:30:00+05:30"",""summary"":""call booked: using the app"",""tier"":""diwm"",""topic"":""Using the app""}"
EV0005176,P00068,state_enter_S7,K02,2026-06-23T16:07:35+05:30,"{""from_state"":""S9"",""state"":""S7""}"
EV0005181,P00068,state_enter_S9,H01c,2026-06-29T18:15:00+05:30,"{""from_state"":""S7"",""state"":""S9""}"
EV0005183,P00068,call_completed,K03,2026-06-29T18:17:00+05:30,"{""adviser_id"":""adv06"",""slot"":""2026-06-29T17:30:00+05:30"",""summary"":""Walked through using the app; next step agreed.""}"
EV0005190,P00068,plan_updated,H05,2026-07-10T13:30:48+05:30,"{""from_version"":""v1"",""reason"":""publish"",""to_version"":""v2""}"
EV0005191,P00068,state_enter_S11,H01e,2026-07-10T13:30:48+05:30,"{""from_state"":""S9"",""state"":""S11""}"
EV0005200,P00068,update_accepted,H05,2026-07-18T01:32:30+05:30,"{""to_version"":""v2""}"
EV0005201,P00068,state_enter_S9,H01c,2026-07-18T01:32:30+05:30,"{""from_state"":""S11"",""state"":""S9""}"
EV0005206,P00068,action_done,E06,2026-07-19T03:50:23+05:30,"{""done_count"":2,""total_count"":4,""verification"":""platform"",""verified"":true}"
EV0005214,P00068,plan_updated,H05,2026-07-19T13:28:10+05:30,"{""from_version"":""v2"",""reason"":""life_event"",""to_version"":""v3""}"
EV0005215,P00068,state_enter_S11,H01e,2026-07-19T13:28:10+05:30,"{""from_state"":""S9"",""state"":""S11""}"
EV0005217,P00068,update_accepted,H05,2026-07-19T13:32:05+05:30,"{""to_version"":""v3""}"
EV0005218,P00068,state_enter_S9,H01c,2026-07-19T13:32:05+05:30,"{""from_state"":""S11"",""state"":""S9""}"
EV0005247,P00068,action_done,E06,2026-08-28T03:41:43+05:30,"{""done_count"":3,""total_count"":4,""verification"":""self_reported"",""verified"":false}"
EV0005256,P00068,review_due,Q01,2026-09-07T13:37:49+05:30,"{""review_id"":""RV-00477-1""}"
EV0005257,P00068,plan_updated,H05,2026-09-11T15:00:47+05:30,"{""from_version"":""v3"",""reason"":""publish"",""to_version"":""v4""}"
EV0005258,P00068,state_enter_S11,H01e,2026-09-11T15:00:47+05:30,"{""from_state"":""S9"",""state"":""S11""}"
EV0005262,P00068,update_accepted,H05,2026-09-11T19:14:39+05:30,"{""to_version"":""v4""}"
EV0005263,P00068,state_enter_S9,H01c,2026-09-11T19:14:39+05:30,"{""from_state"":""S11"",""state"":""S9""}"
EV0005267,P00068,review_done,Q01,2026-09-12T00:20:14+05:30,"{""review_id"":""RV-00477-1""}"
EV0005268,P00068,plan_updated,H05,2026-09-12T00:21:14+05:30,"{""from_version"":""v4"",""reason"":""review"",""to_version"":""v5""}"
EV0005270,P00068,update_accepted,H05,2026-09-12T00:22:14+05:30,"{""to_version"":""v5""}"
EV0005275,P00068,state_enter_S10,H01d,2026-09-12T17:52:17+05:30,"{""from_state"":""S9"",""state"":""S10""}"
EV0005278,P00068,action_done,E06,2026-09-12T17:52:19+05:30,"{""done_count"":4,""total_count"":4,""verification"":""platform"",""verified"":true}"
EV0005287,P00071,signed_up,A03,2026-05-08T13:05:26+05:30,"{""device"":""android"",""phone"":""9000004528"",""source"":""community"",""whatsapp_optin"":true}"
EV0005288,P00071,state_enter_S1,R01,2026-05-08T13:05:26+05:30,"{""from_state"":null,""state"":""S1""}"
EV0005300,P00071,reveal_seen,R09,2026-05-09T01:58:58+05:30,"{""age_band"":""30 to 34"",""aspiration"":""Legacy"",""city"":""Pune"",""corpus_band"":""25 lakhs to 1 crore"",""income_band"":""10 to 25 lakhs"",""journey_feel"":""Some hits and some misses, it has been mixed"",""path_now_band"":""5 to 10 Cr"",""path_yes_band"":""10 to 20 Cr"",""savings_band"":""Around 40%, some serious money""}"
EV0005301,P00071,state_enter_S2,X01,2026-05-09T01:58:58+05:30,"{""from_state"":""S1"",""state"":""S2""}"
EV0005304,P00071,paywall_viewed,P01,2026-05-09T18:37:06+05:30,"{""from_state"":""S2"",""sku_expanded"":""diy""}"
EV0005306,P00071,state_enter_S2b,P03,2026-05-09T18:37:36+05:30,"{""from_state"":""S2"",""state"":""S2b""}"
EV0005308,P00071,esign_done,P03,2026-05-09T18:39:22+05:30,"{""agreement_version"":""AGR v1 (to be verified: agreement template versions)"",""esign_ref"":""ESIGN-SEED-003546""}"
EV0005309,P00071,state_enter_S2c,P04,2026-05-09T18:39:22+05:30,"{""from_state"":""S2b"",""state"":""S2c""}"
EV0005311,P00071,paid,P05,2026-05-09T18:41:08+05:30,"{""amount"":""Rs ___"",""mandate_status"":""none (charged per period)"",""period"":""monthly"",""razorpay_ids"":{""customer_id"":""cust_SEED00071"",""subscription_or_txn_id"":""pay_SEED000711""},""sku"":""diy""}"
EV0005312,P00071,state_enter_S3,O02,2026-05-09T18:41:08+05:30,"{""from_state"":""S2c"",""state"":""S3""}"
EV0005320,P00071,aa_connected,A06,2026-05-09T18:46:31+05:30,"{""consent_expiry"":""2026-08-07"",""institutions_failed"":[],""institutions_ok"":[""Bank 2"",""Bank 6"",""KFintech"",""CAMS"",""NSDL""]}"
EV0005323,P00071,state_enter_S4,O02,2026-05-10T00:39:09+05:30,"{""from_state"":""S3"",""state"":""S4""}"
EV0005327,P00071,data_progress,D12a,2026-05-10T00:40:58+05:30,"{""pct_complete"":29,""step_id"":""family""}"
EV0005338,P00071,data_progress,D12b,2026-05-10T00:42:30+05:30,"{""pct_complete"":37,""step_id"":""risk""}"
EV0005343,P00071,state_enter_S19,O02,2026-05-17T00:39:09+05:30,"{""from_state"":""S4"",""state"":""S19""}"
EV0005354,P00071,data_progress,D12c,2026-05-21T09:30:06+05:30,"{""pct_complete"":42,""step_id"":""income""}"
EV0005374,P00071,data_progress,D12d,2026-05-21T09:36:07+05:30,"{""pct_complete"":48,""step_id"":""expenses""}"
EV0005386,P00071,data_progress,D12e,2026-05-21T09:40:30+05:30,"{""pct_complete"":67,""step_id"":""investments""}"
EV0005401,P00071,data_progress,D12f,2026-05-21T09:45:16+05:30,"{""pct_complete"":75,""step_id"":""loans""}"
EV0005411,P00071,data_progress,D12g,2026-05-21T09:47:38+05:30,"{""pct_complete"":83,""step_id"":""insurance""}"
EV0005421,P00071,data_progress,D12h,2026-05-21T09:50:53+05:30,"{""pct_complete"":90,""step_id"":""goals""}"
EV0005429,P00071,state_enter_S5,D10,2026-05-21T09:53:29+05:30,"{""from_state"":""S19"",""state"":""S5""}"
EV0005431,P00071,data_complete,D10,2026-05-21T10:19:45+05:30,{}
EV0005432,P00071,plan_built,D10,2026-05-21T10:20:48+05:30,"{""assumed_count"":0,""assumptions_version"":""A1"",""band_count"":6,""built_on"":""full"",""instrument_set_version"":""I1"",""plan_version"":""v1"",""unknown_count"":1}"
EV0005433,P00071,state_enter_S6,H01a,2026-05-21T10:20:48+05:30,"{""from_state"":""S5"",""state"":""S6""}"
EV0005436,P00071,plan_read,G03,2026-05-23T09:06:33+05:30,{}
EV0005437,P00071,state_enter_S8,H01b,2026-05-23T09:06:33+05:30,"{""from_state"":""S6"",""state"":""S8""}"
EV0005446,P00071,pdf_downloaded,G10,2026-05-23T09:15:32+05:30,"{""plan_version"":""v1""}"
EV0005451,P00071,state_enter_S9,H01c,2026-05-29T07:31:50+05:30,"{""from_state"":""S8"",""state"":""S9""}"
EV0005464,P00071,plan_updated,H05,2026-05-31T21:53:47+05:30,"{""from_version"":""v1"",""reason"":""sharpen"",""to_version"":""v2""}"
EV0005466,P00071,update_accepted,H05,2026-05-31T21:54:17+05:30,"{""to_version"":""v2""}"
EV0005473,P00071,plan_updated,H05,2026-05-31T22:11:08+05:30,"{""from_version"":""v2"",""reason"":""sharpen"",""to_version"":""v3""}"
EV0005475,P00071,update_accepted,H05,2026-05-31T22:11:38+05:30,"{""to_version"":""v3""}"
EV0005477,P00071,action_done,E06,2026-06-04T03:36:35+05:30,"{""done_count"":1,""total_count"":6,""verification"":""platform"",""verified"":true}"
EV0005498,P00071,action_done,E06,2026-06-19T15:47:43+05:30,"{""done_count"":2,""total_count"":6,""verification"":""aa_verified"",""verified"":true}"
EV0005515,P00071,ticket_created,H07,2026-07-08T17:08:45+05:30,"{""category"":""support"",""ticket_id"":""TK-005051""}"
EV0005516,P00071,plan_updated,H05,2026-07-10T12:52:38+05:30,"{""from_version"":""v3"",""reason"":""publish"",""to_version"":""v4""}"
EV0005517,P00071,state_enter_S11,H01e,2026-07-10T12:52:38+05:30,"{""from_state"":""S9"",""state"":""S11""}"
EV0005522,P00071,update_accepted,H05,2026-07-15T15:51:36+05:30,"{""to_version"":""v4""}"
EV0005523,P00071,state_enter_S9,H01c,2026-07-15T15:51:36+05:30,"{""from_state"":""S11"",""state"":""S9""}"
EV0005527,P00071,action_done,E06,2026-07-20T22:53:42+05:30,"{""done_count"":3,""total_count"":6,""verification"":""self_reported"",""verified"":false}"
EV0005545,P00071,aa_connected,A06,2026-08-01T21:41:21+05:30,"{""consent_expiry"":""2026-10-30"",""institutions_failed"":[],""institutions_ok"":[""Bank 2"",""Bank 6"",""KFintech"",""CAMS"",""NSDL""],""renewal"":true}"
EV0005551,P00071,action_done,E06,2026-08-07T14:43:50+05:30,"{""done_count"":4,""total_count"":6,""verification"":""self_reported"",""verified"":false}"
EV0005560,P00071,review_due,Q01,2026-08-19T10:20:48+05:30,"{""review_id"":""RV-00505-1""}"
EV0005564,P00071,review_done,Q01,2026-08-26T10:05:19+05:30,"{""review_id"":""RV-00505-1""}"
EV0005565,P00071,plan_updated,H05,2026-08-26T10:06:19+05:30,"{""from_version"":""v4"",""reason"":""review"",""to_version"":""v5""}"
EV0005567,P00071,update_accepted,H05,2026-08-26T10:07:19+05:30,"{""to_version"":""v5""}"
EV0005585,P00071,action_done,E06,2026-09-08T01:45:32+05:30,"{""done_count"":5,""total_count"":6,""verification"":""aa_verified"",""verified"":true}"
EV0005587,P00071,plan_updated,H05,2026-09-11T13:20:19+05:30,"{""from_version"":""v5"",""reason"":""publish"",""to_version"":""v6""}"
EV0005588,P00071,state_enter_S11,H01e,2026-09-11T13:20:19+05:30,"{""from_state"":""S9"",""state"":""S11""}"
EV0005597,P00071,update_accepted,H05,2026-09-19T21:54:02+05:30,"{""to_version"":""v6""}"
EV0005598,P00071,state_enter_S9,H01c,2026-09-19T21:54:02+05:30,"{""from_state"":""S11"",""state"":""S9""}"
EV0005600,P00071,state_enter_S25,H09,2026-09-22T03:10:57+05:30,"{""from_state"":""S9"",""state"":""S25""}"
EV0005608,P00075,signed_up,A03,2026-05-21T08:25:55+05:30,"{""device"":""android"",""phone"":""9000049018"",""source"":""community"",""whatsapp_optin"":true}"
EV0005609,P00075,state_enter_S1,R01,2026-05-21T08:25:55+05:30,"{""from_state"":null,""state"":""S1""}"
EV0005621,P00078,signed_up,A03,2026-05-12T05:03:20+05:30,"{""device"":""android"",""phone"":""9000041164"",""source"":""organic"",""whatsapp_optin"":true}"
EV0005622,P00078,state_enter_S1,R01,2026-05-12T05:03:20+05:30,"{""from_state"":null,""state"":""S1""}"
EV0005638,P00079,signed_up,A03,2026-05-13T04:30:11+05:30,"{""device"":""android"",""phone"":""9000073860"",""source"":""organic"",""whatsapp_optin"":true}"
EV0005639,P00079,state_enter_S1,R01,2026-05-13T04:30:11+05:30,"{""from_state"":null,""state"":""S1""}"
EV0005649,P00080,signed_up,A03,2026-05-18T10:14:09+05:30,"{""device"":""android"",""phone"":""9000034791"",""source"":""community"",""whatsapp_optin"":false}"
EV0005650,P00080,state_enter_S1,R01,2026-05-18T10:14:09+05:30,"{""from_state"":null,""state"":""S1""}"
EV0005662,P00080,reveal_seen,R09,2026-05-18T12:36:45+05:30,"{""age_band"":""35 to 39"",""aspiration"":""Security"",""city"":""Hyderabad"",""corpus_band"":""1 to 5 crores"",""income_band"":""50 lakhs to 1 crore"",""journey_feel"":null,""path_now_band"":""over 20 Cr"",""path_yes_band"":""over 20 Cr"",""savings_band"":""More than 40%, I live well below my means""}"
EV0005663,P00080,state_enter_S2,X01,2026-05-18T12:36:45+05:30,"{""from_state"":""S1"",""state"":""S2""}"
EV0005667,P00080,paywall_viewed,P01,2026-06-08T08:27:21+05:30,"{""from_state"":""S2"",""sku_expanded"":""diy""}"
EV0005669,P00080,state_enter_S2b,P03,2026-06-08T08:27:51+05:30,"{""from_state"":""S2"",""state"":""S2b""}"
EV0005671,P00080,esign_done,P03,2026-06-08T08:33:20+05:30,"{""agreement_version"":""AGR v1 (to be verified: agreement template versions)"",""esign_ref"":""ESIGN-SEED-003420""}"
EV0005672,P00080,state_enter_S2c,P04,2026-06-08T08:33:20+05:30,"{""from_state"":""S2b"",""state"":""S2c""}"
EV0005674,P00080,paid,P05,2026-06-08T08:38:50+05:30,"{""amount"":""Rs ___"",""mandate_status"":""active"",""period"":""monthly"",""razorpay_ids"":{""customer_id"":""cust_SEED00080"",""subscription_or_txn_id"":""sub_SEED000801""},""sku"":""diy""}"
EV0005675,P00080,state_enter_S3,O02,2026-06-08T08:38:50+05:30,"{""from_state"":""S2c"",""state"":""S3""}"
EV0005684,P00080,aa_connected,A06,2026-06-11T02:44:29+05:30,"{""consent_expiry"":""2026-09-09"",""institutions_failed"":[],""institutions_ok"":[""Bank 7"",""Bank 8"",""KFintech"",""CAMS"",""CDSL""]}"
EV0005687,P00080,state_enter_S4,O02,2026-06-11T02:47:04+05:30,"{""from_state"":""S3"",""state"":""S4""}"
EV0005693,P00080,data_progress,D12a,2026-06-11T02:51:07+05:30,"{""pct_complete"":31,""step_id"":""family""}"
EV0005704,P00080,data_progress,D12b,2026-06-11T02:52:55+05:30,"{""pct_complete"":39,""step_id"":""risk""}"
EV0005719,P00080,data_progress,D12c,2026-06-11T02:56:55+05:30,"{""pct_complete"":46,""step_id"":""income""}"
EV0005734,P00080,data_progress,D12d,2026-06-11T03:01:25+05:30,"{""pct_complete"":53,""step_id"":""expenses""}"
EV0005738,P00080,state_enter_S19,O02,2026-06-18T02:47:04+05:30,"{""from_state"":""S4"",""state"":""S19""}"
EV0005772,P00080,data_progress,D12e,2026-06-21T13:32:40+05:30,"{""pct_complete"":68,""step_id"":""investments""}"
EV0005789,P00080,data_progress,D12f,2026-06-26T07:29:10+05:30,"{""pct_complete"":75,""step_id"":""loans""}"
EV0005801,P00080,data_progress,D12g,2026-06-26T07:31:14+05:30,"{""pct_complete"":84,""step_id"":""insurance""}"
EV0005805,P00080,data_progress,D12h,2026-06-26T07:32:06+05:30,"{""pct_complete"":91,""step_id"":""goals""}"
EV0005813,P00080,state_enter_S5,D10,2026-06-26T07:35:58+05:30,"{""from_state"":""S19"",""state"":""S5""}"
EV0005815,P00080,data_complete,D10,2026-06-26T07:56:20+05:30,{}
EV0005816,P00080,plan_built,D10,2026-06-26T07:57:13+05:30,"{""assumed_count"":0,""assumptions_version"":""A1"",""band_count"":9,""built_on"":""full"",""instrument_set_version"":""I1"",""plan_version"":""v1"",""unknown_count"":0}"
EV0005817,P00080,state_enter_S6,H01a,2026-06-26T07:57:13+05:30,"{""from_state"":""S5"",""state"":""S6""}"
EV0005822,P00080,plan_read,G03,2026-07-04T11:51:22+05:30,{}
EV0005823,P00080,state_enter_S8,H01b,2026-07-04T11:51:22+05:30,"{""from_state"":""S6"",""state"":""S8""}"
EV0005835,P00080,plan_updated,H05,2026-07-10T15:33:02+05:30,"{""from_version"":""v1"",""reason"":""publish"",""to_version"":""v2""}"
EV0005836,P00080,state_enter_S11,H01e,2026-07-10T15:33:02+05:30,"{""from_state"":""S8"",""state"":""S11""}"
EV0005840,P00080,update_accepted,H05,2026-07-12T15:41:12+05:30,"{""to_version"":""v2""}"
EV0005841,P00080,state_enter_S8,H01b,2026-07-12T15:41:12+05:30,"{""from_state"":""S11"",""state"":""S8""}"
EV0005860,P00080,ticket_created,H07,2026-09-02T21:40:53+05:30,"{""category"":""support"",""ticket_id"":""TK-004871""}"
EV0005869,P00080,state_enter_S15,Q01,2026-09-09T02:44:29+05:30,"{""from_state"":""S8"",""state"":""S15""}"
EV0005870,P00080,plan_updated,H05,2026-09-11T14:25:14+05:30,"{""from_version"":""v2"",""reason"":""publish"",""to_version"":""v3""}"
EV0005871,P00080,state_enter_S11,H01e,2026-09-11T14:25:14+05:30,"{""from_state"":""S15"",""state"":""S11""}"
EV0005878,P00080,update_accepted,H05,2026-09-19T00:13:13+05:30,"{""to_version"":""v3""}"
EV0005879,P00080,state_enter_S15,Q01,2026-09-19T00:13:13+05:30,"{""from_state"":""S11"",""state"":""S15""}"
EV0005885,P00081,signed_up,A03,2026-05-12T22:25:40+05:30,"{""device"":""ios"",""phone"":""9000042102"",""source"":""web_reveal"",""whatsapp_optin"":true}"
EV0005886,P00081,state_enter_S1,R01,2026-05-12T22:25:40+05:30,"{""from_state"":null,""state"":""S1""}"
EV0005898,P00081,reveal_seen,R09,2026-05-13T14:44:24+05:30,"{""age_band"":""35 to 39"",""aspiration"":""Freedom"",""city"":""Gurugram"",""corpus_band"":""25 lakhs to 1 crore"",""income_band"":""25 to 50 lakhs"",""journey_feel"":""Not so good, I can do better"",""path_now_band"":""10 to 20 Cr"",""path_yes_band"":""over 20 Cr"",""savings_band"":""More than 40%, I live well below my means""}"
EV0005899,P00081,state_enter_S2,X01,2026-05-13T14:44:24+05:30,"{""from_state"":""S1"",""state"":""S2""}"
EV0005908,P00081,paywall_viewed,P01,2026-05-20T12:02:03+05:30,"{""from_state"":""S2"",""sku_expanded"":""diwm""}"
EV0005910,P00081,state_enter_S2b,P03,2026-05-20T12:04:48+05:30,"{""from_state"":""S2"",""state"":""S2b""}"
EV0005912,P00081,esign_done,P03,2026-05-20T12:14:53+05:30,"{""agreement_version"":""AGR v1 (to be verified: agreement template versions)"",""esign_ref"":""ESIGN-SEED-003133""}"
EV0005913,P00081,state_enter_S2c,P04,2026-05-20T12:14:53+05:30,"{""from_state"":""S2b"",""state"":""S2c""}"
EV0005927,P00082,signed_up,A03,2026-05-14T10:40:44+05:30,"{""device"":""android"",""phone"":""9000037898"",""source"":""community"",""whatsapp_optin"":true}"
EV0005928,P00082,state_enter_S1,R01,2026-05-14T10:40:44+05:30,"{""from_state"":null,""state"":""S1""}"
EV0005939,P00083,signed_up,A03,2026-05-16T08:32:04+05:30,"{""device"":""android"",""phone"":""9000045072"",""source"":""community"",""whatsapp_optin"":true}"
EV0005940,P00083,state_enter_S1,R01,2026-05-16T08:32:04+05:30,"{""from_state"":null,""state"":""S1""}"
EV0005952,P00083,reveal_seen,R09,2026-05-16T12:39:08+05:30,"{""age_band"":""25 to 29"",""aspiration"":""Freedom"",""city"":""Bengaluru"",""corpus_band"":""5 to 25 lakhs"",""income_band"":""Under 10 lakhs"",""journey_feel"":""Not so good, I can do better"",""path_now_band"":""5 to 10 Cr"",""path_yes_band"":""10 to 20 Cr"",""savings_band"":""More than 40%, I live well below my means""}"
EV0005953,P00083,state_enter_S2,X01,2026-05-16T12:39:08+05:30,"{""from_state"":""S1"",""state"":""S2""}"
EV0005961,P00085,signed_up,A03,2026-05-20T03:53:48+05:30,"{""device"":""android"",""phone"":""9000029441"",""source"":""community"",""whatsapp_optin"":true}"
EV0005962,P00085,state_enter_S1,R01,2026-05-20T03:53:48+05:30,"{""from_state"":null,""state"":""S1""}"
EV0005973,P00085,reveal_seen,R09,2026-05-20T08:15:43+05:30,"{""age_band"":""25 to 29"",""aspiration"":""Family"",""city"":""Mumbai"",""corpus_band"":""25 lakhs to 1 crore"",""income_band"":""25 to 50 lakhs"",""journey_feel"":""Not so good, I can do better"",""path_now_band"":""over 20 Cr"",""path_yes_band"":""over 20 Cr"",""savings_band"":""More than 40%, I live well below my means""}"
EV0005974,P00085,state_enter_S2,X01,2026-05-20T08:15:43+05:30,"{""from_state"":""S1"",""state"":""S2""}"
EV0005978,P00085,paywall_viewed,P01,2026-05-23T07:10:02+05:30,"{""from_state"":""S2"",""sku_expanded"":""diwm""}"
EV0005980,P00085,state_enter_S2b,P03,2026-05-23T07:10:32+05:30,"{""from_state"":""S2"",""state"":""S2b""}"
EV0005982,P00085,esign_done,P03,2026-05-23T07:13:10+05:30,"{""agreement_version"":""AGR v1 (to be verified: agreement template versions)"",""esign_ref"":""ESIGN-SEED-003357""}"
EV0005983,P00085,state_enter_S2c,P04,2026-05-23T07:13:10+05:30,"{""from_state"":""S2b"",""state"":""S2c""}"
EV0005985,P00085,paid,P05,2026-05-23T07:15:49+05:30,"{""amount"":""Rs ___"",""mandate_status"":""active"",""period"":""quarterly"",""razorpay_ids"":{""customer_id"":""cust_SEED00085"",""subscription_or_txn_id"":""sub_SEED000851""},""sku"":""diwm""}"
EV0005986,P00085,state_enter_S3,O02,2026-05-23T07:15:49+05:30,"{""from_state"":""S2c"",""state"":""S3""}"
EV0005995,P00085,aa_connected,A06,2026-05-25T00:47:01+05:30,"{""consent_expiry"":""2026-08-23"",""institutions_failed"":[],""institutions_ok"":[""Bank 4"",""KFintech"",""CAMS"",""NSDL""]}"
EV0005998,P00085,state_enter_S4,O02,2026-05-25T00:48:11+05:30,"{""from_state"":""S3"",""state"":""S4""}"
EV0006002,P00085,data_progress,D12a,2026-05-25T00:49:26+05:30,"{""pct_complete"":31,""step_id"":""family""}"
EV0006013,P00085,data_progress,D12b,2026-05-28T08:40:56+05:30,"{""pct_complete"":39,""step_id"":""risk""}"
EV0006026,P00085,data_progress,D12c,2026-05-28T08:44:39+05:30,"{""pct_complete"":45,""step_id"":""income""}"
EV0006040,P00085,data_progress,D12d,2026-05-28T08:48:46+05:30,"{""pct_complete"":49,""step_id"":""expenses""}"
EV0006067,P00085,data_progress,D12e,2026-05-28T08:58:39+05:30,"{""pct_complete"":67,""step_id"":""investments""}"
EV0006077,P00085,data_progress,D12f,2026-05-28T09:00:58+05:30,"{""pct_complete"":75,""step_id"":""loans""}"
EV0006080,P00085,data_progress,D12g,2026-05-28T09:01:30+05:30,"{""pct_complete"":83,""step_id"":""insurance""}"
EV0006084,P00085,state_enter_S19,O02,2026-06-01T00:48:11+05:30,"{""from_state"":""S4"",""state"":""S19""}"
EV0006094,P00085,data_progress,D12h,2026-06-12T14:44:54+05:30,"{""pct_complete"":90,""step_id"":""goals""}"
EV0006102,P00085,state_enter_S5,D10,2026-06-12T14:46:52+05:30,"{""from_state"":""S19"",""state"":""S5""}"
EV0006104,P00085,data_complete,D10,2026-06-12T15:06:54+05:30,{}
EV0006105,P00085,plan_built,D10,2026-06-12T15:08:21+05:30,"{""assumed_count"":1,""assumptions_version"":""A1"",""band_count"":3,""built_on"":""full"",""instrument_set_version"":""I1"",""plan_version"":""v1"",""unknown_count"":0}"
EV0006106,P00085,state_enter_S6,H01a,2026-06-12T15:08:21+05:30,"{""from_state"":""S5"",""state"":""S6""}"
EV0006111,P00085,plan_read,G03,2026-06-14T08:05:22+05:30,{}
EV0006112,P00085,state_enter_S8,H01b,2026-06-14T08:05:22+05:30,"{""from_state"":""S6"",""state"":""S8""}"
EV0006126,P00085,call_booked,K01,2026-06-19T00:42:51+05:30,"{""adviser_id"":""adv02"",""slot"":""2026-06-25T16:00:00+05:30"",""summary"":""call booked: the investments and why they were chosen"",""tier"":""diwm"",""topic"":""The investments and why they were chosen""}"
EV0006127,P00085,state_enter_S7,K02,2026-06-19T00:42:51+05:30,"{""from_state"":""S8"",""state"":""S7""}"
EV0006137,P00085,action_done,E06,2026-06-22T17:38:23+05:30,"{""done_count"":1,""total_count"":7,""verification"":""aa_verified"",""verified"":true}"
EV0006142,P00085,no_show,K01,2026-06-25T16:20:00+05:30,"{""adviser_id"":""adv02"",""slot"":""2026-06-25T16:00:00+05:30"",""summary"":""client did not join""}"
EV0006144,P00085,state_enter_S20,K01,2026-06-25T16:20:00+05:30,"{""from_state"":""S7"",""state"":""S20""}"
EV0006149,P00085,call_booked,K01,2026-06-27T02:31:29+05:30,"{""adviser_id"":""adv03"",""slot"":""2026-06-30T10:30:00+05:30"",""summary"":""call booked: the investments and why they were chosen"",""tier"":""diwm"",""topic"":""The investments and why they were chosen""}"
EV0006150,P00085,state_enter_S7,K02,2026-06-27T02:31:29+05:30,"{""from_state"":""S20"",""state"":""S7""}"
EV0006154,P00085,state_enter_S9,H01c,2026-06-30T11:15:00+05:30,"{""from_state"":""S7"",""state"":""S9""}"
EV0006156,P00085,call_completed,K03,2026-06-30T11:17:00+05:30,"{""adviser_id"":""adv03"",""slot"":""2026-06-30T10:30:00+05:30"",""summary"":""Walked through the investments and why they were chosen; next step agreed.""}"
EV0006171,P00085,action_done,E06,2026-07-09T22:33:18+05:30,"{""done_count"":2,""total_count"":7,""verification"":""platform"",""verified"":true}"
EV0006173,P00085,plan_updated,H05,2026-07-10T14:50:04+05:30,"{""from_version"":""v1"",""reason"":""publish"",""to_version"":""v2""}"
EV0006174,P00085,state_enter_S11,H01e,2026-07-10T14:50:04+05:30,"{""from_state"":""S9"",""state"":""S11""}"
EV0006180,P00085,update_accepted,H05,2026-07-14T20:03:12+05:30,"{""to_version"":""v2""}"
EV0006181,P00085,state_enter_S9,H01c,2026-07-14T20:03:12+05:30,"{""from_state"":""S11"",""state"":""S9""}"
EV0006207,P00085,action_done,E06,2026-08-13T06:11:20+05:30,"{""done_count"":3,""total_count"":7,""verification"":""self_reported"",""verified"":false}"
EV0006216,P00085,state_enter_S15,Q01,2026-08-23T00:47:01+05:30,"{""from_state"":""S9"",""state"":""S15""}"
EV0006220,P00085,aa_connected,A06,2026-08-25T07:54:04+05:30,"{""consent_expiry"":""2026-11-23"",""institutions_failed"":[],""institutions_ok"":[""Bank 4"",""KFintech"",""CAMS"",""NSDL""],""renewal"":true}"
EV0006221,P00085,state_enter_S9,H01c,2026-08-25T07:54:04+05:30,"{""from_state"":""S15"",""state"":""S9""}"
EV0006235,P00085,review_due,Q01,2026-09-10T15:08:21+05:30,"{""review_id"":""RV-00478-1""}"
EV0006236,P00085,plan_updated,H05,2026-09-11T10:46:52+05:30,"{""from_version"":""v2"",""reason"":""publish"",""to_version"":""v3""}"
EV0006237,P00085,state_enter_S11,H01e,2026-09-11T10:46:52+05:30,"{""from_state"":""S9"",""state"":""S11""}"
EV0006239,P00085,action_done,E06,2026-09-12T16:15:43+05:30,"{""done_count"":4,""total_count"":7,""verification"":""platform"",""verified"":true}"
EV0006244,P00087,signed_up,A03,2026-05-27T01:17:52+05:30,"{""device"":""android"",""phone"":""9000091007"",""source"":""corporate_session"",""whatsapp_optin"":true}"
EV0006245,P00087,state_enter_S1,R01,2026-05-27T01:17:52+05:30,"{""from_state"":null,""state"":""S1""}"
EV0006257,P00087,reveal_seen,R09,2026-05-27T18:14:32+05:30,"{""age_band"":""30 to 34"",""aspiration"":""Legacy"",""city"":""Mumbai"",""corpus_band"":""25 lakhs to 1 crore"",""income_band"":""25 to 50 lakhs"",""journey_feel"":""Very good, mostly things have worked out well"",""path_now_band"":""10 to 20 Cr"",""path_yes_band"":""over 20 Cr"",""savings_band"":""More than 40%, I live well below my means""}"
EV0006258,P00087,state_enter_S2,X01,2026-05-27T18:14:32+05:30,"{""from_state"":""S1"",""state"":""S2""}"
EV0006261,P00087,paywall_viewed,P01,2026-05-27T18:17:16+05:30,"{""from_state"":""S2"",""sku_expanded"":""none""}"
EV0006267,P00088,signed_up,A03,2026-05-20T13:18:35+05:30,"{""device"":""android"",""phone"":""9000011544"",""source"":""referral"",""whatsapp_optin"":true}"
EV0006268,P00088,state_enter_S1,R01,2026-05-20T13:18:35+05:30,"{""from_state"":null,""state"":""S1""}"
EV0006283,P00090,signed_up,A03,2026-05-18T07:20:28+05:30,"{""device"":""ios"",""phone"":""9000034451"",""source"":""community"",""whatsapp_optin"":true}"
EV0006284,P00090,state_enter_S1,R01,2026-05-18T07:20:28+05:30,"{""from_state"":null,""state"":""S1""}"
EV0006296,P00090,reveal_seen,R09,2026-05-18T12:00:45+05:30,"{""age_band"":""35 to 39"",""aspiration"":""Generosity"",""city"":""Bhubaneswar"",""corpus_band"":""25 lakhs to 1 crore"",""income_band"":""10 to 25 lakhs"",""journey_feel"":""Very good, mostly things have worked out well"",""path_now_band"":""5 to 10 Cr"",""path_yes_band"":""5 to 10 Cr"",""savings_band"":""Around 40%, some serious money""}"
EV0006297,P00090,state_enter_S2,X01,2026-05-18T12:00:45+05:30,"{""from_state"":""S1"",""state"":""S2""}"
EV0006299,P00090,paywall_viewed,P01,2026-05-18T13:32:00+05:30,"{""from_state"":""S2"",""sku_expanded"":""diwm""}"
EV0006301,P00090,state_enter_S2b,P03,2026-05-18T13:32:30+05:30,"{""from_state"":""S2"",""state"":""S2b""}"
EV0006303,P00090,esign_done,P03,2026-05-18T13:34:17+05:30,"{""agreement_version"":""AGR v1 (to be verified: agreement template versions)"",""esign_ref"":""ESIGN-SEED-003483""}"
EV0006304,P00090,state_enter_S2c,P04,2026-05-18T13:34:17+05:30,"{""from_state"":""S2b"",""state"":""S2c""}"
EV0006306,P00090,paid,P05,2026-05-18T13:36:04+05:30,"{""amount"":""Rs ___"",""mandate_status"":""active"",""period"":""quarterly"",""razorpay_ids"":{""customer_id"":""cust_SEED00090"",""subscription_or_txn_id"":""sub_SEED000901""},""sku"":""diwm""}"
EV0006307,P00090,state_enter_S3,O02,2026-05-18T13:36:04+05:30,"{""from_state"":""S2c"",""state"":""S3""}"
EV0006315,P00090,aa_connected,A06,2026-05-19T12:33:45+05:30,"{""consent_expiry"":""2026-08-17"",""institutions_failed"":[],""institutions_ok"":[""Bank 5""]}"
EV0006319,P00090,state_enter_S4,O02,2026-05-19T17:36:09+05:30,"{""from_state"":""S3"",""state"":""S4""}"
EV0006327,P00090,data_progress,D12a,2026-05-19T17:42:42+05:30,"{""pct_complete"":29,""step_id"":""family""}"
EV0006332,P00090,state_enter_S19,O02,2026-05-26T17:36:09+05:30,"{""from_state"":""S4"",""state"":""S19""}"
EV0006346,P00090,data_progress,D12b,2026-05-26T18:41:37+05:30,"{""pct_complete"":37,""step_id"":""risk""}"
EV0006354,P00090,data_progress,D12c,2026-05-26T18:43:55+05:30,"{""pct_complete"":42,""step_id"":""income""}"
EV0006369,P00090,data_progress,D12d,2026-06-07T07:15:52+05:30,"{""pct_complete"":47,""step_id"":""expenses""}"
EV0006386,P00090,data_progress,D12e,2026-06-07T07:21:56+05:30,"{""pct_complete"":64,""step_id"":""investments""}"
EV0006389,P00090,data_progress,D12f,2026-06-07T07:22:42+05:30,"{""pct_complete"":73,""step_id"":""loans""}"
EV0006412,P00090,data_progress,D12g,2026-06-07T07:29:41+05:30,"{""pct_complete"":82,""step_id"":""insurance""}"
EV0006427,P00090,data_progress,D12h,2026-06-07T07:34:33+05:30,"{""pct_complete"":89,""step_id"":""goals""}"
EV0006437,P00090,state_enter_S5,D10,2026-06-07T07:37:24+05:30,"{""from_state"":""S19"",""state"":""S5""}"
EV0006439,P00090,data_complete,D10,2026-06-10T22:17:32+05:30,{}
EV0006440,P00090,plan_built,D10,2026-06-10T22:18:09+05:30,"{""assumed_count"":0,""assumptions_version"":""A1"",""band_count"":10,""built_on"":""full"",""instrument_set_version"":""I1"",""plan_version"":""v1"",""unknown_count"":0}"
EV0006441,P00090,state_enter_S6,H01a,2026-06-10T22:18:09+05:30,"{""from_state"":""S5"",""state"":""S6""}"
EV0006444,P00090,plan_read,G03,2026-06-12T21:29:23+05:30,{}
EV0006445,P00090,state_enter_S8,H01b,2026-06-12T21:29:23+05:30,"{""from_state"":""S6"",""state"":""S8""}"
EV0006469,P00090,plan_updated,H05,2026-07-10T12:14:18+05:30,"{""from_version"":""v1"",""reason"":""publish"",""to_version"":""v2""}"
EV0006470,P00090,state_enter_S11,H01e,2026-07-10T12:14:18+05:30,"{""from_state"":""S8"",""state"":""S11""}"
EV0006477,P00090,update_accepted,H05,2026-07-18T05:29:00+05:30,"{""to_version"":""v2""}"
EV0006478,P00090,state_enter_S8,H01b,2026-07-18T05:29:00+05:30,"{""from_state"":""S11"",""state"":""S8""}"
EV0006497,P00090,aa_connected,A06,2026-08-15T20:49:54+05:30,"{""consent_expiry"":""2026-11-13"",""institutions_failed"":[],""institutions_ok"":[""Bank 5""],""renewal"":true}"
EV0006506,P00090,review_due,Q01,2026-09-08T22:18:09+05:30,"{""review_id"":""RV-00496-1""}"
EV0006512,P00090,plan_updated,H05,2026-09-11T19:37:40+05:30,"{""from_version"":""v2"",""reason"":""publish"",""to_version"":""v3""}"
EV0006513,P00090,state_enter_S11,H01e,2026-09-11T19:37:40+05:30,"{""from_state"":""S8"",""state"":""S11""}"
EV0006515,P00090,update_accepted,H05,2026-09-14T13:42:53+05:30,"{""to_version"":""v3""}"
EV0006516,P00090,state_enter_S8,H01b,2026-09-14T13:42:53+05:30,"{""from_state"":""S11"",""state"":""S8""}"
EV0006525,P00090,call_booked,K01,2026-09-17T15:50:09+05:30,"{""adviser_id"":""adv03"",""slot"":""2026-09-19T18:00:00+05:30"",""summary"":""call booked: the investments and why they were chosen"",""tier"":""diwm"",""topic"":""The investments and why they were chosen""}"
EV0006526,P00090,state_enter_S7,K02,2026-09-17T15:50:09+05:30,"{""from_state"":""S8"",""state"":""S7""}"
EV0006532,P00090,no_show,K01,2026-09-19T18:20:00+05:30,"{""adviser_id"":""adv03"",""slot"":""2026-09-19T18:00:00+05:30"",""summary"":""client did not join""}"
EV0006534,P00090,state_enter_S20,K01,2026-09-19T18:20:00+05:30,"{""from_state"":""S7"",""state"":""S20""}"
EV0006537,P00090,call_booked,K01,2026-09-20T08:44:06+05:30,"{""adviser_id"":""adv04"",""slot"":""2026-09-21T16:00:00+05:30"",""summary"":""call booked: the investments and why they were chosen"",""tier"":""diwm"",""topic"":""The investments and why they were chosen""}"
EV0006538,P00090,state_enter_S7,K02,2026-09-20T08:44:06+05:30,"{""from_state"":""S20"",""state"":""S7""}"
EV0006542,P00090,no_show,K01,2026-09-21T16:20:00+05:30,"{""adviser_id"":""adv04"",""slot"":""2026-09-21T16:00:00+05:30"",""summary"":""client did not join""}"
EV0006544,P00090,state_enter_S20,K01,2026-09-21T16:20:00+05:30,"{""from_state"":""S7"",""state"":""S20""}"
EV0006549,P00090,review_done,Q01,2026-09-21T18:17:35+05:30,"{""review_id"":""RV-00496-1""}"
EV0006550,P00090,plan_updated,H05,2026-09-21T18:18:35+05:30,"{""from_version"":""v3"",""reason"":""review"",""to_version"":""v4""}"
EV0006552,P00090,update_accepted,H05,2026-09-21T18:19:35+05:30,"{""to_version"":""v4""}"
EV0006556,P00091,signed_up,A03,2026-05-18T13:07:58+05:30,"{""device"":""android"",""phone"":""9000064576"",""source"":""organic"",""whatsapp_optin"":true}"
EV0006557,P00091,state_enter_S1,R01,2026-05-18T13:07:58+05:30,"{""from_state"":null,""state"":""S1""}"
EV0006565,P00095,signed_up,A03,2026-05-23T00:50:00+05:30,"{""device"":""android"",""phone"":""9000047695"",""source"":""community"",""whatsapp_optin"":true}"
EV0006566,P00095,state_enter_S1,R01,2026-05-23T00:50:00+05:30,"{""from_state"":null,""state"":""S1""}"
EV0006578,P00095,reveal_seen,R09,2026-05-24T02:31:05+05:30,"{""age_band"":""25 to 29"",""aspiration"":""Generosity"",""city"":""Bengaluru"",""corpus_band"":""Under 5 lakhs"",""income_band"":""10 to 25 lakhs"",""journey_feel"":""Very good, mostly things have worked out well"",""path_now_band"":""5 to 10 Cr"",""path_yes_band"":""10 to 20 Cr"",""savings_band"":""Around 25%, meaningful amounts""}"
EV0006579,P00095,state_enter_S2,X01,2026-05-24T02:31:05+05:30,"{""from_state"":""S1"",""state"":""S2""}"
EV0006585,P00095,paywall_viewed,P01,2026-06-02T21:24:52+05:30,"{""from_state"":""S2"",""sku_expanded"":""diy""}"
EV0006587,P00095,state_enter_S2b,P03,2026-06-02T21:25:22+05:30,"{""from_state"":""S2"",""state"":""S2b""}"
EV0006589,P00095,esign_done,P03,2026-06-02T21:29:45+05:30,"{""agreement_version"":""AGR v1 (to be verified: agreement template versions)"",""esign_ref"":""ESIGN-SEED-003287""}"
EV0006590,P00095,state_enter_S2c,P04,2026-06-02T21:29:45+05:30,"{""from_state"":""S2b"",""state"":""S2c""}"
EV0006592,P00095,paid,P05,2026-06-02T21:34:09+05:30,"{""amount"":""Rs ___"",""mandate_status"":""none (charged per period)"",""period"":""monthly"",""razorpay_ids"":{""customer_id"":""cust_SEED00095"",""subscription_or_txn_id"":""pay_SEED000951""},""sku"":""diy""}"
EV0006593,P00095,state_enter_S3,O02,2026-06-02T21:34:09+05:30,"{""from_state"":""S2c"",""state"":""S3""}"
EV0006602,P00095,state_enter_S4,O02,2026-06-05T02:27:14+05:30,"{""from_state"":""S3"",""state"":""S4""}"
EV0006605,P00095,data_progress,D12a,2026-06-05T02:28:35+05:30,"{""pct_complete"":27,""step_id"":""family""}"
EV0006616,P00095,data_progress,D12b,2026-06-05T02:30:11+05:30,"{""pct_complete"":35,""step_id"":""risk""}"
EV0006623,P00095,data_progress,D12c,2026-06-05T02:32:32+05:30,"{""pct_complete"":40,""step_id"":""income""}"
EV0006639,P00095,data_progress,D12d,2026-06-05T02:36:51+05:30,"{""pct_complete"":51,""step_id"":""expenses""}"
EV0006644,P00095,state_enter_S19,O02,2026-06-12T02:27:14+05:30,"{""from_state"":""S4"",""state"":""S19""}"
EV0006661,P00095,data_progress,D12e,2026-06-13T09:17:49+05:30,"{""pct_complete"":67,""step_id"":""investments""}"
EV0006664,P00095,data_progress,D12f,2026-06-13T14:17:14+05:30,"{""pct_complete"":75,""step_id"":""loans""}"
EV0006683,P00095,data_progress,D12g,2026-06-13T14:21:45+05:30,"{""pct_complete"":83,""step_id"":""insurance""}"
EV0006699,P00095,data_progress,D12h,2026-06-13T14:27:52+05:30,"{""pct_complete"":90,""step_id"":""goals""}"
EV0006707,P00095,state_enter_S5,D10,2026-06-13T14:30:38+05:30,"{""from_state"":""S19"",""state"":""S5""}"
EV0006709,P00095,data_complete,D10,2026-06-13T14:42:03+05:30,{}
EV0006710,P00095,plan_built,D10,2026-06-13T14:42:45+05:30,"{""assumed_count"":0,""assumptions_version"":""A1"",""band_count"":8,""built_on"":""full"",""instrument_set_version"":""I1"",""plan_version"":""v1"",""unknown_count"":0}"
EV0006711,P00095,state_enter_S6,H01a,2026-06-13T14:42:45+05:30,"{""from_state"":""S5"",""state"":""S6""}"
EV0006717,P00095,plan_read,G03,2026-06-21T20:54:04+05:30,{}
EV0006718,P00095,state_enter_S8,H01b,2026-06-21T20:54:04+05:30,"{""from_state"":""S6"",""state"":""S8""}"
EV0006733,P00095,state_enter_S9,H01c,2026-07-04T00:15:40+05:30,"{""from_state"":""S8"",""state"":""S9""}"
EV0006743,P00095,action_done,E06,2026-07-05T01:44:45+05:30,"{""done_count"":1,""total_count"":3,""verification"":""aa_verified"",""verified"":true}"
EV0006747,P00095,plan_updated,H05,2026-07-10T18:29:45+05:30,"{""from_version"":""v1"",""reason"":""publish"",""to_version"":""v2""}"
EV0006748,P00095,state_enter_S11,H01e,2026-07-10T18:29:45+05:30,"{""from_state"":""S9"",""state"":""S11""}"
EV0006753,P00095,update_accepted,H05,2026-07-19T11:12:36+05:30,"{""to_version"":""v2""}"
EV0006754,P00095,state_enter_S9,H01c,2026-07-19T11:12:36+05:30,"{""from_state"":""S11"",""state"":""S9""}"
EV0006767,P00095,plan_updated,H05,2026-08-09T00:13:32+05:30,"{""from_version"":""v2"",""reason"":""sharpen"",""to_version"":""v3""}"
EV0006769,P00095,update_accepted,H05,2026-08-09T00:14:02+05:30,"{""to_version"":""v3""}"
EV0006776,P00095,plan_updated,H05,2026-08-09T00:33:25+05:30,"{""from_version"":""v3"",""reason"":""sharpen"",""to_version"":""v4""}"
EV0006778,P00095,update_accepted,H05,2026-08-09T00:33:55+05:30,"{""to_version"":""v4""}"
EV0006785,P00095,plan_updated,H05,2026-08-09T00:53:10+05:30,"{""from_version"":""v4"",""reason"":""sharpen"",""to_version"":""v5""}"
EV0006787,P00095,update_accepted,H05,2026-08-09T00:53:40+05:30,"{""to_version"":""v5""}"
EV0006798,P00095,action_done,E06,2026-08-13T22:22:07+05:30,"{""done_count"":2,""total_count"":3,""verification"":""aa_verified"",""verified"":true}"
EV0006821,P00095,plan_updated,H05,2026-09-11T14:36:03+05:30,"{""from_version"":""v5"",""reason"":""publish"",""to_version"":""v6""}"
EV0006822,P00095,state_enter_S11,H01e,2026-09-11T14:36:03+05:30,"{""from_state"":""S9"",""state"":""S11""}"
EV0006823,P00095,review_due,Q01,2026-09-11T14:42:45+05:30,"{""review_id"":""RV-00468-1""}"
EV0006829,P00095,update_accepted,H05,2026-09-17T16:11:51+05:30,"{""to_version"":""v6""}"
EV0006830,P00095,state_enter_S9,H01c,2026-09-17T16:11:51+05:30,"{""from_state"":""S11"",""state"":""S9""}"
EV0006842,P00096,signed_up,A03,2026-06-03T17:27:15+05:30,"{""device"":""android"",""phone"":""9000094501"",""source"":""corporate_session"",""whatsapp_optin"":true}"
EV0006843,P00096,state_enter_S1,R01,2026-06-03T17:27:15+05:30,"{""from_state"":null,""state"":""S1""}"
EV0006855,P00096,reveal_seen,R09,2026-06-03T19:45:59+05:30,"{""age_band"":""25 to 29"",""aspiration"":""Security"",""city"":""Mumbai"",""corpus_band"":""1 to 5 crores"",""income_band"":""25 to 50 lakhs"",""journey_feel"":""Very good, mostly things have worked out well"",""path_now_band"":""over 20 Cr"",""path_yes_band"":""over 20 Cr"",""savings_band"":""More than 40%, I live well below my means""}"
EV0006856,P00096,state_enter_S2,X01,2026-06-03T19:45:59+05:30,"{""from_state"":""S1"",""state"":""S2""}"
EV0006860,P00096,paywall_viewed,P01,2026-06-03T19:50:36+05:30,"{""from_state"":""S2"",""sku_expanded"":""none""}"
EV0006868,P00098,signed_up,A03,2026-05-23T22:53:31+05:30,"{""device"":""android"",""phone"":""9000036876"",""source"":""referral"",""whatsapp_optin"":true}"
EV0006869,P00098,state_enter_S1,R01,2026-05-23T22:53:31+05:30,"{""from_state"":null,""state"":""S1""}"
EV0006880,P00098,reveal_seen,R09,2026-05-24T07:44:39+05:30,"{""age_band"":""30 to 34"",""aspiration"":""Family"",""city"":""Ahmedabad"",""corpus_band"":""25 lakhs to 1 crore"",""income_band"":""10 to 25 lakhs"",""journey_feel"":""Not so good, I can do better"",""path_now_band"":""5 to 10 Cr"",""path_yes_band"":""10 to 20 Cr"",""savings_band"":""More than 40%, I live well below my means""}"
EV0006881,P00098,state_enter_S2,X01,2026-05-24T07:44:39+05:30,"{""from_state"":""S1"",""state"":""S2""}"
EV0006885,P00098,paywall_viewed,P01,2026-07-14T23:44:33+05:30,"{""from_state"":""S2"",""sku_expanded"":""diy""}"
EV0006887,P00098,state_enter_S2b,P03,2026-07-14T23:45:03+05:30,"{""from_state"":""S2"",""state"":""S2b""}"
EV0006889,P00098,esign_done,P03,2026-07-14T23:50:13+05:30,"{""agreement_version"":""AGR v1 (to be verified: agreement template versions)"",""esign_ref"":""ESIGN-SEED-003273""}"
EV0006890,P00098,state_enter_S2c,P04,2026-07-14T23:50:13+05:30,"{""from_state"":""S2b"",""state"":""S2c""}"
EV0006892,P00098,paid,P05,2026-07-14T23:55:23+05:30,"{""amount"":""Rs ___"",""mandate_status"":""active"",""period"":""monthly"",""razorpay_ids"":{""customer_id"":""cust_SEED00098"",""subscription_or_txn_id"":""sub_SEED000981""},""sku"":""diy""}"
EV0006893,P00098,state_enter_S3,O02,2026-07-14T23:55:23+05:30,"{""from_state"":""S2c"",""state"":""S3""}"
EV0006905,P00098,state_enter_S4,O02,2026-07-20T09:40:27+05:30,"{""from_state"":""S3"",""state"":""S4""}"
EV0006913,P00098,data_progress,D12a,2026-07-20T09:47:03+05:30,"{""pct_complete"":31,""step_id"":""family""}"
EV0006924,P00098,data_progress,D12b,2026-07-20T09:48:46+05:30,"{""pct_complete"":39,""step_id"":""risk""}"
EV0006930,P00098,data_progress,D12c,2026-07-20T09:50:53+05:30,"{""pct_complete"":40,""step_id"":""income""}"
EV0006951,P00098,data_progress,D12d,2026-07-20T09:56:41+05:30,"{""pct_complete"":48,""step_id"":""expenses""}"
EV0006975,P00098,data_progress,D12e,2026-07-20T10:04:03+05:30,"{""pct_complete"":67,""step_id"":""investments""}"
EV0006985,P00098,data_progress,D12f,2026-07-20T10:06:02+05:30,"{""pct_complete"":75,""step_id"":""loans""}"
EV0006996,P00098,data_progress,D12g,2026-07-20T10:08:53+05:30,"{""pct_complete"":83,""step_id"":""insurance""}"
EV0007008,P00098,data_progress,D12h,2026-07-20T10:14:04+05:30,"{""pct_complete"":90,""step_id"":""goals""}"
EV0007016,P00098,state_enter_S5,D10,2026-07-20T11:40:27+05:30,"{""from_state"":""S4"",""state"":""S5""}"
EV0007018,P00098,data_complete,D10,2026-07-20T12:06:38+05:30,{}
EV0007019,P00098,plan_built,D10,2026-07-20T12:07:50+05:30,"{""assumed_count"":1,""assumptions_version"":""A2"",""band_count"":10,""built_on"":""full"",""instrument_set_version"":""I1"",""plan_version"":""v1"",""unknown_count"":0}"
EV0007020,P00098,state_enter_S6,H01a,2026-07-20T12:07:50+05:30,"{""from_state"":""S5"",""state"":""S6""}"
EV0007023,P00098,plan_read,G03,2026-07-22T05:22:47+05:30,{}
EV0007024,P00098,state_enter_S8,H01b,2026-07-22T05:22:47+05:30,"{""from_state"":""S6"",""state"":""S8""}"
EV0007065,P00098,plan_updated,H05,2026-09-11T15:15:45+05:30,"{""from_version"":""v1"",""reason"":""publish"",""to_version"":""v2""}"
EV0007066,P00098,state_enter_S11,H01e,2026-09-11T15:15:45+05:30,"{""from_state"":""S8"",""state"":""S11""}"
EV0007071,P00098,update_accepted,H05,2026-09-15T21:00:02+05:30,"{""to_version"":""v2""}"
EV0007072,P00098,state_enter_S8,H01b,2026-09-15T21:00:02+05:30,"{""from_state"":""S11"",""state"":""S8""}"
EV0007078,P00099,signed_up,A03,2026-05-27T15:10:00+05:30,"{""device"":""android"",""phone"":""9000058148"",""source"":""community"",""whatsapp_optin"":true}"
EV0007079,P00099,state_enter_S1,R01,2026-05-27T15:10:00+05:30,"{""from_state"":null,""state"":""S1""}"
EV0007094,P00101,signed_up,A03,2026-05-23T12:02:18+05:30,"{""device"":""android"",""phone"":""9000062830"",""source"":""web_reveal"",""whatsapp_optin"":true}"
EV0007095,P00101,state_enter_S1,R01,2026-05-23T12:02:18+05:30,"{""from_state"":null,""state"":""S1""}"
EV0007113,P00104,signed_up,A03,2026-05-26T23:07:52+05:30,"{""device"":""android"",""phone"":""9000069804"",""source"":""corporate_session"",""whatsapp_optin"":true}"
EV0007114,P00104,state_enter_S1,R01,2026-05-26T23:07:52+05:30,"{""from_state"":null,""state"":""S1""}"
EV0007125,P00104,reveal_seen,R09,2026-05-27T04:26:01+05:30,"{""age_band"":""30 to 34"",""aspiration"":""Freedom"",""city"":""Hyderabad"",""corpus_band"":""5 to 25 lakhs"",""income_band"":""10 to 25 lakhs"",""journey_feel"":""Some hits and some misses, it has been mixed"",""path_now_band"":""5 to 10 Cr"",""path_yes_band"":""10 to 20 Cr"",""savings_band"":""More than 40%, I live well below my means""}"
EV0007126,P00104,state_enter_S2,X01,2026-05-27T04:26:01+05:30,"{""from_state"":""S1"",""state"":""S2""}"
EV0007130,P00104,paywall_viewed,P01,2026-05-27T04:30:34+05:30,"{""from_state"":""S2"",""sku_expanded"":""none""}"
EV0007138,P00107,signed_up,A03,2026-05-27T14:15:50+05:30,"{""device"":""android"",""phone"":""9000090601"",""source"":""web_reveal"",""whatsapp_optin"":true}"
EV0007139,P00107,state_enter_S1,R01,2026-05-27T14:15:50+05:30,"{""from_state"":null,""state"":""S1""}"
EV0007157,P00108,signed_up,A03,2026-05-24T18:58:40+05:30,"{""device"":""android"",""phone"":""9000092018"",""source"":""corporate_session"",""whatsapp_optin"":true}"
EV0007158,P00108,state_enter_S1,R01,2026-05-24T18:58:40+05:30,"{""from_state"":null,""state"":""S1""}"
EV0007168,P00111,signed_up,A03,2026-05-31T18:07:56+05:30,"{""device"":""ios"",""phone"":""9000029479"",""source"":""community"",""whatsapp_optin"":true}"
EV0007169,P00111,state_enter_S1,R01,2026-05-31T18:07:56+05:30,"{""from_state"":null,""state"":""S1""}"
EV0007181,P00111,reveal_seen,R09,2026-06-01T02:11:18+05:30,"{""age_band"":""30 to 34"",""aspiration"":""Family"",""city"":""Mumbai"",""corpus_band"":""25 lakhs to 1 crore"",""income_band"":""10 to 25 lakhs"",""journey_feel"":""Very good, mostly things have worked out well"",""path_now_band"":""10 to 20 Cr"",""path_yes_band"":""10 to 20 Cr"",""savings_band"":""More than 40%, I live well below my means""}"
EV0007182,P00111,state_enter_S2,X01,2026-06-01T02:11:18+05:30,"{""from_state"":""S1"",""state"":""S2""}"
EV0007202,P00113,signed_up,A03,2026-05-28T17:05:32+05:30,"{""device"":""ios"",""phone"":""9000078886"",""source"":""corporate_session"",""whatsapp_optin"":false}"
EV0007203,P00113,state_enter_S1,R01,2026-05-28T17:05:32+05:30,"{""from_state"":null,""state"":""S1""}"
EV0007215,P00113,reveal_seen,R09,2026-05-28T21:59:36+05:30,"{""age_band"":""30 to 34"",""aspiration"":""Legacy"",""city"":""Mumbai"",""corpus_band"":""5 to 25 lakhs"",""income_band"":""25 to 50 lakhs"",""journey_feel"":""Very good, mostly things have worked out well"",""path_now_band"":""10 to 20 Cr"",""path_yes_band"":""over 20 Cr"",""savings_band"":""More than 40%, I live well below my means""}"
EV0007216,P00113,state_enter_S2,X01,2026-05-28T21:59:36+05:30,"{""from_state"":""S1"",""state"":""S2""}"
EV0007222,P00115,signed_up,A03,2026-05-29T09:04:09+05:30,"{""device"":""android"",""phone"":""9000056428"",""source"":""web_reveal"",""whatsapp_optin"":true}"
EV0007223,P00115,state_enter_S1,R01,2026-05-29T09:04:09+05:30,"{""from_state"":null,""state"":""S1""}"
EV0007235,P00115,reveal_seen,R09,2026-05-30T02:57:54+05:30,"{""age_band"":""30 to 34"",""aspiration"":""Legacy"",""city"":""Ahmedabad"",""corpus_band"":""5 to 25 lakhs"",""income_band"":""10 to 25 lakhs"",""journey_feel"":null,""path_now_band"":""5 to 10 Cr"",""path_yes_band"":""10 to 20 Cr"",""savings_band"":""More than 40%, I live well below my means""}"
EV0007236,P00115,state_enter_S2,X01,2026-05-30T02:57:54+05:30,"{""from_state"":""S1"",""state"":""S2""}"
EV0007239,P00115,paywall_viewed,P01,2026-05-30T02:58:57+05:30,"{""from_state"":""S2"",""sku_expanded"":""diy""}"
EV0007249,P00120,signed_up,A03,2026-05-31T02:37:50+05:30,"{""device"":""android"",""phone"":""9000013736"",""source"":""organic"",""whatsapp_optin"":true}"
EV0007250,P00120,state_enter_S1,R01,2026-05-31T02:37:50+05:30,"{""from_state"":null,""state"":""S1""}"
EV0007263,P00120,reveal_seen,R09,2026-06-01T10:01:29+05:30,"{""age_band"":""30 to 34"",""aspiration"":""Security"",""city"":""Noida"",""corpus_band"":""5 to 25 lakhs"",""income_band"":""10 to 25 lakhs"",""journey_feel"":""Some hits and some misses, it has been mixed"",""path_now_band"":""5 to 10 Cr"",""path_yes_band"":""10 to 20 Cr"",""savings_band"":""Around 25%, meaningful amounts""}"
EV0007264,P00120,state_enter_S2,X01,2026-06-01T10:01:29+05:30,"{""from_state"":""S1"",""state"":""S2""}"
EV0007269,P00120,paywall_viewed,P01,2026-06-01T10:08:48+05:30,"{""from_state"":""S2"",""sku_expanded"":""none""}"
EV0007278,P00121,signed_up,A03,2026-05-30T10:37:10+05:30,"{""device"":""android"",""phone"":""9000094503"",""source"":""organic"",""whatsapp_optin"":true}"
EV0007279,P00121,state_enter_S1,R01,2026-05-30T10:37:10+05:30,"{""from_state"":null,""state"":""S1""}"
EV0007291,P00121,reveal_seen,R09,2026-05-30T13:18:59+05:30,"{""age_band"":""25 to 29"",""aspiration"":""Legacy"",""city"":""Delhi"",""corpus_band"":""5 to 25 lakhs"",""income_band"":""10 to 25 lakhs"",""journey_feel"":""Very good, mostly things have worked out well"",""path_now_band"":""5 to 10 Cr"",""path_yes_band"":""10 to 20 Cr"",""savings_band"":""Around 40%, some serious money""}"
EV0007292,P00121,state_enter_S2,X01,2026-05-30T13:18:59+05:30,"{""from_state"":""S1"",""state"":""S2""}"
EV0007301,P00123,signed_up,A03,2026-06-02T19:43:30+05:30,"{""device"":""android"",""phone"":""9000094236"",""source"":""corporate_session"",""whatsapp_optin"":false}"
EV0007302,P00123,state_enter_S1,R01,2026-06-02T19:43:30+05:30,"{""from_state"":null,""state"":""S1""}"
EV0007314,P00123,reveal_seen,R09,2026-06-02T21:48:18+05:30,"{""age_band"":""30 to 34"",""aspiration"":""Family"",""city"":""Mumbai"",""corpus_band"":""25 lakhs to 1 crore"",""income_band"":""25 to 50 lakhs"",""journey_feel"":""Some hits and some misses, it has been mixed"",""path_now_band"":""over 20 Cr"",""path_yes_band"":""over 20 Cr"",""savings_band"":""More than 40%, I live well below my means""}"
EV0007315,P00123,state_enter_S2,X01,2026-06-02T21:48:18+05:30,"{""from_state"":""S1"",""state"":""S2""}"
EV0007323,P00124,signed_up,A03,2026-06-05T09:30:48+05:30,"{""device"":""android"",""phone"":""9000038145"",""source"":""community"",""whatsapp_optin"":true}"
EV0007324,P00124,state_enter_S1,R01,2026-06-05T09:30:48+05:30,"{""from_state"":null,""state"":""S1""}"
EV0007334,P00126,signed_up,A03,2026-06-04T01:57:55+05:30,"{""device"":""android"",""phone"":""9000024457"",""source"":""corporate_session"",""whatsapp_optin"":true}"
EV0007335,P00126,state_enter_S1,R01,2026-06-04T01:57:55+05:30,"{""from_state"":null,""state"":""S1""}"
EV0007345,P00127,signed_up,A03,2026-06-03T06:42:59+05:30,"{""device"":""android"",""phone"":""9000031912"",""source"":""organic"",""whatsapp_optin"":true}"
EV0007346,P00127,state_enter_S1,R01,2026-06-03T06:42:59+05:30,"{""from_state"":null,""state"":""S1""}"
EV0007358,P00127,reveal_seen,R09,2026-06-03T10:55:50+05:30,"{""age_band"":""25 to 29"",""aspiration"":""Security"",""city"":""Bengaluru"",""corpus_band"":""5 to 25 lakhs"",""income_band"":""10 to 25 lakhs"",""journey_feel"":""Very good, mostly things have worked out well"",""path_now_band"":""5 to 10 Cr"",""path_yes_band"":""10 to 20 Cr"",""savings_band"":""More than 40%, I live well below my means""}"
EV0007359,P00127,state_enter_S2,X01,2026-06-03T10:55:50+05:30,"{""from_state"":""S1"",""state"":""S2""}"
EV0007363,P00127,paywall_viewed,P01,2026-06-03T10:59:28+05:30,"{""from_state"":""S2"",""sku_expanded"":""diy""}"
EV0007373,P00129,signed_up,A03,2026-06-04T20:21:17+05:30,"{""device"":""android"",""phone"":""9000079776"",""source"":""organic"",""whatsapp_optin"":false}"
EV0007374,P00129,state_enter_S1,R01,2026-06-04T20:21:17+05:30,"{""from_state"":null,""state"":""S1""}"
EV0007385,P00129,reveal_seen,R09,2026-06-04T21:05:29+05:30,"{""age_band"":""40 to 44"",""aspiration"":""Legacy"",""city"":""Delhi"",""corpus_band"":""25 lakhs to 1 crore"",""income_band"":""50 lakhs to 1 crore"",""journey_feel"":""Some hits and some misses, it has been mixed"",""path_now_band"":""10 to 20 Cr"",""path_yes_band"":""over 20 Cr"",""savings_band"":""More than 40%, I live well below my means""}"
EV0007386,P00129,state_enter_S2,X01,2026-06-04T21:05:29+05:30,"{""from_state"":""S1"",""state"":""S2""}"
EV0007390,P00129,paywall_viewed,P01,2026-06-04T21:09:45+05:30,"{""from_state"":""S2"",""sku_expanded"":""none""}"
EV0007397,P00136,signed_up,A03,2026-06-06T02:17:14+05:30,"{""device"":""android"",""phone"":""9000064932"",""source"":""corporate_session"",""whatsapp_optin"":true}"
EV0007398,P00136,state_enter_S1,R01,2026-06-06T02:17:14+05:30,"{""from_state"":null,""state"":""S1""}"
EV0007409,P00136,reveal_seen,R09,2026-06-06T08:40:21+05:30,"{""age_band"":""25 to 29"",""aspiration"":""Family"",""city"":""Delhi"",""corpus_band"":""25 lakhs to 1 crore"",""income_band"":""50 lakhs to 1 crore"",""journey_feel"":""Not so good, I can do better"",""path_now_band"":""over 20 Cr"",""path_yes_band"":""over 20 Cr"",""savings_band"":""More than 40%, I live well below my means""}"
EV0007410,P00136,state_enter_S2,X01,2026-06-06T08:40:21+05:30,"{""from_state"":""S1"",""state"":""S2""}"
EV0007416,P00139,signed_up,A03,2026-06-06T18:59:09+05:30,"{""device"":""android"",""phone"":""9000045435"",""source"":""corporate_session"",""whatsapp_optin"":true}"
EV0007417,P00139,state_enter_S1,R01,2026-06-06T18:59:09+05:30,"{""from_state"":null,""state"":""S1""}"
EV0007429,P00139,reveal_seen,R09,2026-06-07T07:32:35+05:30,"{""age_band"":""30 to 34"",""aspiration"":""Security"",""city"":""Ahmedabad"",""corpus_band"":""1 to 5 crores"",""income_band"":""10 to 25 lakhs"",""journey_feel"":""Very good, mostly things have worked out well"",""path_now_band"":""10 to 20 Cr"",""path_yes_band"":""10 to 20 Cr"",""savings_band"":""More than 40%, I live well below my means""}"
EV0007430,P00139,state_enter_S2,X01,2026-06-07T07:32:35+05:30,"{""from_state"":""S1"",""state"":""S2""}"
EV0007439,P00140,signed_up,A03,2026-06-06T18:06:56+05:30,"{""device"":""android"",""phone"":""9000050060"",""source"":""corporate_session"",""whatsapp_optin"":true}"
EV0007440,P00140,state_enter_S1,R01,2026-06-06T18:06:56+05:30,"{""from_state"":null,""state"":""S1""}"
EV0007451,P00140,reveal_seen,R09,2026-06-06T18:14:08+05:30,"{""age_band"":""30 to 34"",""aspiration"":""Freedom"",""city"":""Bengaluru"",""corpus_band"":""5 to 25 lakhs"",""income_band"":""10 to 25 lakhs"",""journey_feel"":""Some hits and some misses, it has been mixed"",""path_now_band"":""5 to 10 Cr"",""path_yes_band"":""10 to 20 Cr"",""savings_band"":""Around 25%, meaningful amounts""}"
EV0007452,P00140,state_enter_S2,X01,2026-06-06T18:14:08+05:30,"{""from_state"":""S1"",""state"":""S2""}"
EV0007462,P00141,signed_up,A03,2026-06-09T00:25:24+05:30,"{""device"":""ios"",""phone"":""9000082689"",""source"":""community"",""whatsapp_optin"":true}"
EV0007463,P00141,state_enter_S1,R01,2026-06-09T00:25:24+05:30,"{""from_state"":null,""state"":""S1""}"
EV0007474,P00141,reveal_seen,R09,2026-06-09T08:21:38+05:30,"{""age_band"":""30 to 34"",""aspiration"":""Freedom"",""city"":""Pune"",""corpus_band"":""5 to 25 lakhs"",""income_band"":""10 to 25 lakhs"",""journey_feel"":""Some hits and some misses, it has been mixed"",""path_now_band"":""5 to 10 Cr"",""path_yes_band"":""10 to 20 Cr"",""savings_band"":""Around 40%, some serious money""}"
EV0007475,P00141,state_enter_S2,X01,2026-06-09T08:21:38+05:30,"{""from_state"":""S1"",""state"":""S2""}"
EV0007483,P00142,signed_up,A03,2026-06-15T18:02:18+05:30,"{""device"":""android"",""phone"":""9000062521"",""source"":""community"",""whatsapp_optin"":true}"
EV0007484,P00142,state_enter_S1,R01,2026-06-15T18:02:18+05:30,"{""from_state"":null,""state"":""S1""}"
EV0007499,P00142,reveal_seen,R09,2026-06-16T22:05:10+05:30,"{""age_band"":""30 to 34"",""aspiration"":""Freedom"",""city"":""Kolkata"",""corpus_band"":""5 to 25 lakhs"",""income_band"":""10 to 25 lakhs"",""journey_feel"":""Not so good, I can do better"",""path_now_band"":""5 to 10 Cr"",""path_yes_band"":""10 to 20 Cr"",""savings_band"":""Around 40%, some serious money""}"
EV0007500,P00142,state_enter_S2,X01,2026-06-16T22:05:10+05:30,"{""from_state"":""S1"",""state"":""S2""}"
EV0007504,P00142,paywall_viewed,P01,2026-06-16T22:08:44+05:30,"{""from_state"":""S2"",""sku_expanded"":""none""}"
EV0007510,P00143,signed_up,A03,2026-06-06T17:41:42+05:30,"{""device"":""android"",""phone"":""9000016070"",""source"":""community"",""whatsapp_optin"":true}"
EV0007511,P00143,state_enter_S1,R01,2026-06-06T17:41:42+05:30,"{""from_state"":null,""state"":""S1""}"
EV0007522,P00143,reveal_seen,R09,2026-06-06T18:21:38+05:30,"{""age_band"":""30 to 34"",""aspiration"":""Legacy"",""city"":""Ahmedabad"",""corpus_band"":""25 lakhs to 1 crore"",""income_band"":""10 to 25 lakhs"",""journey_feel"":""Very good, mostly things have worked out well"",""path_now_band"":""10 to 20 Cr"",""path_yes_band"":""over 20 Cr"",""savings_band"":""More than 40%, I live well below my means""}"
EV0007523,P00143,state_enter_S2,X01,2026-06-06T18:21:38+05:30,"{""from_state"":""S1"",""state"":""S2""}"
EV0007527,P00143,paywall_viewed,P01,2026-06-06T18:26:08+05:30,"{""from_state"":""S2"",""sku_expanded"":""diy""}"
EV0007537,P00144,signed_up,A03,2026-06-07T08:45:08+05:30,"{""device"":""android"",""phone"":""9000049344"",""source"":""corporate_session"",""whatsapp_optin"":true}"
EV0007538,P00144,state_enter_S1,R01,2026-06-07T08:45:08+05:30,"{""from_state"":null,""state"":""S1""}"
EV0007550,P00144,reveal_seen,R09,2026-06-07T22:22:35+05:30,"{""age_band"":""35 to 39"",""aspiration"":""Legacy"",""city"":""Delhi"",""corpus_band"":""Over 5 crores"",""income_band"":""50 lakhs to 1 crore"",""journey_feel"":null,""path_now_band"":""10 to 20 Cr"",""path_yes_band"":""over 20 Cr"",""savings_band"":""Around 40%, some serious money""}"
EV0007551,P00144,state_enter_S2,X01,2026-06-07T22:22:35+05:30,"{""from_state"":""S1"",""state"":""S2""}"
EV0007556,P00144,ticket_created,H07,2026-08-28T19:31:12+05:30,"{""category"":""support"",""ticket_id"":""TK-004361""}"
EV0007560,P00145,signed_up,A03,2026-06-07T23:35:28+05:30,"{""device"":""android"",""phone"":""9000024082"",""source"":""corporate_session"",""whatsapp_optin"":true}"
EV0007561,P00145,state_enter_S1,R01,2026-06-07T23:35:28+05:30,"{""from_state"":null,""state"":""S1""}"
EV0007573,P00145,reveal_seen,R09,2026-06-08T11:54:19+05:30,"{""age_band"":""30 to 34"",""aspiration"":""Generosity"",""city"":""Pune"",""corpus_band"":""5 to 25 lakhs"",""income_band"":""10 to 25 lakhs"",""journey_feel"":""Some hits and some misses, it has been mixed"",""path_now_band"":""5 to 10 Cr"",""path_yes_band"":""10 to 20 Cr"",""savings_band"":""More than 40%, I live well below my means""}"
EV0007574,P00145,state_enter_S2,X01,2026-06-08T11:54:19+05:30,"{""from_state"":""S1"",""state"":""S2""}"
EV0007577,P00145,paywall_viewed,P01,2026-06-08T11:56:06+05:30,"{""from_state"":""S2"",""sku_expanded"":""none""}"
EV0007583,P00147,signed_up,A03,2026-06-12T05:48:26+05:30,"{""device"":""android"",""phone"":""9000051992"",""source"":""corporate_session"",""whatsapp_optin"":true}"
EV0007584,P00147,state_enter_S1,R01,2026-06-12T05:48:26+05:30,"{""from_state"":null,""state"":""S1""}"
EV0007596,P00148,signed_up,A03,2026-06-07T20:28:20+05:30,"{""device"":""android"",""phone"":""9000037130"",""source"":""web_reveal"",""whatsapp_optin"":false}"
EV0007597,P00148,state_enter_S1,R01,2026-06-07T20:28:20+05:30,"{""from_state"":null,""state"":""S1""}"
EV0007608,P00151,signed_up,A03,2026-06-10T20:03:53+05:30,"{""device"":""android"",""phone"":""9000035123"",""source"":""community"",""whatsapp_optin"":true}"
EV0007609,P00151,state_enter_S1,R01,2026-06-10T20:03:53+05:30,"{""from_state"":null,""state"":""S1""}"
EV0007620,P00151,reveal_seen,R09,2026-06-11T03:59:06+05:30,"{""age_band"":""40 to 44"",""aspiration"":""Security"",""city"":""Hyderabad"",""corpus_band"":""1 to 5 crores"",""income_band"":""25 to 50 lakhs"",""journey_feel"":""Some hits and some misses, it has been mixed"",""path_now_band"":""10 to 20 Cr"",""path_yes_band"":""over 20 Cr"",""savings_band"":""More than 40%, I live well below my means""}"
EV0007621,P00151,state_enter_S2,X01,2026-06-11T03:59:06+05:30,"{""from_state"":""S1"",""state"":""S2""}"
EV0007626,P00151,paywall_viewed,P01,2026-06-11T04:05:06+05:30,"{""from_state"":""S2"",""sku_expanded"":""diwm""}"
EV0007636,P00155,signed_up,A03,2026-06-12T18:35:52+05:30,"{""device"":""android"",""phone"":""9000040482"",""source"":""community"",""whatsapp_optin"":true}"
EV0007637,P00155,state_enter_S1,R01,2026-06-12T18:35:52+05:30,"{""from_state"":null,""state"":""S1""}"
EV0007648,P00155,reveal_seen,R09,2026-06-12T18:57:23+05:30,"{""age_band"":""30 to 34"",""aspiration"":""Legacy"",""city"":""Mumbai"",""corpus_band"":""25 lakhs to 1 crore"",""income_band"":""25 to 50 lakhs"",""journey_feel"":null,""path_now_band"":""over 20 Cr"",""path_yes_band"":""over 20 Cr"",""savings_band"":""More than 40%, I live well below my means""}"
EV0007649,P00155,state_enter_S2,X01,2026-06-12T18:57:23+05:30,"{""from_state"":""S1"",""state"":""S2""}"
EV0007660,P00156,signed_up,A03,2026-06-12T19:49:44+05:30,"{""device"":""android"",""phone"":""9000014354"",""source"":""community"",""whatsapp_optin"":true}"
EV0007661,P00156,state_enter_S1,R01,2026-06-12T19:49:44+05:30,"{""from_state"":null,""state"":""S1""}"
EV0007673,P00156,reveal_seen,R09,2026-06-12T21:52:15+05:30,"{""age_band"":""30 to 34"",""aspiration"":""Security"",""city"":""Jaipur"",""corpus_band"":""25 lakhs to 1 crore"",""income_band"":""10 to 25 lakhs"",""journey_feel"":""Some hits and some misses, it has been mixed"",""path_now_band"":""10 to 20 Cr"",""path_yes_band"":""over 20 Cr"",""savings_band"":""More than 40%, I live well below my means""}"
EV0007674,P00156,state_enter_S2,X01,2026-06-12T21:52:15+05:30,"{""from_state"":""S1"",""state"":""S2""}"
EV0007678,P00156,paywall_viewed,P01,2026-06-15T13:33:22+05:30,"{""from_state"":""S2"",""sku_expanded"":""diwm""}"
EV0007680,P00156,state_enter_S2b,P03,2026-06-15T13:33:52+05:30,"{""from_state"":""S2"",""state"":""S2b""}"
EV0007682,P00156,esign_done,P03,2026-06-15T13:38:17+05:30,"{""agreement_version"":""AGR v1 (to be verified: agreement template versions)"",""esign_ref"":""ESIGN-SEED-003476""}"
EV0007683,P00156,state_enter_S2c,P04,2026-06-15T13:38:17+05:30,"{""from_state"":""S2b"",""state"":""S2c""}"
EV0007685,P00156,paid,P05,2026-06-15T13:42:42+05:30,"{""amount"":""Rs ___"",""mandate_status"":""active"",""period"":""monthly"",""razorpay_ids"":{""customer_id"":""cust_SEED00156"",""subscription_or_txn_id"":""sub_SEED001561""},""sku"":""diwm""}"
EV0007686,P00156,state_enter_S3,O02,2026-06-15T13:42:42+05:30,"{""from_state"":""S2c"",""state"":""S3""}"
EV0007696,P00156,state_enter_S17,A10a,2026-06-17T05:06:04+05:30,"{""from_state"":""S3"",""state"":""S17""}"
EV0007701,P00156,state_enter_S3,O02,2026-06-18T06:03:58+05:30,"{""from_state"":""S17"",""state"":""S3""}"
EV0007705,P00156,state_enter_S4,O02,2026-06-18T06:07:17+05:30,"{""from_state"":""S3"",""state"":""S4""}"
EV0007712,P00156,data_progress,D12a,2026-06-18T06:13:27+05:30,"{""pct_complete"":29,""step_id"":""family""}"
EV0007723,P00156,data_progress,D12b,2026-06-18T06:14:57+05:30,"{""pct_complete"":37,""step_id"":""risk""}"
EV0007742,P00156,data_progress,D12c,2026-06-21T20:17:19+05:30,"{""pct_complete"":44,""step_id"":""income""}"
EV0007761,P00156,data_progress,D12d,2026-06-21T20:22:24+05:30,"{""pct_complete"":51,""step_id"":""expenses""}"
EV0007784,P00156,data_progress,D12e,2026-06-24T08:59:56+05:30,"{""pct_complete"":70,""step_id"":""investments""}"
EV0007787,P00156,data_progress,D12f,2026-06-24T09:00:19+05:30,"{""pct_complete"":78,""step_id"":""loans""}"
EV0007804,P00156,data_progress,D12g,2026-06-24T09:05:20+05:30,"{""pct_complete"":85,""step_id"":""insurance""}"
EV0007816,P00156,data_progress,D12h,2026-06-24T09:09:22+05:30,"{""pct_complete"":93,""step_id"":""goals""}"
EV0007824,P00156,state_enter_S5,D10,2026-06-24T09:11:19+05:30,"{""from_state"":""S4"",""state"":""S5""}"
EV0007826,P00156,data_complete,D10,2026-06-24T09:22:57+05:30,{}
EV0007827,P00156,plan_built,D10,2026-06-24T09:24:20+05:30,"{""assumed_count"":0,""assumptions_version"":""A1"",""band_count"":7,""built_on"":""full"",""instrument_set_version"":""I1"",""plan_version"":""v1"",""unknown_count"":2}"
EV0007828,P00156,state_enter_S6,H01a,2026-06-24T09:24:20+05:30,"{""from_state"":""S5"",""state"":""S6""}"
EV0007831,P00156,plan_read,G03,2026-06-24T13:09:50+05:30,{}
EV0007832,P00156,state_enter_S8,H01b,2026-06-24T13:09:50+05:30,"{""from_state"":""S6"",""state"":""S8""}"
EV0007843,P00156,pdf_downloaded,G10,2026-06-24T13:25:01+05:30,"{""plan_version"":""v1""}"
EV0007858,P00156,plan_updated,H05,2026-07-10T10:36:27+05:30,"{""from_version"":""v1"",""reason"":""publish"",""to_version"":""v2""}"
EV0007859,P00156,state_enter_S11,H01e,2026-07-10T10:36:27+05:30,"{""from_state"":""S8"",""state"":""S11""}"
EV0007861,P00156,update_accepted,H05,2026-07-12T12:44:29+05:30,"{""to_version"":""v2""}"
EV0007862,P00156,state_enter_S8,H01b,2026-07-12T12:44:29+05:30,"{""from_state"":""S11"",""state"":""S8""}"
EV0007880,P00156,plan_updated,H05,2026-08-07T04:58:57+05:30,"{""from_version"":""v2"",""reason"":""sharpen"",""to_version"":""v3""}"
EV0007882,P00156,update_accepted,H05,2026-08-07T04:59:27+05:30,"{""to_version"":""v3""}"
EV0007889,P00156,plan_updated,H05,2026-08-07T05:12:33+05:30,"{""from_version"":""v3"",""reason"":""sharpen"",""to_version"":""v4""}"
EV0007891,P00156,update_accepted,H05,2026-08-07T05:13:03+05:30,"{""to_version"":""v4""}"
EV0007898,P00156,plan_updated,H05,2026-08-07T05:32:26+05:30,"{""from_version"":""v4"",""reason"":""sharpen"",""to_version"":""v5""}"
EV0007900,P00156,update_accepted,H05,2026-08-07T05:32:56+05:30,"{""to_version"":""v5""}"
EV0007907,P00156,payment_failed,Q03b,2026-08-14T13:42:42+05:30,"{""grace_until"":""2026-08-21""}"
EV0007908,P00156,state_enter_S12,H01f,2026-08-14T13:42:42+05:30,"{""from_state"":""S8"",""state"":""S12""}"
EV0007912,P00156,lapsed,Q03c,2026-08-21T13:42:42+05:30,"{""reason"":""payment not recovered in grace""}"
EV0007913,P00156,state_enter_S13,H01g,2026-08-21T13:42:42+05:30,"{""from_state"":""S12"",""state"":""S13""}"
EV0007914,P00156,plan_updated,H05,2026-09-11T10:50:51+05:30,"{""from_version"":""v5"",""reason"":""publish"",""to_version"":""v6""}"
EV0007919,P00156,call_booked,K01,2026-09-12T16:00:09+05:30,"{""adviser_id"":""adv01"",""slot"":""2026-09-14T18:00:00+05:30"",""summary"":""call booked: my numbers"",""tier"":""diwm"",""topic"":""My numbers""}"
EV0007921,P00156,no_show,K01,2026-09-14T18:20:00+05:30,"{""adviser_id"":""adv01"",""slot"":""2026-09-14T18:00:00+05:30"",""summary"":""client did not join""}"
EV0007924,P00156,update_accepted,H05,2026-09-16T09:40:03+05:30,"{""to_version"":""v6""}"
EV0007927,P00156,call_booked,K01,2026-09-16T16:32:57+05:30,"{""adviser_id"":""adv02"",""slot"":""2026-09-19T18:00:00+05:30"",""summary"":""call booked: my numbers"",""tier"":""diwm"",""topic"":""My numbers""}"
EV0007930,P00156,resubscribed,Q03,2026-09-16T18:44:32+05:30,"{""amount"":""Rs ___"",""mandate_status"":""active"",""period"":""monthly"",""razorpay_ids"":{""customer_id"":""cust_SEED00156"",""subscription_or_txn_id"":""sub_SEED001562""},""reason"":""resubscribed after lapse"",""sku"":""diwm""}"
EV0007931,P00156,state_enter_S7,K02,2026-09-16T18:44:32+05:30,"{""from_state"":""S13"",""state"":""S7""}"
EV0007932,P00156,no_show,K01,2026-09-19T18:20:00+05:30,"{""adviser_id"":""adv02"",""slot"":""2026-09-19T18:00:00+05:30"",""summary"":""client did not join""}"
EV0007934,P00156,state_enter_S20,K01,2026-09-19T18:20:00+05:30,"{""from_state"":""S7"",""state"":""S20""}"
EV0007937,P00156,review_due,Q01,2026-09-22T09:24:20+05:30,"{""review_id"":""RV-00495-1""}"
EV0007941,P00157,signed_up,A03,2026-06-11T10:41:22+05:30,"{""device"":""android"",""phone"":""9000057428"",""source"":""community"",""whatsapp_optin"":true}"
EV0007942,P00157,state_enter_S1,R01,2026-06-11T10:41:22+05:30,"{""from_state"":null,""state"":""S1""}"
EV0007954,P00157,reveal_seen,R09,2026-06-11T20:27:17+05:30,"{""age_band"":""25 to 29"",""aspiration"":""Legacy"",""city"":""Bengaluru"",""corpus_band"":""5 to 25 lakhs"",""income_band"":""10 to 25 lakhs"",""journey_feel"":null,""path_now_band"":""5 to 10 Cr"",""path_yes_band"":""10 to 20 Cr"",""savings_band"":""Around 40%, some serious money""}"
EV0007955,P00157,state_enter_S2,X01,2026-06-11T20:27:17+05:30,"{""from_state"":""S1"",""state"":""S2""}"
EV0007969,P00158,signed_up,A03,2026-06-17T12:23:23+05:30,"{""device"":""ios"",""phone"":""9000030810"",""source"":""organic"",""whatsapp_optin"":true}"
EV0007970,P00158,state_enter_S1,R01,2026-06-17T12:23:23+05:30,"{""from_state"":null,""state"":""S1""}"
EV0007982,P00158,reveal_seen,R09,2026-06-17T22:02:19+05:30,"{""age_band"":""30 to 34"",""aspiration"":""Family"",""city"":""Noida"",""corpus_band"":""5 to 25 lakhs"",""income_band"":""25 to 50 lakhs"",""journey_feel"":""Not so good, I can do better"",""path_now_band"":""10 to 20 Cr"",""path_yes_band"":""over 20 Cr"",""savings_band"":""More than 40%, I live well below my means""}"
EV0007983,P00158,state_enter_S2,X01,2026-06-17T22:02:19+05:30,"{""from_state"":""S1"",""state"":""S2""}"
EV0007986,P00158,paywall_viewed,P01,2026-06-20T14:59:20+05:30,"{""from_state"":""S2"",""sku_expanded"":""diy""}"
EV0007988,P00158,state_enter_S2b,P03,2026-06-20T14:59:50+05:30,"{""from_state"":""S2"",""state"":""S2b""}"
EV0007990,P00158,esign_done,P03,2026-06-20T15:01:57+05:30,"{""agreement_version"":""AGR v1 (to be verified: agreement template versions)"",""esign_ref"":""ESIGN-SEED-003378""}"
EV0007991,P00158,state_enter_S2c,P04,2026-06-20T15:01:57+05:30,"{""from_state"":""S2b"",""state"":""S2c""}"
EV0007993,P00158,paid,P05,2026-06-20T15:04:05+05:30,"{""amount"":""Rs ___"",""mandate_status"":""none (charged per period)"",""period"":""quarterly"",""razorpay_ids"":{""customer_id"":""cust_SEED00158"",""subscription_or_txn_id"":""pay_SEED001581""},""sku"":""diy""}"
EV0007994,P00158,state_enter_S3,O02,2026-06-20T15:04:05+05:30,"{""from_state"":""S2c"",""state"":""S3""}"
EV0008002,P00158,aa_connected,A06,2026-06-20T15:18:01+05:30,"{""consent_expiry"":""2026-09-18"",""institutions_failed"":[""KFintech""],""institutions_ok"":[""Bank 5"",""Bank 2""]}"
EV0008009,P00158,state_enter_S4,O02,2026-06-22T11:29:30+05:30,"{""from_state"":""S3"",""state"":""S4""}"
EV0008014,P00158,data_progress,D12a,2026-06-22T11:33:15+05:30,"{""pct_complete"":29,""step_id"":""family""}"
EV0008025,P00158,data_progress,D12b,2026-06-22T11:34:43+05:30,"{""pct_complete"":37,""step_id"":""risk""}"
EV0008039,P00158,data_progress,D12c,2026-06-22T11:38:52+05:30,"{""pct_complete"":44,""step_id"":""income""}"
EV0008054,P00158,data_progress,D12d,2026-06-22T11:42:32+05:30,"{""pct_complete"":52,""step_id"":""expenses""}"
EV0008073,P00158,data_progress,D12e,2026-06-22T11:47:53+05:30,"{""pct_complete"":70,""step_id"":""investments""}"
EV0008083,P00158,data_progress,D12f,2026-06-22T11:50:47+05:30,"{""pct_complete"":78,""step_id"":""loans""}"
EV0008095,P00158,data_progress,D12g,2026-06-22T11:53:06+05:30,"{""pct_complete"":87,""step_id"":""insurance""}"
EV0008098,P00158,state_enter_S19,O02,2026-06-29T11:29:30+05:30,"{""from_state"":""S4"",""state"":""S19""}"
EV0008108,P00158,data_progress,D12h,2026-07-05T07:22:56+05:30,"{""pct_complete"":94,""step_id"":""goals""}"
EV0008115,P00158,state_enter_S5,D10,2026-07-05T07:26:34+05:30,"{""from_state"":""S19"",""state"":""S5""}"
EV0008117,P00158,data_complete,D10,2026-07-05T07:47:46+05:30,{}
EV0008118,P00158,plan_built,D10,2026-07-05T07:48:46+05:30,"{""assumed_count"":0,""assumptions_version"":""A1"",""band_count"":5,""built_on"":""full"",""instrument_set_version"":""I1"",""plan_version"":""v1"",""unknown_count"":0}"
EV0008119,P00158,state_enter_S6,H01a,2026-07-05T07:48:46+05:30,"{""from_state"":""S5"",""state"":""S6""}"
EV0008122,P00158,plan_read,G03,2026-07-05T09:21:10+05:30,{}
EV0008123,P00158,state_enter_S8,H01b,2026-07-05T09:21:10+05:30,"{""from_state"":""S6"",""state"":""S8""}"
EV0008134,P00158,plan_updated,H05,2026-07-10T19:42:46+05:30,"{""from_version"":""v1"",""reason"":""publish"",""to_version"":""v2""}"
EV0008135,P00158,state_enter_S11,H01e,2026-07-10T19:42:46+05:30,"{""from_state"":""S8"",""state"":""S11""}"
EV0008137,P00158,update_accepted,H05,2026-07-12T02:10:12+05:30,"{""to_version"":""v2""}"
EV0008138,P00158,state_enter_S8,H01b,2026-07-12T02:10:12+05:30,"{""from_state"":""S11"",""state"":""S8""}"
EV0008145,P00158,state_enter_S9,H01c,2026-07-20T14:24:16+05:30,"{""from_state"":""S8"",""state"":""S9""}"
EV0008159,P00158,action_done,E06,2026-07-28T19:55:28+05:30,"{""done_count"":1,""total_count"":7,""verification"":""platform"",""verified"":true}"
EV0008173,P00158,action_done,E06,2026-08-09T06:20:27+05:30,"{""done_count"":2,""total_count"":7,""verification"":""platform"",""verified"":true}"
EV0008195,P00158,action_done,E06,2026-09-08T02:15:58+05:30,"{""done_count"":3,""total_count"":7,""verification"":""self_reported"",""verified"":false}"
EV0008198,P00158,plan_updated,H05,2026-09-11T12:29:21+05:30,"{""from_version"":""v2"",""reason"":""publish"",""to_version"":""v3""}"
EV0008199,P00158,state_enter_S11,H01e,2026-09-11T12:29:21+05:30,"{""from_state"":""S9"",""state"":""S11""}"
EV0008204,P00158,aa_connected,A06,2026-09-16T09:10:12+05:30,"{""consent_expiry"":""2026-12-15"",""institutions_failed"":[],""institutions_ok"":[""Bank 5"",""Bank 2""],""renewal"":true}"
EV0008206,P00158,update_accepted,H05,2026-09-17T18:29:26+05:30,"{""to_version"":""v3""}"
EV0008207,P00158,state_enter_S9,H01c,2026-09-17T18:29:26+05:30,"{""from_state"":""S11"",""state"":""S9""}"
EV0008208,P00158,payment_failed,Q03b,2026-09-18T15:04:05+05:30,"{""grace_until"":""2026-09-25""}"
EV0008209,P00158,state_enter_S12,H01f,2026-09-18T15:04:05+05:30,"{""from_state"":""S9"",""state"":""S12""}"
EV0008221,P00160,signed_up,A03,2026-06-22T06:34:02+05:30,"{""device"":""android"",""phone"":""9000027539"",""source"":""community"",""whatsapp_optin"":true}"
EV0008222,P00160,state_enter_S1,R01,2026-06-22T06:34:02+05:30,"{""from_state"":null,""state"":""S1""}"
EV0008234,P00160,reveal_seen,R09,2026-06-22T23:21:33+05:30,"{""age_band"":""35 to 39"",""aspiration"":""Family"",""city"":""Gurugram"",""corpus_band"":""25 lakhs to 1 crore"",""income_band"":""25 to 50 lakhs"",""journey_feel"":""Very good, mostly things have worked out well"",""path_now_band"":""5 to 10 Cr"",""path_yes_band"":""10 to 20 Cr"",""savings_band"":""Around 25%, meaningful amounts""}"
EV0008235,P00160,state_enter_S2,X01,2026-06-22T23:21:33+05:30,"{""from_state"":""S1"",""state"":""S2""}"
EV0008239,P00160,paywall_viewed,P01,2026-06-22T23:24:57+05:30,"{""from_state"":""S2"",""sku_expanded"":""none""}"
EV0008252,P00162,signed_up,A03,2026-06-21T01:33:58+05:30,"{""device"":""android"",""phone"":""9000012882"",""source"":""corporate_session"",""whatsapp_optin"":true}"
EV0008253,P00162,state_enter_S1,R01,2026-06-21T01:33:58+05:30,"{""from_state"":null,""state"":""S1""}"
EV0008264,P00162,reveal_seen,R09,2026-06-21T08:34:43+05:30,"{""age_band"":""30 to 34"",""aspiration"":""Freedom"",""city"":""Bengaluru"",""corpus_band"":""5 to 25 lakhs"",""income_band"":""Under 10 lakhs"",""journey_feel"":""Some hits and some misses, it has been mixed"",""path_now_band"":""2 to 5 Cr"",""path_yes_band"":""5 to 10 Cr"",""savings_band"":""Around 10%, small consistent chunks""}"
EV0008265,P00162,state_enter_S2,X01,2026-06-21T08:34:43+05:30,"{""from_state"":""S1"",""state"":""S2""}"
EV0008269,P00162,paywall_viewed,P01,2026-06-21T08:40:24+05:30,"{""from_state"":""S2"",""sku_expanded"":""diwm""}"
EV0008275,P00164,signed_up,A03,2026-06-16T07:53:46+05:30,"{""device"":""android"",""phone"":""9000025728"",""source"":""organic"",""whatsapp_optin"":true}"
EV0008276,P00164,state_enter_S1,R01,2026-06-16T07:53:46+05:30,"{""from_state"":null,""state"":""S1""}"
EV0008288,P00164,reveal_seen,R09,2026-06-17T07:00:45+05:30,"{""age_band"":""25 to 29"",""aspiration"":""Security"",""city"":""Mumbai"",""corpus_band"":""5 to 25 lakhs"",""income_band"":""25 to 50 lakhs"",""journey_feel"":""Very good, mostly things have worked out well"",""path_now_band"":""10 to 20 Cr"",""path_yes_band"":""over 20 Cr"",""savings_band"":""More than 40%, I live well below my means""}"
EV0008289,P00164,state_enter_S2,X01,2026-06-17T07:00:45+05:30,"{""from_state"":""S1"",""state"":""S2""}"
EV0008291,P00164,paywall_viewed,P01,2026-06-17T07:49:43+05:30,"{""from_state"":""S2"",""sku_expanded"":""diy""}"
EV0008293,P00164,state_enter_S2b,P03,2026-06-17T07:50:13+05:30,"{""from_state"":""S2"",""state"":""S2b""}"
EV0008295,P00164,esign_done,P03,2026-06-17T07:55:39+05:30,"{""agreement_version"":""AGR v1 (to be verified: agreement template versions)"",""esign_ref"":""ESIGN-SEED-003427""}"
EV0008296,P00164,state_enter_S2c,P04,2026-06-17T07:55:39+05:30,"{""from_state"":""S2b"",""state"":""S2c""}"
EV0008298,P00164,paid,P05,2026-06-17T08:01:05+05:30,"{""amount"":""Rs ___"",""mandate_status"":""none (charged per period)"",""period"":""monthly"",""razorpay_ids"":{""customer_id"":""cust_SEED00164"",""subscription_or_txn_id"":""pay_SEED001641""},""sku"":""diy""}"
EV0008299,P00164,state_enter_S3,O02,2026-06-17T08:01:05+05:30,"{""from_state"":""S2c"",""state"":""S3""}"
EV0008307,P00164,aa_connected,A06,2026-06-18T03:19:49+05:30,"{""consent_expiry"":""2026-09-16"",""institutions_failed"":[],""institutions_ok"":[""Bank 2"",""KFintech"",""NPS CRA""]}"
EV0008310,P00164,state_enter_S4,O02,2026-06-18T03:24:02+05:30,"{""from_state"":""S3"",""state"":""S4""}"
EV0008314,P00164,data_progress,D12a,2026-06-18T03:26:16+05:30,"{""pct_complete"":29,""step_id"":""family""}"
EV0008325,P00164,data_progress,D12b,2026-06-18T03:27:49+05:30,"{""pct_complete"":37,""step_id"":""risk""}"
EV0008336,P00164,data_progress,D12c,2026-06-18T03:30:27+05:30,"{""pct_complete"":44,""step_id"":""income""}"
EV0008352,P00164,data_progress,D12d,2026-06-18T03:34:10+05:30,"{""pct_complete"":52,""step_id"":""expenses""}"
EV0008361,P00164,data_progress,D12e,2026-06-18T03:37:34+05:30,"{""pct_complete"":71,""step_id"":""investments""}"
EV0008364,P00164,data_progress,D12f,2026-06-18T03:38:00+05:30,"{""pct_complete"":79,""step_id"":""loans""}"
EV0008377,P00164,data_progress,D12g,2026-06-18T03:42:18+05:30,"{""pct_complete"":87,""step_id"":""insurance""}"
EV0008383,P00164,data_progress,D12h,2026-06-18T03:44:28+05:30,"{""pct_complete"":95,""step_id"":""goals""}"
EV0008388,P00164,state_enter_S19,O02,2026-06-25T03:24:02+05:30,"{""from_state"":""S4"",""state"":""S19""}"
EV0008397,P00164,state_enter_S5,D10,2026-07-07T20:03:01+05:30,"{""from_state"":""S19"",""state"":""S5""}"
EV0008399,P00164,data_complete,D10,2026-07-07T20:09:58+05:30,{}
EV0008400,P00164,plan_built,D10,2026-07-07T20:10:46+05:30,"{""assumed_count"":0,""assumptions_version"":""A1"",""band_count"":5,""built_on"":""full"",""instrument_set_version"":""I1"",""plan_version"":""v1"",""unknown_count"":0}"
EV0008401,P00164,state_enter_S6,H01a,2026-07-07T20:10:46+05:30,"{""from_state"":""S5"",""state"":""S6""}"
EV0008404,P00164,plan_read,G03,2026-07-07T20:14:08+05:30,{}
EV0008405,P00164,state_enter_S8,H01b,2026-07-07T20:14:08+05:30,"{""from_state"":""S6"",""state"":""S8""}"
EV0008416,P00164,plan_updated,H05,2026-07-10T12:44:57+05:30,"{""from_version"":""v1"",""reason"":""publish"",""to_version"":""v2""}"
EV0008417,P00164,state_enter_S11,H01e,2026-07-10T12:44:57+05:30,"{""from_state"":""S8"",""state"":""S11""}"
EV0008421,P00164,update_accepted,H05,2026-07-17T19:24:16+05:30,"{""to_version"":""v2""}"
EV0008422,P00164,state_enter_S8,H01b,2026-07-17T19:24:16+05:30,"{""from_state"":""S11"",""state"":""S8""}"
EV0008427,P00164,state_enter_S9,H01c,2026-07-26T10:10:54+05:30,"{""from_state"":""S8"",""state"":""S9""}"
EV0008440,P00164,action_done,E06,2026-08-01T16:04:05+05:30,"{""done_count"":1,""total_count"":6,""verification"":""aa_verified"",""verified"":true}"
EV0008464,P00164,action_done,E06,2026-08-28T06:07:19+05:30,"{""done_count"":2,""total_count"":6,""verification"":""platform"",""verified"":true}"
EV0008476,P00164,plan_updated,H05,2026-09-11T10:59:49+05:30,"{""from_version"":""v2"",""reason"":""publish"",""to_version"":""v3""}"
EV0008477,P00164,state_enter_S11,H01e,2026-09-11T10:59:49+05:30,"{""from_state"":""S9"",""state"":""S11""}"
EV0008481,P00164,update_accepted,H05,2026-09-14T06:21:23+05:30,"{""to_version"":""v3""}"
EV0008482,P00164,state_enter_S9,H01c,2026-09-14T06:21:23+05:30,"{""from_state"":""S11"",""state"":""S9""}"
EV0008489,P00164,state_enter_S15,Q01,2026-09-16T03:19:49+05:30,"{""from_state"":""S9"",""state"":""S15""}"
EV0008491,P00164,action_done,E06,2026-09-18T02:13:20+05:30,"{""done_count"":3,""total_count"":6,""verification"":""self_reported"",""verified"":false}"
EV0008497,P00166,signed_up,A03,2026-06-17T22:06:31+05:30,"{""device"":""android"",""phone"":""9000065480"",""source"":""corporate_session"",""whatsapp_optin"":true}"
EV0008498,P00166,state_enter_S1,R01,2026-06-17T22:06:31+05:30,"{""from_state"":null,""state"":""S1""}"
EV0008510,P00166,reveal_seen,R09,2026-06-18T11:35:26+05:30,"{""age_band"":""30 to 34"",""aspiration"":""Freedom"",""city"":""Gurugram"",""corpus_band"":""1 to 5 crores"",""income_band"":""25 to 50 lakhs"",""journey_feel"":""Not so good, I can do better"",""path_now_band"":""5 to 10 Cr"",""path_yes_band"":""10 to 20 Cr"",""savings_band"":""Around 25%, meaningful amounts""}"
EV0008511,P00166,state_enter_S2,X01,2026-06-18T11:35:26+05:30,"{""from_state"":""S1"",""state"":""S2""}"
EV0008519,P00166,paywall_viewed,P01,2026-06-21T08:09:38+05:30,"{""from_state"":""S2"",""sku_expanded"":""diwm""}"
EV0008521,P00166,state_enter_S2b,P03,2026-06-21T08:13:22+05:30,"{""from_state"":""S2"",""state"":""S2b""}"
EV0008523,P00166,esign_done,P03,2026-06-21T08:21:43+05:30,"{""agreement_version"":""AGR v1 (to be verified: agreement template versions)"",""esign_ref"":""ESIGN-SEED-003126""}"
EV0008524,P00166,state_enter_S2c,P04,2026-06-21T08:21:43+05:30,"{""from_state"":""S2b"",""state"":""S2c""}"
EV0008539,P00168,signed_up,A03,2026-06-20T12:49:52+05:30,"{""device"":""android"",""phone"":""9000028951"",""source"":""referral"",""whatsapp_optin"":true}"
EV0008540,P00168,state_enter_S14,H01h,2026-06-20T12:49:52+05:30,"{""from_state"":null,""state"":""S14""}"
EV0008550,P00168,aa_connected,A06,2026-06-20T12:56:52+05:30,"{""consent_expiry"":""2026-09-18"",""institutions_failed"":[""NPS CRA""],""institutions_ok"":[""Bank 8"",""Bank 3"",""CAMS"",""KFintech"",""CDSL""]}"
EV0008558,P00168,data_progress,D12a,2026-06-20T13:19:49+05:30,"{""pct_complete"":9,""step_id"":""family""}"
EV0008569,P00168,data_progress,D12b,2026-06-20T13:21:26+05:30,"{""pct_complete"":17,""step_id"":""risk""}"
EV0008582,P00168,data_progress,D12c,2026-06-20T16:41:58+05:30,"{""pct_complete"":24,""step_id"":""income""}"
EV0008599,P00168,data_progress,D12d,2026-06-20T23:43:29+05:30,"{""pct_complete"":32,""step_id"":""expenses""}"
EV0008623,P00168,data_progress,D12e,2026-06-22T21:15:42+05:30,"{""pct_complete"":49,""step_id"":""investments""}"
EV0008632,P00168,data_progress,D12f,2026-06-22T21:18:02+05:30,"{""pct_complete"":57,""step_id"":""loans""}"
EV0008650,P00168,data_progress,D12g,2026-06-22T21:22:15+05:30,"{""pct_complete"":66,""step_id"":""insurance""}"
EV0008657,P00168,data_progress,D12h,2026-06-25T03:08:54+05:30,"{""pct_complete"":74,""step_id"":""goals""}"
EV0008661,P00168,ticket_created,H07,2026-07-07T20:15:22+05:30,"{""category"":""grievance"",""ticket_id"":""TK-004861""}"
EV0008672,P00168,aa_connected,A06,2026-09-14T07:07:25+05:30,"{""consent_expiry"":""2026-12-13"",""institutions_failed"":[],""institutions_ok"":[""Bank 8"",""Bank 3"",""CAMS"",""KFintech"",""CDSL""],""renewal"":true}"
EV0008680,P00169,signed_up,A03,2026-06-17T04:18:44+05:30,"{""device"":""android"",""phone"":""9000018700"",""source"":""corporate_session"",""whatsapp_optin"":true}"
EV0008681,P00169,state_enter_S1,R01,2026-06-17T04:18:44+05:30,"{""from_state"":null,""state"":""S1""}"
EV0008692,P00169,reveal_seen,R09,2026-06-17T07:10:59+05:30,"{""age_band"":""40 to 44"",""aspiration"":""Generosity"",""city"":""Delhi"",""corpus_band"":""1 to 5 crores"",""income_band"":""50 lakhs to 1 crore"",""journey_feel"":""Very good, mostly things have worked out well"",""path_now_band"":""10 to 20 Cr"",""path_yes_band"":""over 20 Cr"",""savings_band"":""More than 40%, I live well below my means""}"
EV0008693,P00169,state_enter_S2,X01,2026-06-17T07:10:59+05:30,"{""from_state"":""S1"",""state"":""S2""}"
EV0008697,P00169,paywall_viewed,P01,2026-06-17T07:14:09+05:30,"{""from_state"":""S2"",""sku_expanded"":""diy""}"
EV0008705,P00170,signed_up,A03,2026-06-19T00:35:14+05:30,"{""device"":""android"",""phone"":""9000042084"",""source"":""community"",""whatsapp_optin"":true}"
EV0008706,P00170,state_enter_S1,R01,2026-06-19T00:35:14+05:30,"{""from_state"":null,""state"":""S1""}"
EV0008717,P00170,reveal_seen,R09,2026-06-19T07:50:35+05:30,"{""age_band"":""30 to 34"",""aspiration"":""Generosity"",""city"":""Chennai"",""corpus_band"":""25 lakhs to 1 crore"",""income_band"":""10 to 25 lakhs"",""journey_feel"":""Very good, mostly things have worked out well"",""path_now_band"":""5 to 10 Cr"",""path_yes_band"":""10 to 20 Cr"",""savings_band"":""Around 40%, some serious money""}"
EV0008718,P00170,state_enter_S2,X01,2026-06-19T07:50:35+05:30,"{""from_state"":""S1"",""state"":""S2""}"
EV0008721,P00170,paywall_viewed,P01,2026-06-19T07:52:41+05:30,"{""from_state"":""S2"",""sku_expanded"":""none""}"
EV0008726,P00174,signed_up,A03,2026-06-18T14:38:57+05:30,"{""device"":""android"",""phone"":""9000059257"",""source"":""organic"",""whatsapp_optin"":true}"
EV0008727,P00174,state_enter_S1,R01,2026-06-18T14:38:57+05:30,"{""from_state"":null,""state"":""S1""}"
EV0008739,P00174,reveal_seen,R09,2026-06-19T03:45:51+05:30,"{""age_band"":""35 to 39"",""aspiration"":""Security"",""city"":""Hyderabad"",""corpus_band"":""25 lakhs to 1 crore"",""income_band"":""25 to 50 lakhs"",""journey_feel"":""Not so good, I can do better"",""path_now_band"":""10 to 20 Cr"",""path_yes_band"":""over 20 Cr"",""savings_band"":""More than 40%, I live well below my means""}"
EV0008740,P00174,state_enter_S2,X01,2026-06-19T03:45:51+05:30,"{""from_state"":""S1"",""state"":""S2""}"
EV0008751,P00175,signed_up,A03,2026-06-19T19:12:06+05:30,"{""device"":""android"",""phone"":""9000092183"",""source"":""corporate_session"",""whatsapp_optin"":false}"
EV0008752,P00175,state_enter_S1,R01,2026-06-19T19:12:06+05:30,"{""from_state"":null,""state"":""S1""}"
EV0008765,P00177,signed_up,A03,2026-06-22T03:30:04+05:30,"{""device"":""android"",""phone"":""9000047058"",""source"":""community"",""whatsapp_optin"":true}"
EV0008766,P00177,state_enter_S1,R01,2026-06-22T03:30:04+05:30,"{""from_state"":null,""state"":""S1""}"
EV0008778,P00177,reveal_seen,R09,2026-06-22T11:49:41+05:30,"{""age_band"":""30 to 34"",""aspiration"":""Family"",""city"":""Chennai"",""corpus_band"":""Under 5 lakhs"",""income_band"":""25 to 50 lakhs"",""journey_feel"":""Some hits and some misses, it has been mixed"",""path_now_band"":""5 to 10 Cr"",""path_yes_band"":""10 to 20 Cr"",""savings_band"":""Around 40%, some serious money""}"
EV0008779,P00177,state_enter_S2,X01,2026-06-22T11:49:41+05:30,"{""from_state"":""S1"",""state"":""S2""}"
EV0008782,P00177,paywall_viewed,P01,2026-06-23T20:39:04+05:30,"{""from_state"":""S2"",""sku_expanded"":""diwm""}"
EV0008784,P00177,state_enter_S2b,P03,2026-06-23T20:39:34+05:30,"{""from_state"":""S2"",""state"":""S2b""}"
EV0008786,P00177,esign_done,P03,2026-06-23T20:45:11+05:30,"{""agreement_version"":""AGR v1 (to be verified: agreement template versions)"",""esign_ref"":""ESIGN-SEED-003448""}"
EV0008787,P00177,state_enter_S2c,P04,2026-06-23T20:45:11+05:30,"{""from_state"":""S2b"",""state"":""S2c""}"
EV0008789,P00177,paid,P05,2026-06-23T20:50:48+05:30,"{""amount"":""Rs ___"",""mandate_status"":""active"",""period"":""monthly"",""razorpay_ids"":{""customer_id"":""cust_SEED00177"",""subscription_or_txn_id"":""sub_SEED001771""},""sku"":""diwm""}"
EV0008790,P00177,state_enter_S3,O02,2026-06-23T20:50:48+05:30,"{""from_state"":""S2c"",""state"":""S3""}"
EV0008800,P00177,aa_failed,A09,2026-06-23T21:06:21+05:30,"{""consent_expiry"":null,""institutions_failed"":[""Bank 8"",""Bank 1""],""institutions_ok"":[]}"
EV0008802,P00177,state_enter_S4,O02,2026-06-24T00:48:44+05:30,"{""from_state"":""S3"",""state"":""S4""}"
EV0008810,P00177,data_progress,D12a,2026-06-24T00:55:26+05:30,"{""pct_complete"":29,""step_id"":""family""}"
EV0008825,P00177,data_progress,D12b,2026-06-28T22:39:36+05:30,"{""pct_complete"":37,""step_id"":""risk""}"
EV0008831,P00177,data_progress,D12c,2026-06-28T22:41:39+05:30,"{""pct_complete"":39,""step_id"":""income""}"
EV0008848,P00177,data_progress,D12d,2026-06-28T22:46:05+05:30,"{""pct_complete"":48,""step_id"":""expenses""}"
EV0008849,P00177,state_enter_S19,O02,2026-07-01T00:48:44+05:30,"{""from_state"":""S4"",""state"":""S19""}"
EV0008867,P00177,data_progress,D12e,2026-07-04T16:38:01+05:30,"{""pct_complete"":67,""step_id"":""investments""}"
EV0008870,P00177,data_progress,D12f,2026-07-06T18:39:28+05:30,"{""pct_complete"":75,""step_id"":""loans""}"
EV0008882,P00177,data_progress,D12g,2026-07-09T08:02:31+05:30,"{""pct_complete"":83,""step_id"":""insurance""}"
EV0008886,P00177,data_progress,D12h,2026-07-09T08:03:32+05:30,"{""pct_complete"":90,""step_id"":""goals""}"
EV0008894,P00177,state_enter_S5,D10,2026-07-09T08:07:23+05:30,"{""from_state"":""S19"",""state"":""S5""}"
EV0008895,P00177,plan_built,G01a,2026-07-16T08:07:23+05:30,"{""assumed_count"":0,""assumptions_version"":""A2"",""band_count"":8,""built_on"":""partial"",""instrument_set_version"":""I1"",""plan_version"":""v1"",""unknown_count"":0}"
EV0008896,P00177,state_enter_S18,H01j,2026-07-16T08:07:23+05:30,"{""from_state"":""S5"",""state"":""S18""}"
EV0008913,P00177,plan_updated,H05,2026-09-11T10:18:50+05:30,"{""from_version"":""v1"",""reason"":""publish"",""to_version"":""v2""}"
EV0008914,P00177,state_enter_S11,H01e,2026-09-11T10:18:50+05:30,"{""from_state"":""S18"",""state"":""S11""}"
EV0008918,P00177,ticket_created,H07,2026-09-14T09:22:37+05:30,"{""category"":""adviser_message"",""ticket_id"":""TK-004911""}"
EV0008921,P00177,update_accepted,H05,2026-09-19T10:58:38+05:30,"{""to_version"":""v2""}"
EV0008922,P00177,state_enter_S18,H01j,2026-09-19T10:58:38+05:30,"{""from_state"":""S11"",""state"":""S18""}"
EV0008926,P00178,signed_up,A03,2026-06-22T10:20:23+05:30,"{""device"":""android"",""phone"":""9000078519"",""source"":""community"",""whatsapp_optin"":false}"
EV0008927,P00178,state_enter_S1,R01,2026-06-22T10:20:23+05:30,"{""from_state"":null,""state"":""S1""}"
EV0008939,P00178,reveal_seen,R09,2026-06-22T22:55:22+05:30,"{""age_band"":""30 to 34"",""aspiration"":""Family"",""city"":""Pune"",""corpus_band"":""5 to 25 lakhs"",""income_band"":""10 to 25 lakhs"",""journey_feel"":""Very good, mostly things have worked out well"",""path_now_band"":""10 to 20 Cr"",""path_yes_band"":""10 to 20 Cr"",""savings_band"":""More than 40%, I live well below my means""}"
EV0008940,P00178,state_enter_S2,X01,2026-06-22T22:55:22+05:30,"{""from_state"":""S1"",""state"":""S2""}"
EV0008945,P00178,paywall_viewed,P01,2026-06-22T23:02:04+05:30,"{""from_state"":""S2"",""sku_expanded"":""diwm""}"
EV0008952,P00180,signed_up,A03,2026-06-24T22:31:56+05:30,"{""device"":""android"",""phone"":""9000058071"",""source"":""community"",""whatsapp_optin"":true}"
EV0008953,P00180,state_enter_S1,R01,2026-06-24T22:31:56+05:30,"{""from_state"":null,""state"":""S1""}"
EV0008969,P00183,signed_up,A03,2026-06-24T01:09:58+05:30,"{""device"":""android"",""phone"":""9000094220"",""source"":""community"",""whatsapp_optin"":true}"
EV0008970,P00183,state_enter_S1,R01,2026-06-24T01:09:58+05:30,"{""from_state"":null,""state"":""S1""}"
EV0008983,P00183,reveal_seen,R09,2026-06-25T10:26:55+05:30,"{""age_band"":""30 to 34"",""aspiration"":""Family"",""city"":""Bengaluru"",""corpus_band"":""25 lakhs to 1 crore"",""income_band"":""25 to 50 lakhs"",""journey_feel"":""Not so good, I can do better"",""path_now_band"":""over 20 Cr"",""path_yes_band"":""over 20 Cr"",""savings_band"":""More than 40%, I live well below my means""}"
EV0008984,P00183,state_enter_S2,X01,2026-06-25T10:26:55+05:30,"{""from_state"":""S1"",""state"":""S2""}"
EV0008992,P00186,signed_up,A03,2026-06-24T04:56:29+05:30,"{""device"":""android"",""phone"":""9000071456"",""source"":""web_reveal"",""whatsapp_optin"":true}"
EV0008993,P00186,state_enter_S1,R01,2026-06-24T04:56:29+05:30,"{""from_state"":null,""state"":""S1""}"
EV0009004,P00187,signed_up,A03,2026-06-27T04:08:42+05:30,"{""device"":""android"",""phone"":""9000069484"",""source"":""community"",""whatsapp_optin"":false}"
EV0009005,P00187,state_enter_S1,R01,2026-06-27T04:08:42+05:30,"{""from_state"":null,""state"":""S1""}"
EV0009017,P00191,signed_up,A03,2026-06-26T10:14:09+05:30,"{""device"":""android"",""phone"":""9000056739"",""source"":""web_reveal"",""whatsapp_optin"":true}"
EV0009018,P00191,state_enter_S1,R01,2026-06-26T10:14:09+05:30,"{""from_state"":null,""state"":""S1""}"
EV0009032,P00192,signed_up,A03,2026-06-25T21:56:05+05:30,"{""device"":""android"",""phone"":""9000035653"",""source"":""community"",""whatsapp_optin"":true}"
EV0009033,P00192,state_enter_S1,R01,2026-06-25T21:56:05+05:30,"{""from_state"":null,""state"":""S1""}"
EV0009044,P00192,reveal_seen,R09,2026-06-26T03:03:56+05:30,"{""age_band"":""35 to 39"",""aspiration"":""Freedom"",""city"":""Hyderabad"",""corpus_band"":""25 lakhs to 1 crore"",""income_band"":""25 to 50 lakhs"",""journey_feel"":""Not so good, I can do better"",""path_now_band"":""10 to 20 Cr"",""path_yes_band"":""over 20 Cr"",""savings_band"":""More than 40%, I live well below my means""}"
EV0009045,P00192,state_enter_S2,X01,2026-06-26T03:03:56+05:30,"{""from_state"":""S1"",""state"":""S2""}"
EV0009049,P00192,paywall_viewed,P01,2026-06-26T03:08:01+05:30,"{""from_state"":""S2"",""sku_expanded"":""diwm""}"
EV0009053,P00192,ticket_created,H07,2026-07-05T09:20:31+05:30,"{""category"":""support"",""ticket_id"":""TK-003531""}"
EV0009057,P00193,signed_up,A03,2026-06-26T08:28:08+05:30,"{""device"":""ios"",""phone"":""9000070213"",""source"":""community"",""whatsapp_optin"":true}"
EV0009058,P00193,state_enter_S1,R01,2026-06-26T08:28:08+05:30,"{""from_state"":null,""state"":""S1""}"
EV0009070,P00193,reveal_seen,R09,2026-06-27T06:03:03+05:30,"{""age_band"":""30 to 34"",""aspiration"":""Freedom"",""city"":""Mumbai"",""corpus_band"":""25 lakhs to 1 crore"",""income_band"":""25 to 50 lakhs"",""journey_feel"":""Not so good, I can do better"",""path_now_band"":""10 to 20 Cr"",""path_yes_band"":""over 20 Cr"",""savings_band"":""More than 40%, I live well below my means""}"
EV0009071,P00193,state_enter_S2,X01,2026-06-27T06:03:03+05:30,"{""from_state"":""S1"",""state"":""S2""}"
EV0009080,P00194,signed_up,A03,2026-06-27T23:28:06+05:30,"{""device"":""android"",""phone"":""9000093909"",""source"":""community"",""whatsapp_optin"":true}"
EV0009081,P00194,state_enter_S1,R01,2026-06-27T23:28:06+05:30,"{""from_state"":null,""state"":""S1""}"
EV0009092,P00194,reveal_seen,R09,2026-06-28T03:23:10+05:30,"{""age_band"":""30 to 34"",""aspiration"":""Generosity"",""city"":""Ahmedabad"",""corpus_band"":""5 to 25 lakhs"",""income_band"":""25 to 50 lakhs"",""journey_feel"":""Not so good, I can do better"",""path_now_band"":""over 20 Cr"",""path_yes_band"":""over 20 Cr"",""savings_band"":""More than 40%, I live well below my means""}"
EV0009093,P00194,state_enter_S2,X01,2026-06-28T03:23:10+05:30,"{""from_state"":""S1"",""state"":""S2""}"
EV0009095,P00194,paywall_viewed,P01,2026-06-28T17:51:43+05:30,"{""from_state"":""S2"",""sku_expanded"":""diwm""}"
EV0009097,P00194,state_enter_S2b,P03,2026-06-28T17:52:13+05:30,"{""from_state"":""S2"",""state"":""S2b""}"
EV0009099,P00194,esign_done,P03,2026-06-28T17:56:03+05:30,"{""agreement_version"":""AGR v1 (to be verified: agreement template versions)"",""esign_ref"":""ESIGN-SEED-003259""}"
EV0009100,P00194,state_enter_S2c,P04,2026-06-28T17:56:03+05:30,"{""from_state"":""S2b"",""state"":""S2c""}"
EV0009102,P00194,paid,P05,2026-06-28T17:59:53+05:30,"{""amount"":""Rs ___"",""mandate_status"":""active"",""period"":""quarterly"",""razorpay_ids"":{""customer_id"":""cust_SEED00194"",""subscription_or_txn_id"":""sub_SEED001941""},""sku"":""diwm""}"
EV0009103,P00194,state_enter_S3,O02,2026-06-28T17:59:53+05:30,"{""from_state"":""S2c"",""state"":""S3""}"
EV0009111,P00194,state_enter_S4,O02,2026-06-28T23:53:09+05:30,"{""from_state"":""S3"",""state"":""S4""}"
EV0009120,P00194,data_progress,D12a,2026-06-29T00:00:00+05:30,"{""pct_complete"":29,""step_id"":""family""}"
EV0009131,P00194,data_progress,D12b,2026-06-29T00:01:41+05:30,"{""pct_complete"":37,""step_id"":""risk""}"
EV0009144,P00194,data_progress,D12c,2026-06-29T00:05:07+05:30,"{""pct_complete"":44,""step_id"":""income""}"
EV0009159,P00194,data_progress,D12d,2026-06-29T00:09:24+05:30,"{""pct_complete"":52,""step_id"":""expenses""}"
EV0009192,P00194,data_progress,D12e,2026-06-29T00:20:01+05:30,"{""pct_complete"":71,""step_id"":""investments""}"
EV0009195,P00194,data_progress,D12f,2026-06-29T00:20:27+05:30,"{""pct_complete"":79,""step_id"":""loans""}"
EV0009207,P00194,data_progress,D12g,2026-06-29T00:23:16+05:30,"{""pct_complete"":87,""step_id"":""insurance""}"
EV0009219,P00194,data_progress,D12h,2026-06-29T20:12:50+05:30,"{""pct_complete"":95,""step_id"":""goals""}"
EV0009222,P00194,state_enter_S5,D10,2026-06-29T20:14:40+05:30,"{""from_state"":""S4"",""state"":""S5""}"
EV0009224,P00194,data_complete,D10,2026-06-29T20:33:17+05:30,{}
EV0009225,P00194,plan_built,D10,2026-06-29T20:33:38+05:30,"{""assumed_count"":1,""assumptions_version"":""A1"",""band_count"":5,""built_on"":""full"",""instrument_set_version"":""I1"",""plan_version"":""v1"",""unknown_count"":0}"
EV0009226,P00194,state_enter_S6,H01a,2026-06-29T20:33:38+05:30,"{""from_state"":""S5"",""state"":""S6""}"
EV0009233,P00194,plan_read,G03,2026-07-03T05:34:48+05:30,{}
EV0009234,P00194,state_enter_S8,H01b,2026-07-03T05:34:48+05:30,"{""from_state"":""S6"",""state"":""S8""}"
EV0009244,P00194,pdf_downloaded,G10,2026-07-03T05:48:48+05:30,"{""plan_version"":""v1""}"
EV0009249,P00194,plan_updated,H05,2026-07-10T19:54:41+05:30,"{""from_version"":""v1"",""reason"":""publish"",""to_version"":""v2""}"
EV0009250,P00194,state_enter_S11,H01e,2026-07-10T19:54:41+05:30,"{""from_state"":""S8"",""state"":""S11""}"
EV0009257,P00194,update_accepted,H05,2026-07-18T22:34:17+05:30,"{""to_version"":""v2""}"
EV0009258,P00194,state_enter_S8,H01b,2026-07-18T22:34:17+05:30,"{""from_state"":""S11"",""state"":""S8""}"
EV0009285,P00194,plan_updated,H05,2026-09-11T19:01:59+05:30,"{""from_version"":""v2"",""reason"":""publish"",""to_version"":""v3""}"
EV0009286,P00194,state_enter_S11,H01e,2026-09-11T19:01:59+05:30,"{""from_state"":""S8"",""state"":""S11""}"
EV0009291,P00194,update_accepted,H05,2026-09-17T17:28:58+05:30,"{""to_version"":""v3""}"
EV0009292,P00194,state_enter_S8,H01b,2026-09-17T17:28:58+05:30,"{""from_state"":""S11"",""state"":""S8""}"
EV0009298,P00196,signed_up,A03,2026-06-27T14:40:17+05:30,"{""device"":""ios"",""phone"":""9000031515"",""source"":""organic"",""whatsapp_optin"":true}"
EV0009299,P00196,state_enter_S1,R01,2026-06-27T14:40:17+05:30,"{""from_state"":null,""state"":""S1""}"
EV0009311,P00196,reveal_seen,R09,2026-06-28T08:48:31+05:30,"{""age_band"":""30 to 34"",""aspiration"":""Family"",""city"":""Gurugram"",""corpus_band"":""25 lakhs to 1 crore"",""income_band"":""25 to 50 lakhs"",""journey_feel"":""Not so good, I can do better"",""path_now_band"":""over 20 Cr"",""path_yes_band"":""over 20 Cr"",""savings_band"":""More than 40%, I live well below my means""}"
EV0009312,P00196,state_enter_S2,X01,2026-06-28T08:48:31+05:30,"{""from_state"":""S1"",""state"":""S2""}"
EV0009320,P00197,signed_up,A03,2026-06-28T17:02:48+05:30,"{""device"":""ios"",""phone"":""9000096458"",""source"":""corporate_session"",""whatsapp_optin"":true}"
EV0009321,P00197,state_enter_S1,R01,2026-06-28T17:02:48+05:30,"{""from_state"":null,""state"":""S1""}"
EV0009333,P00197,reveal_seen,R09,2026-06-29T02:52:39+05:30,"{""age_band"":""30 to 34"",""aspiration"":""Family"",""city"":""Pune"",""corpus_band"":""25 lakhs to 1 crore"",""income_band"":""10 to 25 lakhs"",""journey_feel"":""Very good, mostly things have worked out well"",""path_now_band"":""5 to 10 Cr"",""path_yes_band"":""10 to 20 Cr"",""savings_band"":""Around 40%, some serious money""}"
EV0009334,P00197,state_enter_S2,X01,2026-06-29T02:52:39+05:30,"{""from_state"":""S1"",""state"":""S2""}"
EV0009338,P00197,paywall_viewed,P01,2026-06-29T02:56:18+05:30,"{""from_state"":""S2"",""sku_expanded"":""diy""}"
EV0009347,P00199,signed_up,A03,2026-06-29T20:50:29+05:30,"{""device"":""android"",""phone"":""9000087862"",""source"":""community"",""whatsapp_optin"":true}"
EV0009348,P00199,state_enter_S1,R01,2026-06-29T20:50:29+05:30,"{""from_state"":null,""state"":""S1""}"
EV0009363,P00199,reveal_seen,R09,2026-07-01T02:26:11+05:30,"{""age_band"":""35 to 39"",""aspiration"":""Security"",""city"":""Chennai"",""corpus_band"":""25 lakhs to 1 crore"",""income_band"":""25 to 50 lakhs"",""journey_feel"":""Not so good, I can do better"",""path_now_band"":""10 to 20 Cr"",""path_yes_band"":""over 20 Cr"",""savings_band"":""Around 40%, some serious money""}"
EV0009364,P00199,state_enter_S2,X01,2026-07-01T02:26:11+05:30,"{""from_state"":""S1"",""state"":""S2""}"
EV0009366,P00199,paywall_viewed,P01,2026-07-01T21:36:49+05:30,"{""from_state"":""S2"",""sku_expanded"":""diwm""}"
EV0009368,P00199,state_enter_S2b,P03,2026-07-01T21:37:19+05:30,"{""from_state"":""S2"",""state"":""S2b""}"
EV0009370,P00199,esign_done,P03,2026-07-01T21:39:07+05:30,"{""agreement_version"":""AGR v1 (to be verified: agreement template versions)"",""esign_ref"":""ESIGN-SEED-003364""}"
EV0009371,P00199,state_enter_S2c,P04,2026-07-01T21:39:07+05:30,"{""from_state"":""S2b"",""state"":""S2c""}"
EV0009373,P00199,paid,P05,2026-07-01T21:40:55+05:30,"{""amount"":""Rs ___"",""mandate_status"":""active"",""period"":""monthly"",""razorpay_ids"":{""customer_id"":""cust_SEED00199"",""subscription_or_txn_id"":""sub_SEED001991""},""sku"":""diwm""}"
EV0009374,P00199,state_enter_S3,O02,2026-07-01T21:40:55+05:30,"{""from_state"":""S2c"",""state"":""S3""}"
EV0009382,P00199,aa_connected,A06,2026-07-03T05:11:55+05:30,"{""consent_expiry"":""2026-10-01"",""institutions_failed"":[""CAMS""],""institutions_ok"":[""Bank 6"",""Bank 5""]}"
EV0009385,P00199,state_enter_S4,O02,2026-07-03T05:13:38+05:30,"{""from_state"":""S3"",""state"":""S4""}"
EV0009392,P00199,data_progress,D12a,2026-07-03T05:17:22+05:30,"{""pct_complete"":31,""step_id"":""family""}"
EV0009406,P00199,data_progress,D12b,2026-07-06T18:49:11+05:30,"{""pct_complete"":39,""step_id"":""risk""}"
EV0009412,P00199,data_progress,D12c,2026-07-06T18:51:07+05:30,"{""pct_complete"":40,""step_id"":""income""}"
EV0009426,P00199,data_progress,D12d,2026-07-06T18:55:01+05:30,"{""pct_complete"":45,""step_id"":""expenses""}"
EV0009444,P00199,data_progress,D12e,2026-07-06T19:00:32+05:30,"{""pct_complete"":63,""step_id"":""investments""}"
EV0009459,P00199,data_progress,D12f,2026-07-06T19:04:25+05:30,"{""pct_complete"":71,""step_id"":""loans""}"
EV0009470,P00199,data_progress,D12g,2026-07-06T19:07:21+05:30,"{""pct_complete"":80,""step_id"":""insurance""}"
EV0009485,P00199,data_progress,D12h,2026-07-06T22:04:20+05:30,"{""pct_complete"":87,""step_id"":""goals""}"
EV0009495,P00199,state_enter_S5,D10,2026-07-06T22:06:36+05:30,"{""from_state"":""S4"",""state"":""S5""}"
EV0009497,P00199,data_complete,D10,2026-07-06T22:28:17+05:30,{}
EV0009498,P00199,plan_built,D10,2026-07-06T22:29:33+05:30,"{""assumed_count"":0,""assumptions_version"":""A1"",""band_count"":8,""built_on"":""full"",""instrument_set_version"":""I1"",""plan_version"":""v1"",""unknown_count"":0}"
EV0009499,P00199,state_enter_S6,H01a,2026-07-06T22:29:33+05:30,"{""from_state"":""S5"",""state"":""S6""}"
EV0009502,P00199,plan_read,G03,2026-07-07T02:29:06+05:30,{}
EV0009503,P00199,state_enter_S8,H01b,2026-07-07T02:29:06+05:30,"{""from_state"":""S6"",""state"":""S8""}"
EV0009511,P00199,plan_updated,H05,2026-07-10T18:56:49+05:30,"{""from_version"":""v1"",""reason"":""publish"",""to_version"":""v2""}"
EV0009512,P00199,state_enter_S11,H01e,2026-07-10T18:56:49+05:30,"{""from_state"":""S8"",""state"":""S11""}"
EV0009516,P00199,update_accepted,H05,2026-07-12T08:27:12+05:30,"{""to_version"":""v2""}"
EV0009517,P00199,state_enter_S8,H01b,2026-07-12T08:27:12+05:30,"{""from_state"":""S11"",""state"":""S8""}"
EV0009529,P00199,call_booked,K01,2026-07-21T14:25:06+05:30,"{""adviser_id"":""adv01"",""slot"":""2026-07-24T19:30:00+05:30"",""summary"":""call booked: my plan"",""tier"":""diwm"",""topic"":""My plan""}"
EV0009530,P00199,state_enter_S7,K02,2026-07-21T14:25:06+05:30,"{""from_state"":""S8"",""state"":""S7""}"
EV0009541,P00199,state_enter_S9,H01c,2026-07-24T20:15:00+05:30,"{""from_state"":""S7"",""state"":""S9""}"
EV0009542,P00199,plan_updated,H05,2026-07-24T20:16:00+05:30,"{""from_version"":""v2"",""reason"":""update"",""to_version"":""v3""}"
EV0009544,P00199,call_completed,K03,2026-07-24T20:17:00+05:30,"{""adviser_id"":""adv01"",""slot"":""2026-07-24T19:30:00+05:30"",""summary"":""Walked through my plan; next step agreed.""}"
EV0009546,P00199,update_accepted,H05,2026-07-24T20:36:02+05:30,"{""to_version"":""v3""}"
EV0009554,P00199,action_done,E06,2026-07-26T00:55:16+05:30,"{""done_count"":1,""total_count"":5,""verification"":""platform"",""verified"":true}"
EV0009557,P00199,ticket_created,H07,2026-07-26T12:28:56+05:30,"{""category"":""support"",""ticket_id"":""TK-004791""}"
EV0009581,P00199,action_done,E06,2026-08-14T09:14:04+05:30,"{""done_count"":2,""total_count"":5,""verification"":""platform"",""verified"":true}"
EV0009596,P00199,plan_updated,H05,2026-09-11T13:05:14+05:30,"{""from_version"":""v3"",""reason"":""publish"",""to_version"":""v4""}"
EV0009597,P00199,state_enter_S11,H01e,2026-09-11T13:05:14+05:30,"{""from_state"":""S9"",""state"":""S11""}"
EV0009611,P00201,signed_up,A03,2026-06-28T22:24:26+05:30,"{""device"":""android"",""phone"":""9000070401"",""source"":""community"",""whatsapp_optin"":true}"
EV0009612,P00201,state_enter_S1,R01,2026-06-28T22:24:26+05:30,"{""from_state"":null,""state"":""S1""}"
EV0009623,P00201,reveal_seen,R09,2026-06-29T08:31:48+05:30,"{""age_band"":""30 to 34"",""aspiration"":""Security"",""city"":""Mumbai"",""corpus_band"":""5 to 25 lakhs"",""income_band"":""25 to 50 lakhs"",""journey_feel"":""Some hits and some misses, it has been mixed"",""path_now_band"":""over 20 Cr"",""path_yes_band"":""over 20 Cr"",""savings_band"":""Around 40%, some serious money""}"
EV0009624,P00201,state_enter_S2,X01,2026-06-29T08:31:48+05:30,"{""from_state"":""S1"",""state"":""S2""}"
EV0009635,P00202,signed_up,A03,2026-07-03T04:39:31+05:30,"{""device"":""android"",""phone"":""9000002195"",""source"":""web_reveal"",""whatsapp_optin"":true}"
EV0009636,P00202,state_enter_S1,R01,2026-07-03T04:39:31+05:30,"{""from_state"":null,""state"":""S1""}"
EV0009648,P00202,reveal_seen,R09,2026-07-03T09:24:15+05:30,"{""age_band"":""25 to 29"",""aspiration"":""Security"",""city"":""Bengaluru"",""corpus_band"":""5 to 25 lakhs"",""income_band"":""Under 10 lakhs"",""journey_feel"":""Not so good, I can do better"",""path_now_band"":""5 to 10 Cr"",""path_yes_band"":""10 to 20 Cr"",""savings_band"":""Around 40%, some serious money""}"
EV0009649,P00202,state_enter_S2,X01,2026-07-03T09:24:15+05:30,"{""from_state"":""S1"",""state"":""S2""}"
EV0009657,P00202,paywall_viewed,P01,2026-07-24T08:17:10+05:30,"{""from_state"":""S2"",""sku_expanded"":""diwm""}"
EV0009659,P00202,state_enter_S2b,P03,2026-07-24T08:17:40+05:30,"{""from_state"":""S2"",""state"":""S2b""}"
EV0009661,P00202,esign_done,P03,2026-07-24T08:21:33+05:30,"{""agreement_version"":""AGR v1 (to be verified: agreement template versions)"",""esign_ref"":""ESIGN-SEED-003245""}"
EV0009662,P00202,state_enter_S2c,P04,2026-07-24T08:21:33+05:30,"{""from_state"":""S2b"",""state"":""S2c""}"
EV0009664,P00202,paid,P05,2026-07-24T08:25:27+05:30,"{""amount"":""Rs ___"",""mandate_status"":""none (charged per period)"",""period"":""quarterly"",""razorpay_ids"":{""customer_id"":""cust_SEED00202"",""subscription_or_txn_id"":""pay_SEED002021""},""sku"":""diwm""}"
EV0009665,P00202,state_enter_S3,O02,2026-07-24T08:25:27+05:30,"{""from_state"":""S2c"",""state"":""S3""}"
EV0009673,P00202,aa_connected,A06,2026-07-24T08:35:17+05:30,"{""consent_expiry"":""2026-10-22"",""institutions_failed"":[],""institutions_ok"":[""Bank 1"",""Bank 2"",""CAMS"",""KFintech""]}"
EV0009676,P00202,state_enter_S4,O02,2026-07-24T14:01:56+05:30,"{""from_state"":""S3"",""state"":""S4""}"
EV0009679,P00202,data_progress,D12a,2026-07-24T14:02:29+05:30,"{""pct_complete"":29,""step_id"":""family""}"
EV0009690,P00202,data_progress,D12b,2026-07-24T14:03:53+05:30,"{""pct_complete"":37,""step_id"":""risk""}"
EV0009698,P00202,data_progress,D12c,2026-07-24T14:06:11+05:30,"{""pct_complete"":42,""step_id"":""income""}"
EV0009713,P00202,data_progress,D12d,2026-07-24T14:09:54+05:30,"{""pct_complete"":51,""step_id"":""expenses""}"
EV0009724,P00202,data_progress,D12e,2026-07-24T14:14:01+05:30,"{""pct_complete"":71,""step_id"":""investments""}"
EV0009727,P00202,data_progress,D12f,2026-07-24T14:14:21+05:30,"{""pct_complete"":79,""step_id"":""loans""}"
EV0009738,P00202,data_progress,D12g,2026-07-24T14:16:56+05:30,"{""pct_complete"":87,""step_id"":""insurance""}"
EV0009745,P00202,data_progress,D12h,2026-07-24T14:18:47+05:30,"{""pct_complete"":95,""step_id"":""goals""}"
EV0009752,P00202,state_enter_S5,D10,2026-07-30T08:54:14+05:30,"{""from_state"":""S4"",""state"":""S5""}"
EV0009754,P00202,data_complete,D10,2026-07-30T09:17:27+05:30,{}
EV0009755,P00202,plan_built,D10,2026-07-30T09:18:41+05:30,"{""assumed_count"":0,""assumptions_version"":""A2"",""band_count"":5,""built_on"":""full"",""instrument_set_version"":""I1"",""plan_version"":""v1"",""unknown_count"":0}"
EV0009756,P00202,state_enter_S6,H01a,2026-07-30T09:18:41+05:30,"{""from_state"":""S5"",""state"":""S6""}"
EV0009759,P00202,plan_read,G03,2026-08-01T04:20:42+05:30,{}
EV0009760,P00202,state_enter_S8,H01b,2026-08-01T04:20:42+05:30,"{""from_state"":""S6"",""state"":""S8""}"
EV0009770,P00202,pdf_downloaded,G10,2026-08-01T04:33:28+05:30,"{""plan_version"":""v1""}"
EV0009784,P00202,plan_updated,H05,2026-08-20T20:47:48+05:30,"{""from_version"":""v1"",""reason"":""sharpen"",""to_version"":""v2""}"
EV0009786,P00202,update_accepted,H05,2026-08-20T20:48:18+05:30,"{""to_version"":""v2""}"
EV0009802,P00202,plan_updated,H05,2026-09-11T13:57:57+05:30,"{""from_version"":""v2"",""reason"":""publish"",""to_version"":""v3""}"
EV0009803,P00202,state_enter_S11,H01e,2026-09-11T13:57:57+05:30,"{""from_state"":""S8"",""state"":""S11""}"
EV0009808,P00202,update_accepted,H05,2026-09-18T18:05:05+05:30,"{""to_version"":""v3""}"
EV0009809,P00202,state_enter_S8,H01b,2026-09-18T18:05:05+05:30,"{""from_state"":""S11"",""state"":""S8""}"
EV0009811,P00202,ticket_created,H07,2026-09-19T12:13:48+05:30,"{""category"":""support"",""ticket_id"":""TK-004621""}"
EV0009817,P00202,call_booked,K01,2026-09-22T16:00:15+05:30,"{""adviser_id"":""adv04"",""slot"":""2026-09-29T19:30:00+05:30"",""summary"":""call booked: something changed"",""tier"":""diwm"",""topic"":""Something changed""}"
EV0009818,P00202,state_enter_S7,K02,2026-09-22T16:00:15+05:30,"{""from_state"":""S8"",""state"":""S7""}"
EV0009823,P00203,signed_up,A03,2026-07-03T07:00:38+05:30,"{""device"":""android"",""phone"":""9000009233"",""source"":""community"",""whatsapp_optin"":true}"
EV0009824,P00203,state_enter_S1,R01,2026-07-03T07:00:38+05:30,"{""from_state"":null,""state"":""S1""}"
EV0009835,P00203,reveal_seen,R09,2026-07-03T07:21:52+05:30,"{""age_band"":""35 to 39"",""aspiration"":""Family"",""city"":""Chennai"",""corpus_band"":""5 to 25 lakhs"",""income_band"":""10 to 25 lakhs"",""journey_feel"":""Not so good, I can do better"",""path_now_band"":""5 to 10 Cr"",""path_yes_band"":""5 to 10 Cr"",""savings_band"":""Around 40%, some serious money""}"
EV0009836,P00203,state_enter_S2,X01,2026-07-03T07:21:52+05:30,"{""from_state"":""S1"",""state"":""S2""}"
EV0009844,P00204,signed_up,A03,2026-07-02T12:17:54+05:30,"{""device"":""android"",""phone"":""9000093854"",""source"":""referral"",""whatsapp_optin"":true}"
EV0009845,P00204,state_enter_S1,R01,2026-07-02T12:17:54+05:30,"{""from_state"":null,""state"":""S1""}"
EV0009857,P00204,reveal_seen,R09,2026-07-02T20:04:09+05:30,"{""age_band"":""30 to 34"",""aspiration"":""Legacy"",""city"":""Mumbai"",""corpus_band"":""25 lakhs to 1 crore"",""income_band"":""25 to 50 lakhs"",""journey_feel"":""Very good, mostly things have worked out well"",""path_now_band"":""over 20 Cr"",""path_yes_band"":""over 20 Cr"",""savings_band"":""More than 40%, I live well below my means""}"
EV0009858,P00204,state_enter_S2,X01,2026-07-02T20:04:09+05:30,"{""from_state"":""S1"",""state"":""S2""}"
EV0009862,P00204,paywall_viewed,P01,2026-07-02T20:07:39+05:30,"{""from_state"":""S2"",""sku_expanded"":""diwm""}"
EV0009870,P00205,signed_up,A03,2026-07-03T05:25:32+05:30,"{""device"":""android"",""phone"":""9000000625"",""source"":""community"",""whatsapp_optin"":true}"
EV0009871,P00205,state_enter_S1,R01,2026-07-03T05:25:32+05:30,"{""from_state"":null,""state"":""S1""}"
EV0009887,P00206,signed_up,A03,2026-06-29T13:24:09+05:30,"{""device"":""android"",""phone"":""9000031228"",""source"":""corporate_session"",""whatsapp_optin"":true}"
EV0009888,P00206,state_enter_S1,R01,2026-06-29T13:24:09+05:30,"{""from_state"":null,""state"":""S1""}"
EV0009902,P00210,signed_up,A03,2026-07-02T08:31:07+05:30,"{""device"":""android"",""phone"":""9000034790"",""source"":""corporate_session"",""whatsapp_optin"":true}"
EV0009903,P00210,state_enter_S1,R01,2026-07-02T08:31:07+05:30,"{""from_state"":null,""state"":""S1""}"
EV0009915,P00210,reveal_seen,R09,2026-07-02T10:04:17+05:30,"{""age_band"":""35 to 39"",""aspiration"":""Legacy"",""city"":""Hyderabad"",""corpus_band"":""1 to 5 crores"",""income_band"":""50 lakhs to 1 crore"",""journey_feel"":""Very good, mostly things have worked out well"",""path_now_band"":""10 to 20 Cr"",""path_yes_band"":""over 20 Cr"",""savings_band"":""Around 25%, meaningful amounts""}"
EV0009916,P00210,state_enter_S2,X01,2026-07-02T10:04:17+05:30,"{""from_state"":""S1"",""state"":""S2""}"
EV0009921,P00210,paywall_viewed,P01,2026-07-02T12:37:17+05:30,"{""from_state"":""S2"",""sku_expanded"":""none""}"
EV0009923,P00210,state_enter_S2b,P03,2026-07-02T12:38:58+05:30,"{""from_state"":""S2"",""state"":""S2b""}"
EV0009940,P00212,signed_up,A03,2026-07-01T19:20:06+05:30,"{""device"":""android"",""phone"":""9000070091"",""source"":""organic"",""whatsapp_optin"":true}"
EV0009941,P00212,state_enter_S1,R01,2026-07-01T19:20:06+05:30,"{""from_state"":null,""state"":""S1""}"
EV0009953,P00212,reveal_seen,R09,2026-07-02T01:31:28+05:30,"{""age_band"":""30 to 34"",""aspiration"":""Freedom"",""city"":""Noida"",""corpus_band"":""5 to 25 lakhs"",""income_band"":""10 to 25 lakhs"",""journey_feel"":""Not so good, I can do better"",""path_now_band"":""5 to 10 Cr"",""path_yes_band"":""10 to 20 Cr"",""savings_band"":""Around 40%, some serious money""}"
EV0009954,P00212,state_enter_S2,X01,2026-07-02T01:31:28+05:30,"{""from_state"":""S1"",""state"":""S2""}"
EV0009958,P00212,paywall_viewed,P01,2026-07-02T01:35:09+05:30,"{""from_state"":""S2"",""sku_expanded"":""diy""}"
EV0009964,P00213,signed_up,A03,2026-07-04T10:43:03+05:30,"{""device"":""android"",""phone"":""9000070576"",""source"":""web_reveal"",""whatsapp_optin"":true}"
EV0009965,P00213,state_enter_S1,R01,2026-07-04T10:43:03+05:30,"{""from_state"":null,""state"":""S1""}"
EV0009977,P00213,reveal_seen,R09,2026-07-04T13:27:56+05:30,"{""age_band"":""30 to 34"",""aspiration"":""Freedom"",""city"":""Bengaluru"",""corpus_band"":""Under 5 lakhs"",""income_band"":""10 to 25 lakhs"",""journey_feel"":""Very good, mostly things have worked out well"",""path_now_band"":""2 to 5 Cr"",""path_yes_band"":""5 to 10 Cr"",""savings_band"":""Around 25%, meaningful amounts""}"
EV0009978,P00213,state_enter_S2,X01,2026-07-04T13:27:56+05:30,"{""from_state"":""S1"",""state"":""S2""}"
EV0009982,P00213,paywall_viewed,P01,2026-07-04T13:31:51+05:30,"{""from_state"":""S2"",""sku_expanded"":""diy""}"
EV0009996,P00214,signed_up,A03,2026-07-03T14:56:15+05:30,"{""device"":""android"",""phone"":""9000055626"",""source"":""web_reveal"",""whatsapp_optin"":true}"
EV0009997,P00214,state_enter_S1,R01,2026-07-03T14:56:15+05:30,"{""from_state"":null,""state"":""S1""}"
EV0010009,P00214,reveal_seen,R09,2026-07-04T00:15:32+05:30,"{""age_band"":""35 to 39"",""aspiration"":""Family"",""city"":""Hyderabad"",""corpus_band"":""25 lakhs to 1 crore"",""income_band"":""50 lakhs to 1 crore"",""journey_feel"":""Not so good, I can do better"",""path_now_band"":""5 to 10 Cr"",""path_yes_band"":""10 to 20 Cr"",""savings_band"":""Around 40%, some serious money""}"
EV0010010,P00214,state_enter_S2,X01,2026-07-04T00:15:32+05:30,"{""from_state"":""S1"",""state"":""S2""}"
EV0010014,P00214,paywall_viewed,P01,2026-07-04T00:19:16+05:30,"{""from_state"":""S2"",""sku_expanded"":""diy""}"
EV0010024,P00216,signed_up,A03,2026-07-04T11:17:18+05:30,"{""device"":""android"",""phone"":""9000081137"",""source"":""referral"",""whatsapp_optin"":true}"
EV0010025,P00216,state_enter_S1,R01,2026-07-04T11:17:18+05:30,"{""from_state"":null,""state"":""S1""}"
EV0010037,P00216,reveal_seen,R09,2026-07-05T00:38:47+05:30,"{""age_band"":""40 to 44"",""aspiration"":""Legacy"",""city"":""Delhi"",""corpus_band"":""1 to 5 crores"",""income_band"":""50 lakhs to 1 crore"",""journey_feel"":""Not so good, I can do better"",""path_now_band"":""over 20 Cr"",""path_yes_band"":""over 20 Cr"",""savings_band"":""More than 40%, I live well below my means""}"
EV0010038,P00216,state_enter_S2,X01,2026-07-05T00:38:47+05:30,"{""from_state"":""S1"",""state"":""S2""}"
EV0010043,P00216,paywall_viewed,P01,2026-07-05T00:45:39+05:30,"{""from_state"":""S2"",""sku_expanded"":""none""}"
EV0010049,P00218,signed_up,A03,2026-07-07T10:18:36+05:30,"{""device"":""android"",""phone"":""9000047229"",""source"":""community"",""whatsapp_optin"":true}"
EV0010050,P00218,state_enter_S1,R01,2026-07-07T10:18:36+05:30,"{""from_state"":null,""state"":""S1""}"
EV0010064,P00220,signed_up,A03,2026-07-06T05:05:30+05:30,"{""device"":""android"",""phone"":""9000050853"",""source"":""organic"",""whatsapp_optin"":false}"
EV0010065,P00220,state_enter_S1,R01,2026-07-06T05:05:30+05:30,"{""from_state"":null,""state"":""S1""}"
EV0010076,P00223,signed_up,A03,2026-07-06T16:39:08+05:30,"{""device"":""android"",""phone"":""9000017631"",""source"":""community"",""whatsapp_optin"":true}"
EV0010077,P00223,state_enter_S1,R01,2026-07-06T16:39:08+05:30,"{""from_state"":null,""state"":""S1""}"
EV0010089,P00223,reveal_seen,R09,2026-07-07T07:01:49+05:30,"{""age_band"":""30 to 34"",""aspiration"":""Freedom"",""city"":""Mumbai"",""corpus_band"":""5 to 25 lakhs"",""income_band"":""Under 10 lakhs"",""journey_feel"":""Very good, mostly things have worked out well"",""path_now_band"":""5 to 10 Cr"",""path_yes_band"":""10 to 20 Cr"",""savings_band"":""More than 40%, I live well below my means""}"
EV0010090,P00223,state_enter_S2,X01,2026-07-07T07:01:49+05:30,"{""from_state"":""S1"",""state"":""S2""}"
EV0010092,P00223,paywall_viewed,P01,2026-07-07T09:10:01+05:30,"{""from_state"":""S2"",""sku_expanded"":""diwm""}"
EV0010094,P00223,state_enter_S2b,P03,2026-07-07T09:10:31+05:30,"{""from_state"":""S2"",""state"":""S2b""}"
EV0010096,P00223,esign_done,P03,2026-07-07T09:16:04+05:30,"{""agreement_version"":""AGR v1 (to be verified: agreement template versions)"",""esign_ref"":""ESIGN-SEED-003462""}"
EV0010097,P00223,state_enter_S2c,P04,2026-07-07T09:16:04+05:30,"{""from_state"":""S2b"",""state"":""S2c""}"
EV0010099,P00223,paid,P05,2026-07-07T09:21:38+05:30,"{""amount"":""Rs ___"",""mandate_status"":""active"",""period"":""monthly"",""razorpay_ids"":{""customer_id"":""cust_SEED00223"",""subscription_or_txn_id"":""sub_SEED002231""},""sku"":""diwm""}"
EV0010100,P00223,state_enter_S3,O02,2026-07-07T09:21:38+05:30,"{""from_state"":""S2c"",""state"":""S3""}"
EV0010109,P00223,state_enter_S17,A10a,2026-07-07T09:33:00+05:30,"{""from_state"":""S3"",""state"":""S17""}"
EV0010117,P00223,state_enter_S3,O02,2026-07-08T21:07:04+05:30,"{""from_state"":""S17"",""state"":""S3""}"
EV0010121,P00223,state_enter_S4,O02,2026-07-08T21:16:25+05:30,"{""from_state"":""S3"",""state"":""S4""}"
EV0010124,P00223,data_progress,D12a,2026-07-08T21:16:47+05:30,"{""pct_complete"":27,""step_id"":""family""}"
EV0010129,P00223,state_enter_S19,O02,2026-07-15T21:16:25+05:30,"{""from_state"":""S4"",""state"":""S19""}"
EV0010146,P00223,data_progress,D12b,2026-07-28T00:56:29+05:30,"{""pct_complete"":35,""step_id"":""risk""}"
EV0010147,P00223,payment_failed,Q03b,2026-08-06T09:21:38+05:30,"{""grace_until"":""2026-08-13""}"
EV0010148,P00223,state_enter_S12,H01f,2026-08-06T09:21:38+05:30,"{""from_state"":""S19"",""state"":""S12""}"
EV0010152,P00223,payment_recovered,Q03b,2026-08-07T06:03:22+05:30,"{""grace_until"":""2026-08-13""}"
EV0010153,P00223,state_enter_S19,O02,2026-08-07T06:03:22+05:30,"{""from_state"":""S12"",""state"":""S19""}"
EV0010161,P00224,signed_up,A03,2026-07-12T01:21:29+05:30,"{""device"":""android"",""phone"":""9000094397"",""source"":""community"",""whatsapp_optin"":true}"
EV0010162,P00224,state_enter_S1,R01,2026-07-12T01:21:29+05:30,"{""from_state"":null,""state"":""S1""}"
EV0010174,P00224,reveal_seen,R09,2026-07-12T10:19:32+05:30,"{""age_band"":""30 to 34"",""aspiration"":""Security"",""city"":""Chennai"",""corpus_band"":""25 lakhs to 1 crore"",""income_band"":""25 to 50 lakhs"",""journey_feel"":""Very good, mostly things have worked out well"",""path_now_band"":""over 20 Cr"",""path_yes_band"":""over 20 Cr"",""savings_band"":""More than 40%, I live well below my means""}"
EV0010175,P00224,state_enter_S2,X01,2026-07-12T10:19:32+05:30,"{""from_state"":""S1"",""state"":""S2""}"
EV0010178,P00224,paywall_viewed,P01,2026-07-12T10:21:04+05:30,"{""from_state"":""S2"",""sku_expanded"":""diwm""}"
EV0010186,P00227,signed_up,A03,2026-07-07T01:39:37+05:30,"{""device"":""android"",""phone"":""9000065328"",""source"":""community"",""whatsapp_optin"":true}"
EV0010187,P00227,state_enter_S1,R01,2026-07-07T01:39:37+05:30,"{""from_state"":null,""state"":""S1""}"
EV0010199,P00227,reveal_seen,R09,2026-07-07T10:12:39+05:30,"{""age_band"":""25 to 29"",""aspiration"":""Freedom"",""city"":""Bengaluru"",""corpus_band"":""25 lakhs to 1 crore"",""income_band"":""10 to 25 lakhs"",""journey_feel"":""Some hits and some misses, it has been mixed"",""path_now_band"":""5 to 10 Cr"",""path_yes_band"":""10 to 20 Cr"",""savings_band"":""Around 40%, some serious money""}"
EV0010200,P00227,state_enter_S2,X01,2026-07-07T10:12:39+05:30,"{""from_state"":""S1"",""state"":""S2""}"
EV0010204,P00227,paywall_viewed,P01,2026-07-07T10:16:34+05:30,"{""from_state"":""S2"",""sku_expanded"":""diwm""}"
EV0010211,P00228,signed_up,A03,2026-07-11T05:35:09+05:30,"{""device"":""android"",""phone"":""9000045017"",""source"":""community"",""whatsapp_optin"":true}"
EV0010212,P00228,state_enter_S1,R01,2026-07-11T05:35:09+05:30,"{""from_state"":null,""state"":""S1""}"
EV0010224,P00228,reveal_seen,R09,2026-07-11T12:29:17+05:30,"{""age_band"":""25 to 29"",""aspiration"":""Freedom"",""city"":""Bengaluru"",""corpus_band"":""5 to 25 lakhs"",""income_band"":""10 to 25 lakhs"",""journey_feel"":""Not so good, I can do better"",""path_now_band"":""10 to 20 Cr"",""path_yes_band"":""over 20 Cr"",""savings_band"":""More than 40%, I live well below my means""}"
EV0010225,P00228,state_enter_S2,X01,2026-07-11T12:29:17+05:30,"{""from_state"":""S1"",""state"":""S2""}"
EV0010237,P00230,signed_up,A03,2026-07-07T08:29:55+05:30,"{""device"":""android"",""phone"":""9000022040"",""source"":""community"",""whatsapp_optin"":true}"
EV0010238,P00230,state_enter_S1,R01,2026-07-07T08:29:55+05:30,"{""from_state"":null,""state"":""S1""}"
EV0010250,P00230,reveal_seen,R09,2026-07-07T10:01:51+05:30,"{""age_band"":""40 to 44"",""aspiration"":""Security"",""city"":""Hyderabad"",""corpus_band"":""25 lakhs to 1 crore"",""income_band"":""50 lakhs to 1 crore"",""journey_feel"":""Not so good, I can do better"",""path_now_band"":""over 20 Cr"",""path_yes_band"":""over 20 Cr"",""savings_band"":""More than 40%, I live well below my means""}"
EV0010251,P00230,state_enter_S2,X01,2026-07-07T10:01:51+05:30,"{""from_state"":""S1"",""state"":""S2""}"
EV0010262,P00231,signed_up,A03,2026-07-08T00:01:18+05:30,"{""device"":""android"",""phone"":""9000045230"",""source"":""corporate_session"",""whatsapp_optin"":true}"
EV0010263,P00231,state_enter_S1,R01,2026-07-08T00:01:18+05:30,"{""from_state"":null,""state"":""S1""}"
EV0010275,P00231,reveal_seen,R09,2026-07-08T10:27:01+05:30,"{""age_band"":""35 to 39"",""aspiration"":""Freedom"",""city"":""Hyderabad"",""corpus_band"":""25 lakhs to 1 crore"",""income_band"":""25 to 50 lakhs"",""journey_feel"":""Some hits and some misses, it has been mixed"",""path_now_band"":""over 20 Cr"",""path_yes_band"":""over 20 Cr"",""savings_band"":""More than 40%, I live well below my means""}"
EV0010276,P00231,state_enter_S2,X01,2026-07-08T10:27:01+05:30,"{""from_state"":""S1"",""state"":""S2""}"
EV0010289,P00233,signed_up,A03,2026-07-08T22:58:00+05:30,"{""device"":""android"",""phone"":""9000096060"",""source"":""community"",""whatsapp_optin"":true}"
EV0010290,P00233,state_enter_S1,R01,2026-07-08T22:58:00+05:30,"{""from_state"":null,""state"":""S1""}"
EV0010301,P00233,reveal_seen,R09,2026-07-09T00:58:18+05:30,"{""age_band"":""30 to 34"",""aspiration"":""Family"",""city"":""Pune"",""corpus_band"":""25 lakhs to 1 crore"",""income_band"":""10 to 25 lakhs"",""journey_feel"":""Very good, mostly things have worked out well"",""path_now_band"":""5 to 10 Cr"",""path_yes_band"":""5 to 10 Cr"",""savings_band"":""Around 10%, small consistent chunks""}"
EV0010302,P00233,state_enter_S2,X01,2026-07-09T00:58:18+05:30,"{""from_state"":""S1"",""state"":""S2""}"
EV0010311,P00235,signed_up,A03,2026-07-09T09:44:13+05:30,"{""device"":""android"",""phone"":""9000014471"",""source"":""referral"",""whatsapp_optin"":false}"
EV0010312,P00235,state_enter_S1,R01,2026-07-09T09:44:13+05:30,"{""from_state"":null,""state"":""S1""}"
EV0010324,P00239,signed_up,A03,2026-07-10T15:16:23+05:30,"{""device"":""android"",""phone"":""9000055686"",""source"":""organic"",""whatsapp_optin"":true}"
EV0010325,P00239,state_enter_S1,R01,2026-07-10T15:16:23+05:30,"{""from_state"":null,""state"":""S1""}"
EV0010337,P00239,reveal_seen,R09,2026-07-10T22:31:56+05:30,"{""age_band"":""30 to 34"",""aspiration"":""Family"",""city"":""Noida"",""corpus_band"":""25 lakhs to 1 crore"",""income_band"":""50 lakhs to 1 crore"",""journey_feel"":""Not so good, I can do better"",""path_now_band"":""over 20 Cr"",""path_yes_band"":""over 20 Cr"",""savings_band"":""Around 40%, some serious money""}"
EV0010338,P00239,state_enter_S2,X01,2026-07-10T22:31:56+05:30,"{""from_state"":""S1"",""state"":""S2""}"
EV0010342,P00239,paywall_viewed,P01,2026-07-10T22:34:39+05:30,"{""from_state"":""S2"",""sku_expanded"":""diwm""}"
EV0010348,P00240,signed_up,A03,2026-07-14T19:18:40+05:30,"{""device"":""ios"",""phone"":""9000092942"",""source"":""organic"",""whatsapp_optin"":true}"
EV0010349,P00240,state_enter_S1,R01,2026-07-14T19:18:40+05:30,"{""from_state"":null,""state"":""S1""}"
EV0010361,P00240,reveal_seen,R09,2026-07-15T11:20:37+05:30,"{""age_band"":""30 to 34"",""aspiration"":""Freedom"",""city"":""Pune"",""corpus_band"":""5 to 25 lakhs"",""income_band"":""10 to 25 lakhs"",""journey_feel"":""Some hits and some misses, it has been mixed"",""path_now_band"":""5 to 10 Cr"",""path_yes_band"":""10 to 20 Cr"",""savings_band"":""Around 25%, meaningful amounts""}"
EV0010362,P00240,state_enter_S2,X01,2026-07-15T11:20:37+05:30,"{""from_state"":""S1"",""state"":""S2""}"
EV0010366,P00240,paywall_viewed,P01,2026-07-15T11:22:48+05:30,"{""from_state"":""S2"",""sku_expanded"":""diy""}"
EV0010374,P00241,signed_up,A03,2026-07-11T07:59:29+05:30,"{""device"":""android"",""phone"":""9000001472"",""source"":""community"",""whatsapp_optin"":true}"
EV0010375,P00241,state_enter_S1,R01,2026-07-11T07:59:29+05:30,"{""from_state"":null,""state"":""S1""}"
EV0010387,P00241,reveal_seen,R09,2026-07-11T18:20:04+05:30,"{""age_band"":""25 to 29"",""aspiration"":""Freedom"",""city"":""Mumbai"",""corpus_band"":""5 to 25 lakhs"",""income_band"":""10 to 25 lakhs"",""journey_feel"":""Some hits and some misses, it has been mixed"",""path_now_band"":""5 to 10 Cr"",""path_yes_band"":""10 to 20 Cr"",""savings_band"":""Around 40%, some serious money""}"
EV0010388,P00241,state_enter_S2,X01,2026-07-11T18:20:04+05:30,"{""from_state"":""S1"",""state"":""S2""}"
EV0010393,P00241,paywall_viewed,P01,2026-07-11T18:26:39+05:30,"{""from_state"":""S2"",""sku_expanded"":""none""}"
EV0010399,P00242,signed_up,A03,2026-07-12T02:16:05+05:30,"{""device"":""android"",""phone"":""9000047337"",""source"":""community"",""whatsapp_optin"":true}"
EV0010400,P00242,state_enter_S1,R01,2026-07-12T02:16:05+05:30,"{""from_state"":null,""state"":""S1""}"
EV0010411,P00242,reveal_seen,R09,2026-07-12T08:57:27+05:30,"{""age_band"":""40 to 44"",""aspiration"":""Legacy"",""city"":""Bengaluru"",""corpus_band"":""1 to 5 crores"",""income_band"":""50 lakhs to 1 crore"",""journey_feel"":""Some hits and some misses, it has been mixed"",""path_now_band"":""10 to 20 Cr"",""path_yes_band"":""over 20 Cr"",""savings_band"":""More than 40%, I live well below my means""}"
EV0010412,P00242,state_enter_S2,X01,2026-07-12T08:57:27+05:30,"{""from_state"":""S1"",""state"":""S2""}"
EV0010417,P00242,paywall_viewed,P01,2026-07-12T09:03:22+05:30,"{""from_state"":""S2"",""sku_expanded"":""none""}"
EV0010425,P00243,signed_up,A03,2026-07-12T14:05:10+05:30,"{""device"":""ios"",""phone"":""9000028313"",""source"":""community"",""whatsapp_optin"":true}"
EV0010426,P00243,state_enter_S1,R01,2026-07-12T14:05:10+05:30,"{""from_state"":null,""state"":""S1""}"
EV0010438,P00243,reveal_seen,R09,2026-07-12T20:01:08+05:30,"{""age_band"":""25 to 29"",""aspiration"":""Freedom"",""city"":""Bengaluru"",""corpus_band"":""25 lakhs to 1 crore"",""income_band"":""10 to 25 lakhs"",""journey_feel"":""Some hits and some misses, it has been mixed"",""path_now_band"":""10 to 20 Cr"",""path_yes_band"":""over 20 Cr"",""savings_band"":""More than 40%, I live well below my means""}"
EV0010439,P00243,state_enter_S2,X01,2026-07-12T20:01:08+05:30,"{""from_state"":""S1"",""state"":""S2""}"
EV0010441,P00243,paywall_viewed,P01,2026-07-12T20:12:24+05:30,"{""from_state"":""S2"",""sku_expanded"":""diy""}"
EV0010443,P00243,state_enter_S2b,P03,2026-07-12T20:12:54+05:30,"{""from_state"":""S2"",""state"":""S2b""}"
EV0010445,P00243,esign_done,P03,2026-07-12T20:15:58+05:30,"{""agreement_version"":""AGR v1 (to be verified: agreement template versions)"",""esign_ref"":""ESIGN-SEED-003308""}"
EV0010446,P00243,state_enter_S2c,P04,2026-07-12T20:15:58+05:30,"{""from_state"":""S2b"",""state"":""S2c""}"
EV0010448,P00243,paid,P05,2026-07-12T20:19:03+05:30,"{""amount"":""Rs ___"",""mandate_status"":""active"",""period"":""quarterly"",""razorpay_ids"":{""customer_id"":""cust_SEED00243"",""subscription_or_txn_id"":""sub_SEED002431""},""sku"":""diy""}"
EV0010449,P00243,state_enter_S3,O02,2026-07-12T20:19:03+05:30,"{""from_state"":""S2c"",""state"":""S3""}"
EV0010457,P00243,state_enter_S4,O02,2026-07-13T01:43:55+05:30,"{""from_state"":""S3"",""state"":""S4""}"
EV0010459,P00243,data_progress,D12a,2026-07-13T01:44:37+05:30,"{""pct_complete"":27,""step_id"":""family""}"
EV0010470,P00243,data_progress,D12b,2026-07-13T01:46:23+05:30,"{""pct_complete"":35,""step_id"":""risk""}"
EV0010478,P00243,data_progress,D12c,2026-07-13T01:48:41+05:30,"{""pct_complete"":40,""step_id"":""income""}"
EV0010496,P00243,data_progress,D12d,2026-07-13T01:53:33+05:30,"{""pct_complete"":51,""step_id"":""expenses""}"
EV0010517,P00243,data_progress,D12e,2026-07-13T02:00:07+05:30,"{""pct_complete"":66,""step_id"":""investments""}"
EV0010520,P00243,data_progress,D12f,2026-07-13T02:00:49+05:30,"{""pct_complete"":74,""step_id"":""loans""}"
EV0010531,P00243,data_progress,D12g,2026-07-13T02:03:31+05:30,"{""pct_complete"":82,""step_id"":""insurance""}"
EV0010537,P00243,data_progress,D12h,2026-07-13T02:05:19+05:30,"{""pct_complete"":90,""step_id"":""goals""}"
EV0010546,P00243,state_enter_S5,D10,2026-07-15T07:32:35+05:30,"{""from_state"":""S4"",""state"":""S5""}"
EV0010549,P00243,data_complete,D10,2026-07-16T18:09:02+05:30,{}
EV0010550,P00243,plan_built,D10,2026-07-16T18:10:23+05:30,"{""assumed_count"":1,""assumptions_version"":""A2"",""band_count"":8,""built_on"":""full"",""instrument_set_version"":""I1"",""plan_version"":""v1"",""unknown_count"":0}"
EV0010551,P00243,state_enter_S6,H01a,2026-07-16T18:10:23+05:30,"{""from_state"":""S5"",""state"":""S6""}"
EV0010557,P00243,plan_read,G03,2026-07-25T03:05:13+05:30,{}
EV0010558,P00243,state_enter_S8,H01b,2026-07-25T03:05:13+05:30,"{""from_state"":""S6"",""state"":""S8""}"
EV0010568,P00243,pdf_downloaded,G10,2026-07-25T03:21:55+05:30,"{""plan_version"":""v1""}"
EV0010582,P00243,state_enter_S9,H01c,2026-08-18T14:13:20+05:30,"{""from_state"":""S8"",""state"":""S9""}"
EV0010596,P00243,plan_updated,H05,2026-08-18T23:16:42+05:30,"{""from_version"":""v1"",""reason"":""life_event"",""to_version"":""v2""}"
EV0010597,P00243,state_enter_S11,H01e,2026-08-18T23:16:42+05:30,"{""from_state"":""S9"",""state"":""S11""}"
EV0010599,P00243,update_accepted,H05,2026-08-18T23:19:54+05:30,"{""to_version"":""v2""}"
EV0010600,P00243,state_enter_S9,H01c,2026-08-18T23:19:54+05:30,"{""from_state"":""S11"",""state"":""S9""}"
EV0010606,P00243,action_done,E06,2026-08-25T06:43:35+05:30,"{""done_count"":1,""total_count"":7,""verification"":""platform"",""verified"":true}"
EV0010623,P00243,ticket_created,H07,2026-09-08T09:26:23+05:30,"{""category"":""support"",""ticket_id"":""TK-004711""}"
EV0010624,P00243,plan_updated,H05,2026-09-11T10:41:23+05:30,"{""from_version"":""v2"",""reason"":""publish"",""to_version"":""v3""}"
EV0010625,P00243,state_enter_S11,H01e,2026-09-11T10:41:23+05:30,"{""from_state"":""S9"",""state"":""S11""}"
EV0010628,P00243,update_accepted,H05,2026-09-18T05:39:59+05:30,"{""to_version"":""v3""}"
EV0010629,P00243,state_enter_S9,H01c,2026-09-18T05:39:59+05:30,"{""from_state"":""S11"",""state"":""S9""}"
EV0010636,P00244,signed_up,A03,2026-07-12T13:11:34+05:30,"{""device"":""android"",""phone"":""9000081235"",""source"":""community"",""whatsapp_optin"":true}"
EV0010637,P00244,state_enter_S1,R01,2026-07-12T13:11:34+05:30,"{""from_state"":null,""state"":""S1""}"
EV0010646,P00247,signed_up,A03,2026-07-16T20:04:33+05:30,"{""device"":""android"",""phone"":""9000059694"",""source"":""organic"",""whatsapp_optin"":true}"
EV0010647,P00247,state_enter_S1,R01,2026-07-16T20:04:33+05:30,"{""from_state"":null,""state"":""S1""}"
EV0010658,P00248,signed_up,A03,2026-07-18T20:58:30+05:30,"{""device"":""android"",""phone"":""9000049192"",""source"":""community"",""whatsapp_optin"":true}"
EV0010659,P00248,state_enter_S1,R01,2026-07-18T20:58:30+05:30,"{""from_state"":null,""state"":""S1""}"
EV0010674,P00257,signed_up,A03,2026-07-18T01:49:40+05:30,"{""device"":""android"",""phone"":""9000022672"",""source"":""community"",""whatsapp_optin"":true}"
EV0010675,P00257,state_enter_S1,R01,2026-07-18T01:49:40+05:30,"{""from_state"":null,""state"":""S1""}"
EV0010686,P00257,reveal_seen,R09,2026-07-18T03:09:53+05:30,"{""age_band"":""30 to 34"",""aspiration"":""Security"",""city"":""Mumbai"",""corpus_band"":""5 to 25 lakhs"",""income_band"":""10 to 25 lakhs"",""journey_feel"":""Some hits and some misses, it has been mixed"",""path_now_band"":""10 to 20 Cr"",""path_yes_band"":""over 20 Cr"",""savings_band"":""More than 40%, I live well below my means""}"
EV0010687,P00257,state_enter_S2,X01,2026-07-18T03:09:53+05:30,"{""from_state"":""S1"",""state"":""S2""}"
EV0010692,P00257,paywall_viewed,P01,2026-07-20T23:11:29+05:30,"{""from_state"":""S2"",""sku_expanded"":""diwm""}"
EV0010694,P00257,state_enter_S2b,P03,2026-07-20T23:11:59+05:30,"{""from_state"":""S2"",""state"":""S2b""}"
EV0010696,P00257,esign_done,P03,2026-07-20T23:13:58+05:30,"{""agreement_version"":""AGR v1 (to be verified: agreement template versions)"",""esign_ref"":""ESIGN-SEED-003392""}"
EV0010697,P00257,state_enter_S2c,P04,2026-07-20T23:13:58+05:30,"{""from_state"":""S2b"",""state"":""S2c""}"
EV0010699,P00257,paid,P05,2026-07-20T23:15:57+05:30,"{""amount"":""Rs ___"",""mandate_status"":""active"",""period"":""monthly"",""razorpay_ids"":{""customer_id"":""cust_SEED00257"",""subscription_or_txn_id"":""sub_SEED002571""},""sku"":""diwm""}"
EV0010700,P00257,state_enter_S3,O02,2026-07-20T23:15:57+05:30,"{""from_state"":""S2c"",""state"":""S3""}"
EV0010708,P00257,aa_connected,A06,2026-07-20T23:33:58+05:30,"{""consent_expiry"":""2026-10-18"",""institutions_failed"":[],""institutions_ok"":[""Bank 1"",""KFintech"",""NPS CRA""]}"
EV0010711,P00257,state_enter_S4,O02,2026-07-21T00:18:04+05:30,"{""from_state"":""S3"",""state"":""S4""}"
EV0010715,P00257,data_progress,D12a,2026-07-21T00:20:07+05:30,"{""pct_complete"":29,""step_id"":""family""}"
EV0010726,P00257,data_progress,D12b,2026-07-21T07:35:29+05:30,"{""pct_complete"":37,""step_id"":""risk""}"
EV0010743,P00257,data_progress,D12c,2026-07-27T22:42:33+05:30,"{""pct_complete"":40,""step_id"":""income""}"
EV0010746,P00257,state_enter_S19,O02,2026-07-28T00:18:04+05:30,"{""from_state"":""S4"",""state"":""S19""}"
EV0010759,P00257,payment_failed,Q03b,2026-08-19T23:15:57+05:30,"{""grace_until"":""2026-08-26""}"
EV0010760,P00257,state_enter_S12,H01f,2026-08-19T23:15:57+05:30,"{""from_state"":""S19"",""state"":""S12""}"
EV0010766,P00257,lapsed,Q03c,2026-08-26T23:15:57+05:30,"{""reason"":""payment not recovered in grace""}"
EV0010767,P00257,state_enter_S13,H01g,2026-08-26T23:15:57+05:30,"{""from_state"":""S12"",""state"":""S13""}"
EV0010769,P00257,ticket_created,H07,2026-08-28T07:10:30+05:30,"{""category"":""grievance"",""ticket_id"":""TK-004831""}"
EV0010771,P00257,ticket_created,H07,2026-09-09T17:57:55+05:30,"{""category"":""adviser_message"",""ticket_id"":""TK-004832""}"
EV0010775,P00264,signed_up,A03,2026-07-19T09:35:23+05:30,"{""device"":""android"",""phone"":""9000004249"",""source"":""corporate_session"",""whatsapp_optin"":true}"
EV0010776,P00264,state_enter_S1,R01,2026-07-19T09:35:23+05:30,"{""from_state"":null,""state"":""S1""}"
EV0010788,P00264,reveal_seen,R09,2026-07-19T16:35:51+05:30,"{""age_band"":""25 to 29"",""aspiration"":""Freedom"",""city"":""Delhi"",""corpus_band"":""25 lakhs to 1 crore"",""income_band"":""10 to 25 lakhs"",""journey_feel"":""Some hits and some misses, it has been mixed"",""path_now_band"":""10 to 20 Cr"",""path_yes_band"":""over 20 Cr"",""savings_band"":""More than 40%, I live well below my means""}"
EV0010789,P00264,state_enter_S2,X01,2026-07-19T16:35:51+05:30,"{""from_state"":""S1"",""state"":""S2""}"
EV0010798,P00265,signed_up,A03,2026-07-18T19:08:16+05:30,"{""device"":""android"",""phone"":""9000012591"",""source"":""community"",""whatsapp_optin"":true}"
EV0010799,P00265,state_enter_S1,R01,2026-07-18T19:08:16+05:30,"{""from_state"":null,""state"":""S1""}"
EV0010811,P00265,reveal_seen,R09,2026-07-19T14:02:59+05:30,"{""age_band"":""30 to 34"",""aspiration"":""Legacy"",""city"":""Gurugram"",""corpus_band"":""5 to 25 lakhs"",""income_band"":""25 to 50 lakhs"",""journey_feel"":""Not so good, I can do better"",""path_now_band"":""10 to 20 Cr"",""path_yes_band"":""over 20 Cr"",""savings_band"":""More than 40%, I live well below my means""}"
EV0010812,P00265,state_enter_S2,X01,2026-07-19T14:02:59+05:30,"{""from_state"":""S1"",""state"":""S2""}"
EV0010815,P00265,paywall_viewed,P01,2026-07-19T14:05:29+05:30,"{""from_state"":""S2"",""sku_expanded"":""diwm""}"
EV0010825,P00268,signed_up,A03,2026-07-18T06:44:03+05:30,"{""device"":""android"",""phone"":""9000021159"",""source"":""corporate_session"",""whatsapp_optin"":false}"
EV0010826,P00268,state_enter_S1,R01,2026-07-18T06:44:03+05:30,"{""from_state"":null,""state"":""S1""}"
EV0010838,P00268,reveal_seen,R09,2026-07-18T16:41:25+05:30,"{""age_band"":""30 to 34"",""aspiration"":""Freedom"",""city"":""Pune"",""corpus_band"":""25 lakhs to 1 crore"",""income_band"":""10 to 25 lakhs"",""journey_feel"":""Very good, mostly things have worked out well"",""path_now_band"":""10 to 20 Cr"",""path_yes_band"":""10 to 20 Cr"",""savings_band"":""More than 40%, I live well below my means""}"
EV0010839,P00268,state_enter_S2,X01,2026-07-18T16:41:25+05:30,"{""from_state"":""S1"",""state"":""S2""}"
EV0010843,P00268,paywall_viewed,P01,2026-07-18T17:57:56+05:30,"{""from_state"":""S2"",""sku_expanded"":""none""}"
EV0010845,P00268,state_enter_S2b,P03,2026-07-18T18:00:03+05:30,"{""from_state"":""S2"",""state"":""S2b""}"
EV0010847,P00268,esign_done,P03,2026-07-18T18:08:28+05:30,"{""agreement_version"":""AGR v1 (to be verified: agreement template versions)"",""esign_ref"":""ESIGN-SEED-003154""}"
EV0010848,P00268,state_enter_S2c,P04,2026-07-18T18:08:28+05:30,"{""from_state"":""S2b"",""state"":""S2c""}"
EV0010857,P00269,signed_up,A03,2026-07-18T05:59:08+05:30,"{""device"":""android"",""phone"":""9000018420"",""source"":""community"",""whatsapp_optin"":true}"
EV0010858,P00269,state_enter_S1,R01,2026-07-18T05:59:08+05:30,"{""from_state"":null,""state"":""S1""}"
EV0010869,P00269,reveal_seen,R09,2026-07-18T08:23:13+05:30,"{""age_band"":""30 to 34"",""aspiration"":""Freedom"",""city"":""Pune"",""corpus_band"":""5 to 25 lakhs"",""income_band"":""Under 10 lakhs"",""journey_feel"":""Very good, mostly things have worked out well"",""path_now_band"":""10 to 20 Cr"",""path_yes_band"":""over 20 Cr"",""savings_band"":""More than 40%, I live well below my means""}"
EV0010870,P00269,state_enter_S2,X01,2026-07-18T08:23:13+05:30,"{""from_state"":""S1"",""state"":""S2""}"
EV0010873,P00269,paywall_viewed,P01,2026-07-18T08:25:49+05:30,"{""from_state"":""S2"",""sku_expanded"":""none""}"
EV0010879,P00271,signed_up,A03,2026-07-19T00:22:04+05:30,"{""device"":""android"",""phone"":""9000017199"",""source"":""web_reveal"",""whatsapp_optin"":true}"
EV0010880,P00271,state_enter_S1,R01,2026-07-19T00:22:04+05:30,"{""from_state"":null,""state"":""S1""}"
EV0010891,P00271,reveal_seen,R09,2026-07-19T03:46:20+05:30,"{""age_band"":""30 to 34"",""aspiration"":""Security"",""city"":""Ahmedabad"",""corpus_band"":""5 to 25 lakhs"",""income_band"":""10 to 25 lakhs"",""journey_feel"":""Some hits and some misses, it has been mixed"",""path_now_band"":""5 to 10 Cr"",""path_yes_band"":""10 to 20 Cr"",""savings_band"":""Around 25%, meaningful amounts""}"
EV0010892,P00271,state_enter_S2,X01,2026-07-19T03:46:20+05:30,"{""from_state"":""S1"",""state"":""S2""}"
EV0010904,P00273,signed_up,A03,2026-07-19T23:41:42+05:30,"{""device"":""android"",""phone"":""9000028618"",""source"":""referral"",""whatsapp_optin"":false}"
EV0010905,P00273,state_enter_S1,R01,2026-07-19T23:41:42+05:30,"{""from_state"":null,""state"":""S1""}"
EV0010916,P00273,reveal_seen,R09,2026-07-20T02:52:44+05:30,"{""age_band"":""30 to 34"",""aspiration"":""Legacy"",""city"":""Hyderabad"",""corpus_band"":""5 to 25 lakhs"",""income_band"":""10 to 25 lakhs"",""journey_feel"":""Not so good, I can do better"",""path_now_band"":""5 to 10 Cr"",""path_yes_band"":""10 to 20 Cr"",""savings_band"":""More than 40%, I live well below my means""}"
EV0010917,P00273,state_enter_S2,X01,2026-07-20T02:52:44+05:30,"{""from_state"":""S1"",""state"":""S2""}"
EV0010927,P00274,signed_up,A03,2026-07-20T01:16:39+05:30,"{""device"":""ios"",""phone"":""9000063529"",""source"":""corporate_session"",""whatsapp_optin"":true}"
EV0010928,P00274,state_enter_S1,R01,2026-07-20T01:16:39+05:30,"{""from_state"":null,""state"":""S1""}"
EV0010939,P00274,reveal_seen,R09,2026-07-20T03:48:18+05:30,"{""age_band"":""30 to 34"",""aspiration"":""Family"",""city"":""Coimbatore"",""corpus_band"":""5 to 25 lakhs"",""income_band"":""10 to 25 lakhs"",""journey_feel"":""Not so good, I can do better"",""path_now_band"":""5 to 10 Cr"",""path_yes_band"":""10 to 20 Cr"",""savings_band"":""Around 40%, some serious money""}"
EV0010940,P00274,state_enter_S2,X01,2026-07-20T03:48:18+05:30,"{""from_state"":""S1"",""state"":""S2""}"
EV0010949,P00276,signed_up,A03,2026-07-22T19:40:38+05:30,"{""device"":""android"",""phone"":""9000024952"",""source"":""community"",""whatsapp_optin"":true}"
EV0010950,P00276,state_enter_S1,R01,2026-07-22T19:40:38+05:30,"{""from_state"":null,""state"":""S1""}"
EV0010962,P00276,reveal_seen,R09,2026-07-23T02:40:36+05:30,"{""age_band"":""30 to 34"",""aspiration"":""Generosity"",""city"":""Ahmedabad"",""corpus_band"":""25 lakhs to 1 crore"",""income_band"":""25 to 50 lakhs"",""journey_feel"":""Very good, mostly things have worked out well"",""path_now_band"":""10 to 20 Cr"",""path_yes_band"":""over 20 Cr"",""savings_band"":""More than 40%, I live well below my means""}"
EV0010963,P00276,state_enter_S2,X01,2026-07-23T02:40:36+05:30,"{""from_state"":""S1"",""state"":""S2""}"
EV0010966,P00276,paywall_viewed,P01,2026-07-23T02:42:13+05:30,"{""from_state"":""S2"",""sku_expanded"":""none""}"
EV0010972,P00277,signed_up,A03,2026-07-21T01:25:15+05:30,"{""device"":""android"",""phone"":""9000013533"",""source"":""corporate_session"",""whatsapp_optin"":true}"
EV0010973,P00277,state_enter_S1,R01,2026-07-21T01:25:15+05:30,"{""from_state"":null,""state"":""S1""}"
EV0010984,P00277,reveal_seen,R09,2026-07-21T01:32:57+05:30,"{""age_band"":""30 to 34"",""aspiration"":""Freedom"",""city"":""Pune"",""corpus_band"":""5 to 25 lakhs"",""income_band"":""10 to 25 lakhs"",""journey_feel"":""Some hits and some misses, it has been mixed"",""path_now_band"":""5 to 10 Cr"",""path_yes_band"":""10 to 20 Cr"",""savings_band"":""Around 40%, some serious money""}"
EV0010985,P00277,state_enter_S2,X01,2026-07-21T01:32:57+05:30,"{""from_state"":""S1"",""state"":""S2""}"
EV0010989,P00277,paywall_viewed,P01,2026-07-21T01:36:03+05:30,"{""from_state"":""S2"",""sku_expanded"":""diwm""}"
EV0010997,P00278,signed_up,A03,2026-07-20T21:26:14+05:30,"{""device"":""android"",""phone"":""9000021165"",""source"":""community"",""whatsapp_optin"":true}"
EV0010998,P00278,state_enter_S1,R01,2026-07-20T21:26:14+05:30,"{""from_state"":null,""state"":""S1""}"
EV0011009,P00278,reveal_seen,R09,2026-07-21T07:08:20+05:30,"{""age_band"":""35 to 39"",""aspiration"":""Freedom"",""city"":""Mumbai"",""corpus_band"":""25 lakhs to 1 crore"",""income_band"":""25 to 50 lakhs"",""journey_feel"":""Some hits and some misses, it has been mixed"",""path_now_band"":""10 to 20 Cr"",""path_yes_band"":""10 to 20 Cr"",""savings_band"":""More than 40%, I live well below my means""}"
EV0011010,P00278,state_enter_S2,X01,2026-07-21T07:08:20+05:30,"{""from_state"":""S1"",""state"":""S2""}"
EV0011020,P00279,signed_up,A03,2026-07-29T11:04:54+05:30,"{""device"":""android"",""phone"":""9000094111"",""source"":""community"",""whatsapp_optin"":true}"
EV0011021,P00279,state_enter_S1,R01,2026-07-29T11:04:54+05:30,"{""from_state"":null,""state"":""S1""}"
EV0011037,P00285,signed_up,A03,2026-07-25T06:56:56+05:30,"{""device"":""android"",""phone"":""9000082372"",""source"":""corporate_session"",""whatsapp_optin"":true}"
EV0011038,P00285,state_enter_S1,R01,2026-07-25T06:56:56+05:30,"{""from_state"":null,""state"":""S1""}"
EV0011050,P00285,reveal_seen,R09,2026-07-25T13:42:35+05:30,"{""age_band"":""35 to 39"",""aspiration"":""Security"",""city"":""Delhi"",""corpus_band"":""5 to 25 lakhs"",""income_band"":""10 to 25 lakhs"",""journey_feel"":""Some hits and some misses, it has been mixed"",""path_now_band"":""5 to 10 Cr"",""path_yes_band"":""5 to 10 Cr"",""savings_band"":""More than 40%, I live well below my means""}"
EV0011051,P00285,state_enter_S2,X01,2026-07-25T13:42:35+05:30,"{""from_state"":""S1"",""state"":""S2""}"
EV0011055,P00285,paywall_viewed,P01,2026-09-13T12:32:12+05:30,"{""from_state"":""S2"",""sku_expanded"":""diy""}"
EV0011057,P00285,state_enter_S2b,P03,2026-09-13T12:32:42+05:30,"{""from_state"":""S2"",""state"":""S2b""}"
EV0011059,P00285,esign_done,P03,2026-09-13T12:36:39+05:30,"{""agreement_version"":""AGR v1 (to be verified: agreement template versions)"",""esign_ref"":""ESIGN-SEED-003196""}"
EV0011060,P00285,state_enter_S2c,P04,2026-09-13T12:36:39+05:30,"{""from_state"":""S2b"",""state"":""S2c""}"
EV0011062,P00285,paid,P05,2026-09-13T12:40:36+05:30,"{""amount"":""Rs ___"",""mandate_status"":""none (charged per period)"",""period"":""monthly"",""razorpay_ids"":{""customer_id"":""cust_SEED00285"",""subscription_or_txn_id"":""pay_SEED002851""},""sku"":""diy""}"
EV0011063,P00285,state_enter_S3,O02,2026-09-13T12:40:36+05:30,"{""from_state"":""S2c"",""state"":""S3""}"
EV0011068,P00285,ticket_created,H07,2026-09-14T07:44:18+05:30,"{""category"":""support"",""ticket_id"":""TK-004551""}"
EV0011077,P00285,state_enter_S4,O02,2026-09-20T02:50:22+05:30,"{""from_state"":""S3"",""state"":""S4""}"
EV0011080,P00285,data_progress,D12a,2026-09-20T02:52:14+05:30,"{""pct_complete"":27,""step_id"":""family""}"
EV0011091,P00285,data_progress,D12b,2026-09-20T02:53:59+05:30,"{""pct_complete"":35,""step_id"":""risk""}"
EV0011099,P00285,data_progress,D12c,2026-09-20T02:56:36+05:30,"{""pct_complete"":40,""step_id"":""income""}"
EV0011113,P00285,data_progress,D12d,2026-09-20T03:00:25+05:30,"{""pct_complete"":47,""step_id"":""expenses""}"
EV0011136,P00285,data_progress,D12e,2026-09-20T03:07:36+05:30,"{""pct_complete"":63,""step_id"":""investments""}"
EV0011141,P00286,signed_up,A03,2026-07-23T23:49:30+05:30,"{""device"":""android"",""phone"":""9000072713"",""source"":""corporate_session"",""whatsapp_optin"":true}"
EV0011142,P00286,state_enter_S1,R01,2026-07-23T23:49:30+05:30,"{""from_state"":null,""state"":""S1""}"
EV0011152,P00288,signed_up,A03,2026-07-26T13:42:04+05:30,"{""device"":""android"",""phone"":""9000045511"",""source"":""web_reveal"",""whatsapp_optin"":true}"
EV0011153,P00288,state_enter_S1,R01,2026-07-26T13:42:04+05:30,"{""from_state"":null,""state"":""S1""}"
EV0011164,P00288,reveal_seen,R09,2026-07-26T14:08:01+05:30,"{""age_band"":""40 to 44"",""aspiration"":""Security"",""city"":""Pune"",""corpus_band"":""25 lakhs to 1 crore"",""income_band"":""50 lakhs to 1 crore"",""journey_feel"":""Very good, mostly things have worked out well"",""path_now_band"":""10 to 20 Cr"",""path_yes_band"":""over 20 Cr"",""savings_band"":""Around 40%, some serious money""}"
EV0011165,P00288,state_enter_S2,X01,2026-07-26T14:08:01+05:30,"{""from_state"":""S1"",""state"":""S2""}"
EV0011167,P00288,paywall_viewed,P01,2026-07-26T16:16:38+05:30,"{""from_state"":""S2"",""sku_expanded"":""diy""}"
EV0011169,P00288,state_enter_S2b,P03,2026-07-26T16:17:08+05:30,"{""from_state"":""S2"",""state"":""S2b""}"
EV0011171,P00288,esign_done,P03,2026-07-26T16:22:18+05:30,"{""agreement_version"":""AGR v1 (to be verified: agreement template versions)"",""esign_ref"":""ESIGN-SEED-003315""}"
EV0011172,P00288,state_enter_S2c,P04,2026-07-26T16:22:18+05:30,"{""from_state"":""S2b"",""state"":""S2c""}"
EV0011174,P00288,paid,P05,2026-07-26T16:27:29+05:30,"{""amount"":""Rs ___"",""mandate_status"":""active"",""period"":""monthly"",""razorpay_ids"":{""customer_id"":""cust_SEED00288"",""subscription_or_txn_id"":""sub_SEED002881""},""sku"":""diy""}"
EV0011175,P00288,state_enter_S3,O02,2026-07-26T16:27:29+05:30,"{""from_state"":""S2c"",""state"":""S3""}"
EV0011184,P00288,state_enter_S17,A10a,2026-07-26T16:43:54+05:30,"{""from_state"":""S3"",""state"":""S17""}"
EV0011194,P00288,state_enter_S3,O02,2026-07-28T00:58:14+05:30,"{""from_state"":""S17"",""state"":""S3""}"
EV0011198,P00288,state_enter_S4,O02,2026-07-28T05:37:41+05:30,"{""from_state"":""S3"",""state"":""S4""}"
EV0011204,P00288,data_progress,D12a,2026-07-28T05:41:13+05:30,"{""pct_complete"":29,""step_id"":""family""}"
EV0011215,P00288,data_progress,D12b,2026-07-28T05:42:40+05:30,"{""pct_complete"":37,""step_id"":""risk""}"
EV0011222,P00288,data_progress,D12c,2026-07-28T05:45:00+05:30,"{""pct_complete"":42,""step_id"":""income""}"
EV0011238,P00288,data_progress,D12d,2026-07-28T05:49:28+05:30,"{""pct_complete"":47,""step_id"":""expenses""}"
EV0011259,P00288,data_progress,D12e,2026-07-28T05:56:24+05:30,"{""pct_complete"":67,""step_id"":""investments""}"
EV0011262,P00288,data_progress,D12f,2026-07-28T05:57:05+05:30,"{""pct_complete"":76,""step_id"":""loans""}"
EV0011280,P00288,data_progress,D12g,2026-07-28T06:02:05+05:30,"{""pct_complete"":85,""step_id"":""insurance""}"
EV0011293,P00288,data_progress,D12h,2026-07-28T06:05:52+05:30,"{""pct_complete"":93,""step_id"":""goals""}"
EV0011303,P00288,state_enter_S5,D10,2026-07-28T07:37:41+05:30,"{""from_state"":""S4"",""state"":""S5""}"
EV0011305,P00288,data_complete,D10,2026-07-28T07:55:39+05:30,{}
EV0011306,P00288,plan_built,D10,2026-07-28T07:56:44+05:30,"{""assumed_count"":0,""assumptions_version"":""A2"",""band_count"":9,""built_on"":""full"",""instrument_set_version"":""I1"",""plan_version"":""v1"",""unknown_count"":0}"
EV0011307,P00288,state_enter_S6,H01a,2026-07-28T07:56:44+05:30,"{""from_state"":""S5"",""state"":""S6""}"
EV0011310,P00288,plan_read,G03,2026-07-28T11:21:52+05:30,{}
EV0011311,P00288,state_enter_S8,H01b,2026-07-28T11:21:52+05:30,"{""from_state"":""S6"",""state"":""S8""}"
EV0011320,P00288,pdf_downloaded,G10,2026-07-28T11:33:32+05:30,"{""plan_version"":""v1""}"
EV0011329,P00288,state_enter_S9,H01c,2026-08-12T02:31:40+05:30,"{""from_state"":""S8"",""state"":""S9""}"
EV0011335,P00288,action_done,E06,2026-08-15T02:58:34+05:30,"{""done_count"":1,""total_count"":6,""verification"":""aa_verified"",""verified"":true}"
EV0011353,P00288,plan_updated,H05,2026-08-20T23:49:05+05:30,"{""from_version"":""v1"",""reason"":""sharpen"",""to_version"":""v2""}"
EV0011355,P00288,update_accepted,H05,2026-08-20T23:49:35+05:30,"{""to_version"":""v2""}"
EV0011362,P00288,plan_updated,H05,2026-08-21T00:03:46+05:30,"{""from_version"":""v2"",""reason"":""sharpen"",""to_version"":""v3""}"
EV0011364,P00288,update_accepted,H05,2026-08-21T00:04:16+05:30,"{""to_version"":""v3""}"
EV0011371,P00288,plan_updated,H05,2026-08-21T00:08:06+05:30,"{""from_version"":""v3"",""reason"":""sharpen"",""to_version"":""v4""}"
EV0011373,P00288,update_accepted,H05,2026-08-21T00:08:36+05:30,"{""to_version"":""v4""}"
EV0011374,P00288,payment_failed,Q03b,2026-08-25T16:27:29+05:30,"{""grace_until"":""2026-09-01""}"
EV0011375,P00288,state_enter_S12,H01f,2026-08-25T16:27:29+05:30,"{""from_state"":""S9"",""state"":""S12""}"
EV0011383,P00288,lapsed,Q03c,2026-09-01T16:27:29+05:30,"{""reason"":""payment not recovered in grace""}"
EV0011384,P00288,state_enter_S13,H01g,2026-09-01T16:27:29+05:30,"{""from_state"":""S12"",""state"":""S13""}"
EV0011386,P00288,resubscribed,Q03,2026-09-07T08:16:14+05:30,"{""amount"":""Rs ___"",""mandate_status"":""active"",""period"":""monthly"",""razorpay_ids"":{""customer_id"":""cust_SEED00288"",""subscription_or_txn_id"":""sub_SEED002882""},""reason"":""resubscribed after lapse"",""sku"":""diy""}"
EV0011387,P00288,state_enter_S9,H01c,2026-09-07T08:16:14+05:30,"{""from_state"":""S13"",""state"":""S9""}"
EV0011392,P00288,plan_updated,H05,2026-09-11T11:15:38+05:30,"{""from_version"":""v4"",""reason"":""publish"",""to_version"":""v5""}"
EV0011393,P00288,state_enter_S11,H01e,2026-09-11T11:15:38+05:30,"{""from_state"":""S9"",""state"":""S11""}"
EV0011398,P00288,update_accepted,H05,2026-09-16T22:59:34+05:30,"{""to_version"":""v5""}"
EV0011399,P00288,state_enter_S9,H01c,2026-09-16T22:59:34+05:30,"{""from_state"":""S11"",""state"":""S9""}"
EV0011413,P00291,signed_up,A03,2026-07-26T17:08:17+05:30,"{""device"":""android"",""phone"":""9000038017"",""source"":""community"",""whatsapp_optin"":true}"
EV0011414,P00291,state_enter_S1,R01,2026-07-26T17:08:17+05:30,"{""from_state"":null,""state"":""S1""}"
EV0011426,P00291,reveal_seen,R09,2026-07-26T23:21:10+05:30,"{""age_band"":""30 to 34"",""aspiration"":""Generosity"",""city"":""Ahmedabad"",""corpus_band"":""5 to 25 lakhs"",""income_band"":""10 to 25 lakhs"",""journey_feel"":""Not so good, I can do better"",""path_now_band"":""10 to 20 Cr"",""path_yes_band"":""over 20 Cr"",""savings_band"":""More than 40%, I live well below my means""}"
EV0011427,P00291,state_enter_S2,X01,2026-07-26T23:21:10+05:30,"{""from_state"":""S1"",""state"":""S2""}"
EV0011430,P00291,paywall_viewed,P01,2026-07-26T23:22:56+05:30,"{""from_state"":""S2"",""sku_expanded"":""none""}"
EV0011438,P00292,signed_up,A03,2026-07-28T04:57:29+05:30,"{""device"":""android"",""phone"":""9000095285"",""source"":""organic"",""whatsapp_optin"":false}"
EV0011439,P00292,state_enter_S1,R01,2026-07-28T04:57:29+05:30,"{""from_state"":null,""state"":""S1""}"
EV0011446,P00294,signed_up,A03,2026-07-28T03:15:44+05:30,"{""device"":""ios"",""phone"":""9000068189"",""source"":""organic"",""whatsapp_optin"":true}"
EV0011447,P00294,state_enter_S1,R01,2026-07-28T03:15:44+05:30,"{""from_state"":null,""state"":""S1""}"
EV0011462,P00296,signed_up,A03,2026-07-26T04:29:58+05:30,"{""device"":""android"",""phone"":""9000013765"",""source"":""organic"",""whatsapp_optin"":true}"
EV0011463,P00296,state_enter_S1,R01,2026-07-26T04:29:58+05:30,"{""from_state"":null,""state"":""S1""}"
EV0011475,P00296,reveal_seen,R09,2026-07-26T17:08:09+05:30,"{""age_band"":""25 to 29"",""aspiration"":""Generosity"",""city"":""Bengaluru"",""corpus_band"":""5 to 25 lakhs"",""income_band"":""10 to 25 lakhs"",""journey_feel"":""Very good, mostly things have worked out well"",""path_now_band"":""5 to 10 Cr"",""path_yes_band"":""10 to 20 Cr"",""savings_band"":""Around 40%, some serious money""}"
EV0011476,P00296,state_enter_S2,X01,2026-07-26T17:08:09+05:30,"{""from_state"":""S1"",""state"":""S2""}"
EV0011478,P00296,paywall_viewed,P01,2026-07-26T17:58:35+05:30,"{""from_state"":""S2"",""sku_expanded"":""diy""}"
EV0011480,P00296,state_enter_S2b,P03,2026-07-26T17:59:05+05:30,"{""from_state"":""S2"",""state"":""S2b""}"
EV0011482,P00296,esign_done,P03,2026-07-26T18:04:18+05:30,"{""agreement_version"":""AGR v1 (to be verified: agreement template versions)"",""esign_ref"":""ESIGN-SEED-003553""}"
EV0011483,P00296,state_enter_S2c,P04,2026-07-26T18:04:18+05:30,"{""from_state"":""S2b"",""state"":""S2c""}"
EV0011485,P00296,paid,P05,2026-07-26T18:09:31+05:30,"{""amount"":""Rs ___"",""mandate_status"":""active"",""period"":""quarterly"",""razorpay_ids"":{""customer_id"":""cust_SEED00296"",""subscription_or_txn_id"":""sub_SEED002961""},""sku"":""diy""}"
EV0011486,P00296,state_enter_S3,O02,2026-07-26T18:09:31+05:30,"{""from_state"":""S2c"",""state"":""S3""}"
EV0011494,P00296,aa_connected,A06,2026-07-26T18:18:09+05:30,"{""consent_expiry"":""2026-10-24"",""institutions_failed"":[],""institutions_ok"":[""Bank 6"",""Bank 4"",""CAMS""]}"
EV0011499,P00296,state_enter_S4,O02,2026-07-30T23:48:23+05:30,"{""from_state"":""S3"",""state"":""S4""}"
EV0011502,P00296,data_progress,D12a,2026-07-30T23:48:49+05:30,"{""pct_complete"":29,""step_id"":""family""}"
EV0011513,P00296,data_progress,D12b,2026-07-30T23:50:13+05:30,"{""pct_complete"":37,""step_id"":""risk""}"
EV0011527,P00296,data_progress,D12c,2026-07-30T23:54:19+05:30,"{""pct_complete"":42,""step_id"":""income""}"
EV0011539,P00296,data_progress,D12d,2026-07-30T23:58:04+05:30,"{""pct_complete"":47,""step_id"":""expenses""}"
EV0011554,P00296,data_progress,D12e,2026-07-31T09:23:07+05:30,"{""pct_complete"":67,""step_id"":""investments""}"
EV0011557,P00296,data_progress,D12f,2026-07-31T09:23:34+05:30,"{""pct_complete"":76,""step_id"":""loans""}"
EV0011570,P00296,data_progress,D12g,2026-07-31T09:28:17+05:30,"{""pct_complete"":85,""step_id"":""insurance""}"
EV0011583,P00296,data_progress,D12h,2026-07-31T09:33:37+05:30,"{""pct_complete"":92,""step_id"":""goals""}"
EV0011593,P00296,state_enter_S5,D10,2026-07-31T09:38:08+05:30,"{""from_state"":""S4"",""state"":""S5""}"
EV0011596,P00296,data_complete,D10,2026-08-02T20:05:28+05:30,{}
EV0011597,P00296,plan_built,D10,2026-08-02T20:06:42+05:30,"{""assumed_count"":0,""assumptions_version"":""A2"",""band_count"":7,""built_on"":""full"",""instrument_set_version"":""I1"",""plan_version"":""v1"",""unknown_count"":0}"
EV0011598,P00296,state_enter_S6,H01a,2026-08-02T20:06:42+05:30,"{""from_state"":""S5"",""state"":""S6""}"
EV0011601,P00296,plan_read,G03,2026-08-02T21:33:13+05:30,{}
EV0011602,P00296,state_enter_S8,H01b,2026-08-02T21:33:13+05:30,"{""from_state"":""S6"",""state"":""S8""}"
EV0011620,P00296,plan_updated,H05,2026-08-06T16:57:00+05:30,"{""from_version"":""v1"",""reason"":""sharpen"",""to_version"":""v2""}"
EV0011622,P00296,update_accepted,H05,2026-08-06T16:57:30+05:30,"{""to_version"":""v2""}"
EV0011627,P00296,state_enter_S9,H01c,2026-08-11T07:28:25+05:30,"{""from_state"":""S8"",""state"":""S9""}"
EV0011638,P00296,action_done,E06,2026-08-13T09:57:10+05:30,"{""done_count"":1,""total_count"":5,""verification"":""platform"",""verified"":true}"
EV0011652,P00296,plan_updated,H05,2026-08-19T00:24:32+05:30,"{""from_version"":""v2"",""reason"":""life_event"",""to_version"":""v3""}"
EV0011653,P00296,state_enter_S11,H01e,2026-08-19T00:24:32+05:30,"{""from_state"":""S9"",""state"":""S11""}"
EV0011655,P00296,update_accepted,H05,2026-08-19T00:31:18+05:30,"{""to_version"":""v3""}"
EV0011656,P00296,state_enter_S9,H01c,2026-08-19T00:31:18+05:30,"{""from_state"":""S11"",""state"":""S9""}"
EV0011678,P00296,action_done,E06,2026-09-10T14:32:55+05:30,"{""done_count"":2,""total_count"":5,""verification"":""self_reported"",""verified"":false}"
EV0011679,P00296,plan_updated,H05,2026-09-11T10:51:56+05:30,"{""from_version"":""v3"",""reason"":""publish"",""to_version"":""v4""}"
EV0011680,P00296,state_enter_S11,H01e,2026-09-11T10:51:56+05:30,"{""from_state"":""S9"",""state"":""S11""}"
EV0011687,P00296,state_enter_S25,H09,2026-09-15T04:46:33+05:30,"{""from_state"":""S11"",""state"":""S25""}"
EV0011691,P00296,update_accepted,H05,2026-09-15T13:04:35+05:30,"{""to_version"":""v4""}"
EV0011702,P00298,signed_up,A03,2026-07-30T18:45:30+05:30,"{""device"":""android"",""phone"":""9000025571"",""source"":""corporate_session"",""whatsapp_optin"":true}"
EV0011703,P00298,state_enter_S1,R01,2026-07-30T18:45:30+05:30,"{""from_state"":null,""state"":""S1""}"
EV0011715,P00299,signed_up,A03,2026-07-29T03:45:47+05:30,"{""device"":""android"",""phone"":""9000037614"",""source"":""corporate_session"",""whatsapp_optin"":true}"
EV0011716,P00299,state_enter_S1,R01,2026-07-29T03:45:47+05:30,"{""from_state"":null,""state"":""S1""}"
EV0011727,P00299,reveal_seen,R09,2026-07-29T07:43:01+05:30,"{""age_band"":""25 to 29"",""aspiration"":""Generosity"",""city"":""Kolkata"",""corpus_band"":""5 to 25 lakhs"",""income_band"":""10 to 25 lakhs"",""journey_feel"":""Not so good, I can do better"",""path_now_band"":""10 to 20 Cr"",""path_yes_band"":""over 20 Cr"",""savings_band"":""Around 40%, some serious money""}"
EV0011728,P00299,state_enter_S2,X01,2026-07-29T07:43:01+05:30,"{""from_state"":""S1"",""state"":""S2""}"
EV0011731,P00299,paywall_viewed,P01,2026-07-29T07:46:29+05:30,"{""from_state"":""S2"",""sku_expanded"":""diy""}"
EV0011739,P00304,signed_up,A03,2026-07-29T17:56:11+05:30,"{""device"":""android"",""phone"":""9000042361"",""source"":""web_reveal"",""whatsapp_optin"":false}"
EV0011740,P00304,state_enter_S1,R01,2026-07-29T17:56:11+05:30,"{""from_state"":null,""state"":""S1""}"
EV0011750,P00307,signed_up,A03,2026-08-07T06:00:58+05:30,"{""device"":""ios"",""phone"":""9000062132"",""source"":""community"",""whatsapp_optin"":true}"
EV0011751,P00307,state_enter_S1,R01,2026-08-07T06:00:58+05:30,"{""from_state"":null,""state"":""S1""}"
EV0011763,P00307,reveal_seen,R09,2026-08-07T18:21:31+05:30,"{""age_band"":""35 to 39"",""aspiration"":""Family"",""city"":""Noida"",""corpus_band"":""25 lakhs to 1 crore"",""income_band"":""25 to 50 lakhs"",""journey_feel"":""Some hits and some misses, it has been mixed"",""path_now_band"":""10 to 20 Cr"",""path_yes_band"":""over 20 Cr"",""savings_band"":""More than 40%, I live well below my means""}"
EV0011764,P00307,state_enter_S2,X01,2026-08-07T18:21:31+05:30,"{""from_state"":""S1"",""state"":""S2""}"
EV0011768,P00307,paywall_viewed,P01,2026-08-07T18:24:23+05:30,"{""from_state"":""S2"",""sku_expanded"":""diwm""}"
EV0011776,P00309,signed_up,A03,2026-08-03T15:51:24+05:30,"{""device"":""android"",""phone"":""9000090260"",""source"":""web_reveal"",""whatsapp_optin"":true}"
EV0011777,P00309,state_enter_S1,R01,2026-08-03T15:51:24+05:30,"{""from_state"":null,""state"":""S1""}"
EV0011790,P00311,signed_up,A03,2026-07-29T19:47:18+05:30,"{""device"":""android"",""phone"":""9000083981"",""source"":""organic"",""whatsapp_optin"":true}"
EV0011791,P00311,state_enter_S1,R01,2026-07-29T19:47:18+05:30,"{""from_state"":null,""state"":""S1""}"
EV0011806,P00311,reveal_seen,R09,2026-07-31T02:25:21+05:30,"{""age_band"":""30 to 34"",""aspiration"":""Family"",""city"":""Pune"",""corpus_band"":""25 lakhs to 1 crore"",""income_band"":""10 to 25 lakhs"",""journey_feel"":""Some hits and some misses, it has been mixed"",""path_now_band"":""5 to 10 Cr"",""path_yes_band"":""10 to 20 Cr"",""savings_band"":""More than 40%, I live well below my means""}"
EV0011807,P00311,state_enter_S2,X01,2026-07-31T02:25:21+05:30,"{""from_state"":""S1"",""state"":""S2""}"
EV0011812,P00311,paywall_viewed,P01,2026-08-09T21:39:43+05:30,"{""from_state"":""S2"",""sku_expanded"":""diy""}"
EV0011814,P00311,state_enter_S2b,P03,2026-08-09T21:41:34+05:30,"{""from_state"":""S2"",""state"":""S2b""}"
EV0011823,P00313,signed_up,A03,2026-07-29T04:53:04+05:30,"{""device"":""android"",""phone"":""9000057637"",""source"":""community"",""whatsapp_optin"":true}"
EV0011824,P00313,state_enter_S1,R01,2026-07-29T04:53:04+05:30,"{""from_state"":null,""state"":""S1""}"
EV0011836,P00313,reveal_seen,R09,2026-07-29T11:47:45+05:30,"{""age_band"":""30 to 34"",""aspiration"":""Security"",""city"":""Gurugram"",""corpus_band"":""5 to 25 lakhs"",""income_band"":""25 to 50 lakhs"",""journey_feel"":""Very good, mostly things have worked out well"",""path_now_band"":""10 to 20 Cr"",""path_yes_band"":""10 to 20 Cr"",""savings_band"":""More than 40%, I live well below my means""}"
EV0011837,P00313,state_enter_S2,X01,2026-07-29T11:47:45+05:30,"{""from_state"":""S1"",""state"":""S2""}"
EV0011848,P00315,signed_up,A03,2026-07-31T13:36:17+05:30,"{""device"":""android"",""phone"":""9000029693"",""source"":""community"",""whatsapp_optin"":true}"
EV0011849,P00315,state_enter_S1,R01,2026-07-31T13:36:17+05:30,"{""from_state"":null,""state"":""S1""}"
EV0011860,P00315,reveal_seen,R09,2026-07-31T13:49:26+05:30,"{""age_band"":""35 to 39"",""aspiration"":""Legacy"",""city"":""Hyderabad"",""corpus_band"":""25 lakhs to 1 crore"",""income_band"":""25 to 50 lakhs"",""journey_feel"":""Some hits and some misses, it has been mixed"",""path_now_band"":""10 to 20 Cr"",""path_yes_band"":""10 to 20 Cr"",""savings_band"":""Around 40%, some serious money""}"
EV0011861,P00315,state_enter_S2,X01,2026-07-31T13:49:26+05:30,"{""from_state"":""S1"",""state"":""S2""}"
EV0011866,P00315,paywall_viewed,P01,2026-08-07T07:41:14+05:30,"{""from_state"":""S2"",""sku_expanded"":""diy""}"
EV0011868,P00315,state_enter_S2b,P03,2026-08-07T07:41:44+05:30,"{""from_state"":""S2"",""state"":""S2b""}"
EV0011870,P00315,esign_done,P03,2026-08-07T07:43:38+05:30,"{""agreement_version"":""AGR v1 (to be verified: agreement template versions)"",""esign_ref"":""ESIGN-SEED-003301""}"
EV0011871,P00315,state_enter_S2c,P04,2026-08-07T07:43:38+05:30,"{""from_state"":""S2b"",""state"":""S2c""}"
EV0011873,P00315,paid,P05,2026-08-07T07:45:32+05:30,"{""amount"":""Rs ___"",""mandate_status"":""active"",""period"":""quarterly"",""razorpay_ids"":{""customer_id"":""cust_SEED00315"",""subscription_or_txn_id"":""sub_SEED003151""},""sku"":""diy""}"
EV0011874,P00315,state_enter_S3,O02,2026-08-07T07:45:32+05:30,"{""from_state"":""S2c"",""state"":""S3""}"
EV0011882,P00315,aa_connected,A06,2026-08-07T07:57:51+05:30,"{""consent_expiry"":""2026-11-05"",""institutions_failed"":[],""institutions_ok"":[""Bank 6"",""CAMS""]}"
EV0011889,P00315,state_enter_S4,O02,2026-08-14T04:31:27+05:30,"{""from_state"":""S3"",""state"":""S4""}"
EV0011895,P00315,data_progress,D12a,2026-08-14T04:35:39+05:30,"{""pct_complete"":31,""step_id"":""family""}"
EV0011906,P00315,data_progress,D12b,2026-08-14T04:37:25+05:30,"{""pct_complete"":39,""step_id"":""risk""}"
EV0011913,P00315,data_progress,D12c,2026-08-14T04:39:27+05:30,"{""pct_complete"":44,""step_id"":""income""}"
EV0011928,P00315,data_progress,D12d,2026-08-14T04:43:02+05:30,"{""pct_complete"":52,""step_id"":""expenses""}"
EV0011944,P00315,data_progress,D12e,2026-08-14T04:48:47+05:30,"{""pct_complete"":70,""step_id"":""investments""}"
EV0011954,P00315,data_progress,D12f,2026-08-14T04:50:58+05:30,"{""pct_complete"":78,""step_id"":""loans""}"
EV0011971,P00315,data_progress,D12g,2026-08-14T04:54:26+05:30,"{""pct_complete"":86,""step_id"":""insurance""}"
EV0011983,P00315,data_progress,D12h,2026-08-14T04:58:38+05:30,"{""pct_complete"":94,""step_id"":""goals""}"
EV0011991,P00315,state_enter_S5,D10,2026-08-15T18:27:07+05:30,"{""from_state"":""S4"",""state"":""S5""}"
EV0011994,P00315,data_complete,D10,2026-08-21T15:01:50+05:30,{}
EV0011995,P00315,plan_built,D10,2026-08-21T15:02:29+05:30,"{""assumed_count"":0,""assumptions_version"":""A2"",""band_count"":9,""built_on"":""full"",""instrument_set_version"":""I1"",""plan_version"":""v1"",""unknown_count"":1}"
EV0011996,P00315,state_enter_S6,H01a,2026-08-21T15:02:29+05:30,"{""from_state"":""S5"",""state"":""S6""}"
EV0011999,P00315,plan_read,G03,2026-08-21T16:49:13+05:30,{}
EV0012000,P00315,state_enter_S8,H01b,2026-08-21T16:49:13+05:30,"{""from_state"":""S6"",""state"":""S8""}"
EV0012019,P00315,state_enter_S9,H01c,2026-09-02T08:57:40+05:30,"{""from_state"":""S8"",""state"":""S9""}"
EV0012030,P00315,action_done,E06,2026-09-06T00:43:39+05:30,"{""done_count"":1,""total_count"":3,""verification"":""platform"",""verified"":true}"
EV0012035,P00315,plan_updated,H05,2026-09-11T10:45:05+05:30,"{""from_version"":""v1"",""reason"":""publish"",""to_version"":""v2""}"
EV0012036,P00315,state_enter_S11,H01e,2026-09-11T10:45:05+05:30,"{""from_state"":""S9"",""state"":""S11""}"
EV0012040,P00315,update_accepted,H05,2026-09-13T22:09:00+05:30,"{""to_version"":""v2""}"
EV0012041,P00315,state_enter_S9,H01c,2026-09-13T22:09:00+05:30,"{""from_state"":""S11"",""state"":""S9""}"
EV0012052,P00316,signed_up,A03,2026-07-29T18:55:27+05:30,"{""device"":""android"",""phone"":""9000087039"",""source"":""community"",""whatsapp_optin"":true}"
EV0012053,P00316,state_enter_S1,R01,2026-07-29T18:55:27+05:30,"{""from_state"":null,""state"":""S1""}"
EV0012066,P00317,signed_up,A03,2026-08-01T03:27:41+05:30,"{""device"":""android"",""phone"":""9000041292"",""source"":""community"",""whatsapp_optin"":true}"
EV0012067,P00317,state_enter_S1,R01,2026-08-01T03:27:41+05:30,"{""from_state"":null,""state"":""S1""}"
EV0012079,P00317,reveal_seen,R09,2026-08-01T13:37:55+05:30,"{""age_band"":""30 to 34"",""aspiration"":""Freedom"",""city"":""Delhi"",""corpus_band"":""25 lakhs to 1 crore"",""income_band"":""10 to 25 lakhs"",""journey_feel"":""Some hits and some misses, it has been mixed"",""path_now_band"":""10 to 20 Cr"",""path_yes_band"":""10 to 20 Cr"",""savings_band"":""More than 40%, I live well below my means""}"
EV0012080,P00317,state_enter_S2,X01,2026-08-01T13:37:55+05:30,"{""from_state"":""S1"",""state"":""S2""}"
EV0012090,P00317,paywall_viewed,P01,2026-08-08T22:06:29+05:30,"{""from_state"":""S2"",""sku_expanded"":""diwm""}"
EV0012092,P00317,state_enter_S2b,P03,2026-08-08T22:06:59+05:30,"{""from_state"":""S2"",""state"":""S2b""}"
EV0012094,P00317,esign_done,P03,2026-08-08T22:11:46+05:30,"{""agreement_version"":""AGR v1 (to be verified: agreement template versions)"",""esign_ref"":""ESIGN-SEED-003266""}"
EV0012095,P00317,state_enter_S2c,P04,2026-08-08T22:11:46+05:30,"{""from_state"":""S2b"",""state"":""S2c""}"
EV0012097,P00317,paid,P05,2026-08-08T22:16:33+05:30,"{""amount"":""Rs ___"",""mandate_status"":""active"",""period"":""quarterly"",""razorpay_ids"":{""customer_id"":""cust_SEED00317"",""subscription_or_txn_id"":""sub_SEED003171""},""sku"":""diwm""}"
EV0012098,P00317,state_enter_S3,O02,2026-08-08T22:16:33+05:30,"{""from_state"":""S2c"",""state"":""S3""}"
EV0012107,P00317,state_enter_S17,A10a,2026-08-08T22:34:23+05:30,"{""from_state"":""S3"",""state"":""S17""}"
EV0012115,P00317,state_enter_S3,O02,2026-08-10T16:45:59+05:30,"{""from_state"":""S17"",""state"":""S3""}"
EV0012119,P00317,state_enter_S4,O02,2026-08-10T16:52:55+05:30,"{""from_state"":""S3"",""state"":""S4""}"
EV0012122,P00317,data_progress,D12a,2026-08-10T16:53:25+05:30,"{""pct_complete"":29,""step_id"":""family""}"
EV0012133,P00317,data_progress,D12b,2026-08-10T16:54:51+05:30,"{""pct_complete"":37,""step_id"":""risk""}"
EV0012144,P00317,data_progress,D12c,2026-08-10T16:58:33+05:30,"{""pct_complete"":42,""step_id"":""income""}"
EV0012165,P00317,data_progress,D12d,2026-08-10T17:04:13+05:30,"{""pct_complete"":51,""step_id"":""expenses""}"
EV0012180,P00317,data_progress,D12e,2026-08-10T17:10:32+05:30,"{""pct_complete"":66,""step_id"":""investments""}"
EV0012190,P00317,data_progress,D12f,2026-08-10T17:13:04+05:30,"{""pct_complete"":74,""step_id"":""loans""}"
EV0012204,P00317,data_progress,D12g,2026-08-10T17:17:46+05:30,"{""pct_complete"":81,""step_id"":""insurance""}"
EV0012214,P00317,data_progress,D12h,2026-08-10T17:20:13+05:30,"{""pct_complete"":89,""step_id"":""goals""}"
EV0012219,P00317,state_enter_S19,O02,2026-08-17T16:52:55+05:30,"{""from_state"":""S4"",""state"":""S19""}"
EV0012235,P00317,state_enter_S5,D10,2026-08-25T18:39:53+05:30,"{""from_state"":""S19"",""state"":""S5""}"
EV0012237,P00317,data_complete,D10,2026-08-31T09:28:15+05:30,{}
EV0012238,P00317,plan_built,D10,2026-08-31T09:29:11+05:30,"{""assumed_count"":0,""assumptions_version"":""A2"",""band_count"":8,""built_on"":""full"",""instrument_set_version"":""I1"",""plan_version"":""v1"",""unknown_count"":1}"
EV0012239,P00317,state_enter_S6,H01a,2026-08-31T09:29:11+05:30,"{""from_state"":""S5"",""state"":""S6""}"
EV0012242,P00317,ticket_created,H07,2026-08-31T20:06:17+05:30,"{""category"":""adviser_message"",""ticket_id"":""TK-004651""}"
EV0012247,P00317,plan_read,G03,2026-09-04T02:33:30+05:30,{}
EV0012248,P00317,state_enter_S8,H01b,2026-09-04T02:33:30+05:30,"{""from_state"":""S6"",""state"":""S8""}"
EV0012259,P00317,pdf_downloaded,G10,2026-09-04T02:51:37+05:30,"{""plan_version"":""v1""}"
EV0012265,P00317,plan_updated,H05,2026-09-11T18:49:30+05:30,"{""from_version"":""v1"",""reason"":""publish"",""to_version"":""v2""}"
EV0012266,P00317,state_enter_S11,H01e,2026-09-11T18:49:30+05:30,"{""from_state"":""S8"",""state"":""S11""}"
EV0012273,P00317,plan_updated,H05,2026-09-15T05:00:28+05:30,"{""from_version"":""v2"",""reason"":""sharpen"",""to_version"":""v3""}"
EV0012275,P00317,update_accepted,H05,2026-09-15T05:00:58+05:30,"{""to_version"":""v3""}"
EV0012277,P00317,update_accepted,H05,2026-09-16T14:56:03+05:30,"{""to_version"":""v2""}"
EV0012278,P00317,state_enter_S8,H01b,2026-09-16T14:56:03+05:30,"{""from_state"":""S11"",""state"":""S8""}"
EV0012285,P00318,signed_up,A03,2026-07-31T16:47:56+05:30,"{""device"":""android"",""phone"":""9000058965"",""source"":""community"",""whatsapp_optin"":true}"
EV0012286,P00318,state_enter_S1,R01,2026-07-31T16:47:56+05:30,"{""from_state"":null,""state"":""S1""}"
EV0012298,P00318,reveal_seen,R09,2026-07-31T23:39:25+05:30,"{""age_band"":""30 to 34"",""aspiration"":""Security"",""city"":""Bengaluru"",""corpus_band"":""5 to 25 lakhs"",""income_band"":""Under 10 lakhs"",""journey_feel"":""Not so good, I can do better"",""path_now_band"":""2 to 5 Cr"",""path_yes_band"":""5 to 10 Cr"",""savings_band"":""Around 25%, meaningful amounts""}"
EV0012299,P00318,state_enter_S2,X01,2026-07-31T23:39:25+05:30,"{""from_state"":""S1"",""state"":""S2""}"
EV0012303,P00318,paywall_viewed,P01,2026-08-04T09:05:22+05:30,"{""from_state"":""S2"",""sku_expanded"":""diy""}"
EV0012305,P00318,state_enter_S2b,P03,2026-08-04T09:05:52+05:30,"{""from_state"":""S2"",""state"":""S2b""}"
EV0012307,P00318,esign_done,P03,2026-08-04T09:11:27+05:30,"{""agreement_version"":""AGR v1 (to be verified: agreement template versions)"",""esign_ref"":""ESIGN-SEED-003455""}"
EV0012308,P00318,state_enter_S2c,P04,2026-08-04T09:11:27+05:30,"{""from_state"":""S2b"",""state"":""S2c""}"
EV0012310,P00318,paid,P05,2026-08-04T09:17:03+05:30,"{""amount"":""Rs ___"",""mandate_status"":""active"",""period"":""quarterly"",""razorpay_ids"":{""customer_id"":""cust_SEED00318"",""subscription_or_txn_id"":""sub_SEED003181""},""sku"":""diy""}"
EV0012311,P00318,state_enter_S3,O02,2026-08-04T09:17:03+05:30,"{""from_state"":""S2c"",""state"":""S3""}"
EV0012319,P00318,aa_connected,A06,2026-08-04T09:29:22+05:30,"{""consent_expiry"":""2026-11-02"",""institutions_failed"":[],""institutions_ok"":[""Bank 5"",""Bank 2"",""CAMS""]}"
EV0012322,P00318,state_enter_S4,O02,2026-08-04T11:32:52+05:30,"{""from_state"":""S3"",""state"":""S4""}"
EV0012325,P00318,data_progress,D12a,2026-08-04T11:33:11+05:30,"{""pct_complete"":29,""step_id"":""family""}"
EV0012336,P00318,data_progress,D12b,2026-08-04T11:34:35+05:30,"{""pct_complete"":37,""step_id"":""risk""}"
EV0012342,P00318,data_progress,D12c,2026-08-04T11:36:29+05:30,"{""pct_complete"":39,""step_id"":""income""}"
EV0012358,P00318,data_progress,D12d,2026-08-04T11:40:20+05:30,"{""pct_complete"":48,""step_id"":""expenses""}"
EV0012365,P00318,call_booked,K01,2026-08-05T02:04:59+05:30,"{""adviser_id"":""adv06"",""slot"":""2026-08-06T17:00:00+05:30"",""summary"":""call booked: using the app"",""tier"":""diy"",""topic"":""Using the app""}"
EV0012366,P00318,state_enter_S7,K02,2026-08-05T02:04:59+05:30,"{""from_state"":""S4"",""state"":""S7""}"
EV0012370,P00318,state_enter_S4,O02,2026-08-06T17:45:00+05:30,"{""from_state"":""S7"",""state"":""S4""}"
EV0012372,P00318,call_completed,K03,2026-08-06T17:47:00+05:30,"{""adviser_id"":""adv06"",""slot"":""2026-08-06T17:00:00+05:30"",""summary"":""Walked through using the app; next step agreed.""}"
EV0012393,P00318,data_progress,D12e,2026-08-07T08:37:51+05:30,"{""pct_complete"":67,""step_id"":""investments""}"
EV0012403,P00318,data_progress,D12f,2026-08-07T08:39:53+05:30,"{""pct_complete"":75,""step_id"":""loans""}"
EV0012419,P00318,data_progress,D12g,2026-08-09T23:11:44+05:30,"{""pct_complete"":83,""step_id"":""insurance""}"
EV0012426,P00318,data_progress,D12h,2026-08-09T23:13:59+05:30,"{""pct_complete"":91,""step_id"":""goals""}"
EV0012433,P00318,state_enter_S5,D10,2026-08-09T23:16:30+05:30,"{""from_state"":""S4"",""state"":""S5""}"
EV0012436,P00318,plan_built,G01a,2026-08-16T23:16:30+05:30,"{""assumed_count"":0,""assumptions_version"":""A2"",""band_count"":7,""built_on"":""partial"",""instrument_set_version"":""I1"",""plan_version"":""v1"",""unknown_count"":0}"
EV0012437,P00318,state_enter_S18,H01j,2026-08-16T23:16:30+05:30,"{""from_state"":""S5"",""state"":""S18""}"
EV0012439,P00318,plan_read,G03,2026-08-17T11:17:37+05:30,{}
EV0012448,P00318,pdf_downloaded,G10,2026-08-17T11:33:16+05:30,"{""plan_version"":""v1""}"
EV0012459,P00318,plan_updated,H05,2026-09-11T16:24:54+05:30,"{""from_version"":""v1"",""reason"":""publish"",""to_version"":""v2""}"
EV0012460,P00318,state_enter_S11,H01e,2026-09-11T16:24:54+05:30,"{""from_state"":""S18"",""state"":""S11""}"
EV0012470,P00318,update_accepted,H05,2026-09-16T02:48:09+05:30,"{""to_version"":""v2""}"
EV0012471,P00318,state_enter_S18,H01j,2026-09-16T02:48:09+05:30,"{""from_state"":""S11"",""state"":""S18""}"
EV0012473,P00318,action_done,E06,2026-09-20T10:00:06+05:30,"{""done_count"":1,""total_count"":3,""verification"":""platform"",""verified"":true}"
EV0012480,P00318,plan_updated,H05,2026-09-20T11:41:51+05:30,"{""from_version"":""v2"",""reason"":""sharpen"",""to_version"":""v3""}"
EV0012482,P00318,update_accepted,H05,2026-09-20T11:42:21+05:30,"{""to_version"":""v3""}"
EV0012488,P00320,signed_up,A03,2026-08-02T22:26:44+05:30,"{""device"":""android"",""phone"":""9000053485"",""source"":""community"",""whatsapp_optin"":true}"
EV0012489,P00320,state_enter_S1,R01,2026-08-02T22:26:44+05:30,"{""from_state"":null,""state"":""S1""}"
EV0012500,P00320,reveal_seen,R09,2026-08-03T00:27:23+05:30,"{""age_band"":""30 to 34"",""aspiration"":""Legacy"",""city"":""Pune"",""corpus_band"":""5 to 25 lakhs"",""income_band"":""10 to 25 lakhs"",""journey_feel"":""Some hits and some misses, it has been mixed"",""path_now_band"":""5 to 10 Cr"",""path_yes_band"":""10 to 20 Cr"",""savings_band"":""Around 40%, some serious money""}"
EV0012501,P00320,state_enter_S2,X01,2026-08-03T00:27:23+05:30,"{""from_state"":""S1"",""state"":""S2""}"
EV0012511,P00322,signed_up,A03,2026-08-01T23:53:45+05:30,"{""device"":""android"",""phone"":""9000026980"",""source"":""community"",""whatsapp_optin"":true}"
EV0012512,P00322,state_enter_S1,R01,2026-08-01T23:53:45+05:30,"{""from_state"":null,""state"":""S1""}"
EV0012524,P00322,reveal_seen,R09,2026-08-02T15:06:20+05:30,"{""age_band"":""30 to 34"",""aspiration"":""Security"",""city"":""Bengaluru"",""corpus_band"":""25 lakhs to 1 crore"",""income_band"":""50 lakhs to 1 crore"",""journey_feel"":""Not so good, I can do better"",""path_now_band"":""5 to 10 Cr"",""path_yes_band"":""10 to 20 Cr"",""savings_band"":""Around 25%, meaningful amounts""}"
EV0012525,P00322,state_enter_S2,X01,2026-08-02T15:06:20+05:30,"{""from_state"":""S1"",""state"":""S2""}"
EV0012530,P00322,paywall_viewed,P01,2026-08-02T15:12:30+05:30,"{""from_state"":""S2"",""sku_expanded"":""diwm""}"
EV0012540,P00323,signed_up,A03,2026-08-02T18:43:57+05:30,"{""device"":""android"",""phone"":""9000083475"",""source"":""corporate_session"",""whatsapp_optin"":false}"
EV0012541,P00323,state_enter_S1,R01,2026-08-02T18:43:57+05:30,"{""from_state"":null,""state"":""S1""}"
EV0012553,P00323,reveal_seen,R09,2026-08-03T05:01:41+05:30,"{""age_band"":""25 to 29"",""aspiration"":""Legacy"",""city"":""Bengaluru"",""corpus_band"":""5 to 25 lakhs"",""income_band"":""10 to 25 lakhs"",""journey_feel"":""Some hits and some misses, it has been mixed"",""path_now_band"":""5 to 10 Cr"",""path_yes_band"":""10 to 20 Cr"",""savings_band"":""Around 40%, some serious money""}"
EV0012554,P00323,state_enter_S2,X01,2026-08-03T05:01:41+05:30,"{""from_state"":""S1"",""state"":""S2""}"
EV0012562,P00325,signed_up,A03,2026-08-03T20:42:27+05:30,"{""device"":""android"",""phone"":""9000047708"",""source"":""corporate_session"",""whatsapp_optin"":true}"
EV0012563,P00325,state_enter_S1,R01,2026-08-03T20:42:27+05:30,"{""from_state"":null,""state"":""S1""}"
EV0012574,P00325,reveal_seen,R09,2026-08-04T04:35:43+05:30,"{""age_band"":""25 to 29"",""aspiration"":""Legacy"",""city"":""Kolkata"",""corpus_band"":""5 to 25 lakhs"",""income_band"":""10 to 25 lakhs"",""journey_feel"":""Some hits and some misses, it has been mixed"",""path_now_band"":""over 20 Cr"",""path_yes_band"":""over 20 Cr"",""savings_band"":""More than 40%, I live well below my means""}"
EV0012575,P00325,state_enter_S2,X01,2026-08-04T04:35:43+05:30,"{""from_state"":""S1"",""state"":""S2""}"
EV0012579,P00325,paywall_viewed,P01,2026-08-05T11:56:22+05:30,"{""from_state"":""S2"",""sku_expanded"":""diy""}"
EV0012581,P00325,state_enter_S2b,P03,2026-08-05T11:56:52+05:30,"{""from_state"":""S2"",""state"":""S2b""}"
EV0012583,P00325,esign_done,P03,2026-08-05T11:59:41+05:30,"{""agreement_version"":""AGR v1 (to be verified: agreement template versions)"",""esign_ref"":""ESIGN-SEED-003238""}"
EV0012584,P00325,state_enter_S2c,P04,2026-08-05T11:59:41+05:30,"{""from_state"":""S2b"",""state"":""S2c""}"
EV0012586,P00325,paid,P05,2026-08-05T12:02:31+05:30,"{""amount"":""Rs ___"",""mandate_status"":""active"",""period"":""quarterly"",""razorpay_ids"":{""customer_id"":""cust_SEED00325"",""subscription_or_txn_id"":""sub_SEED003251""},""sku"":""diy""}"
EV0012587,P00325,state_enter_S3,O02,2026-08-05T12:02:31+05:30,"{""from_state"":""S2c"",""state"":""S3""}"
EV0012595,P00325,aa_connected,A06,2026-08-05T12:22:34+05:30,"{""consent_expiry"":""2026-11-03"",""institutions_failed"":[""CAMS"",""KFintech""],""institutions_ok"":[""Bank 1""]}"
EV0012600,P00325,state_enter_S4,O02,2026-08-07T13:38:08+05:30,"{""from_state"":""S3"",""state"":""S4""}"
EV0012603,P00325,data_progress,D12a,2026-08-07T13:38:50+05:30,"{""pct_complete"":29,""step_id"":""family""}"
EV0012614,P00325,data_progress,D12b,2026-08-07T13:40:28+05:30,"{""pct_complete"":37,""step_id"":""risk""}"
EV0012624,P00325,data_progress,D12c,2026-08-07T13:44:30+05:30,"{""pct_complete"":37,""step_id"":""income""}"
EV0012639,P00325,data_progress,D12d,2026-08-07T13:48:41+05:30,"{""pct_complete"":46,""step_id"":""expenses""}"
EV0012644,P00325,state_enter_S19,O02,2026-08-14T13:38:08+05:30,"{""from_state"":""S4"",""state"":""S19""}"
EV0012665,P00325,data_progress,D12e,2026-08-15T14:21:05+05:30,"{""pct_complete"":62,""step_id"":""investments""}"
EV0012675,P00325,data_progress,D12f,2026-08-15T14:23:40+05:30,"{""pct_complete"":70,""step_id"":""loans""}"
EV0012688,P00325,data_progress,D12g,2026-08-15T14:27:28+05:30,"{""pct_complete"":79,""step_id"":""insurance""}"
EV0012700,P00325,data_progress,D12h,2026-08-25T09:15:26+05:30,"{""pct_complete"":86,""step_id"":""goals""}"
EV0012709,P00325,state_enter_S5,D10,2026-08-25T09:17:43+05:30,"{""from_state"":""S19"",""state"":""S5""}"
EV0012711,P00325,data_complete,D10,2026-08-25T09:30:15+05:30,{}
EV0012712,P00325,plan_built,D10,2026-08-25T09:30:50+05:30,"{""assumed_count"":1,""assumptions_version"":""A2"",""band_count"":8,""built_on"":""full"",""instrument_set_version"":""I1"",""plan_version"":""v1"",""unknown_count"":0}"
EV0012713,P00325,state_enter_S6,H01a,2026-08-25T09:30:50+05:30,"{""from_state"":""S5"",""state"":""S6""}"
EV0012719,P00325,plan_updated,H05,2026-09-11T10:28:36+05:30,"{""from_version"":""v1"",""reason"":""publish"",""to_version"":""v2""}"
EV0012720,P00325,state_enter_S11,H01e,2026-09-11T10:28:36+05:30,"{""from_state"":""S6"",""state"":""S11""}"
EV0012722,P00325,update_accepted,H05,2026-09-14T06:50:47+05:30,"{""to_version"":""v2""}"
EV0012723,P00325,state_enter_S6,H01a,2026-09-14T06:50:47+05:30,"{""from_state"":""S11"",""state"":""S6""}"
EV0012730,P00326,signed_up,A03,2026-08-04T02:18:40+05:30,"{""device"":""android"",""phone"":""9000075637"",""source"":""referral"",""whatsapp_optin"":false}"
EV0012731,P00326,state_enter_S1,R01,2026-08-04T02:18:40+05:30,"{""from_state"":null,""state"":""S1""}"
EV0012743,P00326,reveal_seen,R09,2026-08-04T13:20:02+05:30,"{""age_band"":""30 to 34"",""aspiration"":""Freedom"",""city"":""Mumbai"",""corpus_band"":""25 lakhs to 1 crore"",""income_band"":""25 to 50 lakhs"",""journey_feel"":""Not so good, I can do better"",""path_now_band"":""over 20 Cr"",""path_yes_band"":""over 20 Cr"",""savings_band"":""More than 40%, I live well below my means""}"
EV0012744,P00326,state_enter_S2,X01,2026-08-04T13:20:02+05:30,"{""from_state"":""S1"",""state"":""S2""}"
EV0012748,P00326,paywall_viewed,P01,2026-08-04T13:25:36+05:30,"{""from_state"":""S2"",""sku_expanded"":""none""}"
EV0012753,P00327,signed_up,A03,2026-08-05T17:27:36+05:30,"{""device"":""android"",""phone"":""9000021504"",""source"":""community"",""whatsapp_optin"":true}"
EV0012754,P00327,state_enter_S1,R01,2026-08-05T17:27:36+05:30,"{""from_state"":null,""state"":""S1""}"
EV0012765,P00328,signed_up,A03,2026-08-04T08:21:21+05:30,"{""device"":""ios"",""phone"":""9000009955"",""source"":""organic"",""whatsapp_optin"":false}"
EV0012766,P00328,state_enter_S1,R01,2026-08-04T08:21:21+05:30,"{""from_state"":null,""state"":""S1""}"
EV0012776,P00330,signed_up,A03,2026-08-05T05:16:22+05:30,"{""device"":""android"",""phone"":""9000028398"",""source"":""web_reveal"",""whatsapp_optin"":true}"
EV0012777,P00330,state_enter_S1,R01,2026-08-05T05:16:22+05:30,"{""from_state"":null,""state"":""S1""}"
EV0012789,P00330,reveal_seen,R09,2026-08-05T13:15:03+05:30,"{""age_band"":""25 to 29"",""aspiration"":""Security"",""city"":""Hyderabad"",""corpus_band"":""5 to 25 lakhs"",""income_band"":""25 to 50 lakhs"",""journey_feel"":""Very good, mostly things have worked out well"",""path_now_band"":""10 to 20 Cr"",""path_yes_band"":""over 20 Cr"",""savings_band"":""More than 40%, I live well below my means""}"
EV0012790,P00330,state_enter_S2,X01,2026-08-05T13:15:03+05:30,"{""from_state"":""S1"",""state"":""S2""}"
EV0012793,P00330,paywall_viewed,P01,2026-08-05T13:16:23+05:30,"{""from_state"":""S2"",""sku_expanded"":""none""}"
EV0012805,P00332,signed_up,A03,2026-08-05T23:25:52+05:30,"{""device"":""android"",""phone"":""9000004749"",""source"":""community"",""whatsapp_optin"":true}"
EV0012806,P00332,state_enter_S1,R01,2026-08-05T23:25:52+05:30,"{""from_state"":null,""state"":""S1""}"
EV0012820,P00332,reveal_seen,R09,2026-08-07T00:08:44+05:30,"{""age_band"":""25 to 29"",""aspiration"":""Generosity"",""city"":""Mumbai"",""corpus_band"":""25 lakhs to 1 crore"",""income_band"":""25 to 50 lakhs"",""journey_feel"":""Not so good, I can do better"",""path_now_band"":""over 20 Cr"",""path_yes_band"":""over 20 Cr"",""savings_band"":""More than 40%, I live well below my means""}"
EV0012821,P00332,state_enter_S2,X01,2026-08-07T00:08:44+05:30,"{""from_state"":""S1"",""state"":""S2""}"
EV0012824,P00332,paywall_viewed,P01,2026-08-08T09:14:13+05:30,"{""from_state"":""S2"",""sku_expanded"":""diwm""}"
EV0012826,P00332,state_enter_S2b,P03,2026-08-08T09:14:43+05:30,"{""from_state"":""S2"",""state"":""S2b""}"
EV0012828,P00332,esign_done,P03,2026-08-08T09:16:42+05:30,"{""agreement_version"":""AGR v1 (to be verified: agreement template versions)"",""esign_ref"":""ESIGN-SEED-003469""}"
EV0012829,P00332,state_enter_S2c,P04,2026-08-08T09:16:42+05:30,"{""from_state"":""S2b"",""state"":""S2c""}"
EV0012831,P00332,paid,P05,2026-08-08T09:18:41+05:30,"{""amount"":""Rs ___"",""mandate_status"":""active"",""period"":""quarterly"",""razorpay_ids"":{""customer_id"":""cust_SEED00332"",""subscription_or_txn_id"":""sub_SEED003321""},""sku"":""diwm""}"
EV0012832,P00332,state_enter_S3,O02,2026-08-08T09:18:41+05:30,"{""from_state"":""S2c"",""state"":""S3""}"
EV0012842,P00332,state_enter_S17,A10a,2026-08-10T16:19:12+05:30,"{""from_state"":""S3"",""state"":""S17""}"
EV0012850,P00332,state_enter_S3,O02,2026-08-12T13:22:28+05:30,"{""from_state"":""S17"",""state"":""S3""}"
EV0012854,P00332,state_enter_S4,O02,2026-08-12T13:32:41+05:30,"{""from_state"":""S3"",""state"":""S4""}"
EV0012857,P00332,data_progress,D12a,2026-08-12T13:34:16+05:30,"{""pct_complete"":31,""step_id"":""family""}"
EV0012862,P00332,state_enter_S19,O02,2026-08-19T13:32:41+05:30,"{""from_state"":""S4"",""state"":""S19""}"
EV0012877,P00332,data_progress,D12b,2026-09-09T08:34:16+05:30,"{""pct_complete"":39,""step_id"":""risk""}"
EV0012890,P00332,data_progress,D12c,2026-09-12T20:42:55+05:30,"{""pct_complete"":45,""step_id"":""income""}"
EV0012909,P00334,signed_up,A03,2026-08-07T12:52:19+05:30,"{""device"":""android"",""phone"":""9000068173"",""source"":""web_reveal"",""whatsapp_optin"":true}"
EV0012910,P00334,state_enter_S1,R01,2026-08-07T12:52:19+05:30,"{""from_state"":null,""state"":""S1""}"
EV0012922,P00334,reveal_seen,R09,2026-08-07T22:34:02+05:30,"{""age_band"":""30 to 34"",""aspiration"":""Family"",""city"":""Gurugram"",""corpus_band"":""25 lakhs to 1 crore"",""income_band"":""25 to 50 lakhs"",""journey_feel"":null,""path_now_band"":""10 to 20 Cr"",""path_yes_band"":""over 20 Cr"",""savings_band"":""More than 40%, I live well below my means""}"
EV0012923,P00334,state_enter_S2,X01,2026-08-07T22:34:02+05:30,"{""from_state"":""S1"",""state"":""S2""}"
EV0012931,P00334,ticket_created,H07,2026-08-22T21:55:32+05:30,"{""category"":""support"",""ticket_id"":""TK-003681""}"
EV0012936,P00335,signed_up,A03,2026-08-15T19:27:26+05:30,"{""device"":""ios"",""phone"":""9000000394"",""source"":""community"",""whatsapp_optin"":true}"
EV0012937,P00335,state_enter_S1,R01,2026-08-15T19:27:26+05:30,"{""from_state"":null,""state"":""S1""}"
EV0012948,P00337,signed_up,A03,2026-08-05T13:01:34+05:30,"{""device"":""android"",""phone"":""9000022106"",""source"":""corporate_session"",""whatsapp_optin"":true}"
EV0012949,P00337,state_enter_S1,R01,2026-08-05T13:01:34+05:30,"{""from_state"":null,""state"":""S1""}"
EV0012961,P00337,reveal_seen,R09,2026-08-05T23:01:43+05:30,"{""age_band"":""30 to 34"",""aspiration"":""Security"",""city"":""Pune"",""corpus_band"":""5 to 25 lakhs"",""income_band"":""10 to 25 lakhs"",""journey_feel"":null,""path_now_band"":""5 to 10 Cr"",""path_yes_band"":""10 to 20 Cr"",""savings_band"":""Around 25%, meaningful amounts""}"
EV0012962,P00337,state_enter_S2,X01,2026-08-05T23:01:43+05:30,"{""from_state"":""S1"",""state"":""S2""}"
EV0012967,P00337,paywall_viewed,P01,2026-08-05T23:07:52+05:30,"{""from_state"":""S2"",""sku_expanded"":""none""}"
EV0012973,P00338,signed_up,A03,2026-08-12T19:31:32+05:30,"{""device"":""android"",""phone"":""9000018236"",""source"":""corporate_session"",""whatsapp_optin"":true}"
EV0012974,P00338,state_enter_S1,R01,2026-08-12T19:31:32+05:30,"{""from_state"":null,""state"":""S1""}"
EV0012987,P00340,signed_up,A03,2026-08-07T11:19:44+05:30,"{""device"":""android"",""phone"":""9000035756"",""source"":""organic"",""whatsapp_optin"":true}"
EV0012988,P00340,state_enter_S1,R01,2026-08-07T11:19:44+05:30,"{""from_state"":null,""state"":""S1""}"
EV0013002,P00340,reveal_seen,R09,2026-08-07T15:34:18+05:30,"{""age_band"":""25 to 29"",""aspiration"":""Generosity"",""city"":""Gurugram"",""corpus_band"":""5 to 25 lakhs"",""income_band"":""25 to 50 lakhs"",""journey_feel"":""Not so good, I can do better"",""path_now_band"":""10 to 20 Cr"",""path_yes_band"":""10 to 20 Cr"",""savings_band"":""More than 40%, I live well below my means""}"
EV0013003,P00340,state_enter_S2,X01,2026-08-07T15:34:18+05:30,"{""from_state"":""S1"",""state"":""S2""}"
EV0013008,P00340,paywall_viewed,P01,2026-09-07T10:05:31+05:30,"{""from_state"":""S2"",""sku_expanded"":""diwm""}"
EV0013010,P00340,state_enter_S2b,P03,2026-09-07T10:06:01+05:30,"{""from_state"":""S2"",""state"":""S2b""}"
EV0013012,P00340,esign_done,P03,2026-09-07T10:11:56+05:30,"{""agreement_version"":""AGR v1 (to be verified: agreement template versions)"",""esign_ref"":""ESIGN-SEED-003252""}"
EV0013013,P00340,state_enter_S2c,P04,2026-09-07T10:11:56+05:30,"{""from_state"":""S2b"",""state"":""S2c""}"
EV0013015,P00340,paid,P05,2026-09-07T10:17:51+05:30,"{""amount"":""Rs ___"",""mandate_status"":""active"",""period"":""monthly"",""razorpay_ids"":{""customer_id"":""cust_SEED00340"",""subscription_or_txn_id"":""sub_SEED003401""},""sku"":""diwm""}"
EV0013016,P00340,state_enter_S3,O02,2026-09-07T10:17:51+05:30,"{""from_state"":""S2c"",""state"":""S3""}"
EV0013026,P00340,aa_failed,A09,2026-09-07T10:31:35+05:30,"{""consent_expiry"":null,""institutions_failed"":[""Bank 8"",""KFintech""],""institutions_ok"":[]}"
EV0013031,P00340,state_enter_S19,O02,2026-09-14T10:17:51+05:30,"{""from_state"":""S3"",""state"":""S19""}"
EV0013037,P00340,data_progress,D12a,2026-09-16T03:54:45+05:30,"{""pct_complete"":29,""step_id"":""family""}"
EV0013048,P00340,data_progress,D12b,2026-09-16T03:56:15+05:30,"{""pct_complete"":37,""step_id"":""risk""}"
EV0013055,P00340,data_progress,D12c,2026-09-16T03:58:15+05:30,"{""pct_complete"":42,""step_id"":""income""}"
EV0013070,P00340,data_progress,D12d,2026-09-16T04:01:47+05:30,"{""pct_complete"":48,""step_id"":""expenses""}"
EV0013086,P00340,data_progress,D12e,2026-09-16T04:07:57+05:30,"{""pct_complete"":59,""step_id"":""investments""}"
EV0013089,P00340,data_progress,D12f,2026-09-16T04:08:21+05:30,"{""pct_complete"":67,""step_id"":""loans""}"
EV0013101,P00340,data_progress,D12g,2026-09-16T04:11:15+05:30,"{""pct_complete"":76,""step_id"":""insurance""}"
EV0013111,P00340,data_progress,D12h,2026-09-16T04:14:37+05:30,"{""pct_complete"":83,""step_id"":""goals""}"
EV0013120,P00340,state_enter_S5,D10,2026-09-16T08:07:24+05:30,"{""from_state"":""S19"",""state"":""S5""}"
EV0013124,P00340,call_booked,K01,2026-09-22T04:20:02+05:30,"{""adviser_id"":""adv05"",""slot"":""2026-09-23T19:30:00+05:30"",""summary"":""call booked: my plan"",""tier"":""diwm"",""topic"":""My plan""}"
EV0013125,P00340,state_enter_S7,K02,2026-09-22T04:20:02+05:30,"{""from_state"":""S5"",""state"":""S7""}"
EV0013131,P00341,signed_up,A03,2026-08-07T01:48:09+05:30,"{""device"":""android"",""phone"":""9000024073"",""source"":""corporate_session"",""whatsapp_optin"":true}"
EV0013132,P00341,state_enter_S1,R01,2026-08-07T01:48:09+05:30,"{""from_state"":null,""state"":""S1""}"
EV0013144,P00341,reveal_seen,R09,2026-08-07T23:44:57+05:30,"{""age_band"":""25 to 29"",""aspiration"":""Security"",""city"":""Bengaluru"",""corpus_band"":""Under 5 lakhs"",""income_band"":""10 to 25 lakhs"",""journey_feel"":""Not so good, I can do better"",""path_now_band"":""5 to 10 Cr"",""path_yes_band"":""10 to 20 Cr"",""savings_band"":""Around 40%, some serious money""}"
EV0013145,P00341,state_enter_S2,X01,2026-08-07T23:44:57+05:30,"{""from_state"":""S1"",""state"":""S2""}"
EV0013151,P00341,paywall_viewed,P01,2026-08-09T14:30:36+05:30,"{""from_state"":""S2"",""sku_expanded"":""diy""}"
EV0013153,P00341,state_enter_S2b,P03,2026-08-09T14:34:04+05:30,"{""from_state"":""S2"",""state"":""S2b""}"
EV0013166,P00342,signed_up,A03,2026-08-06T11:28:11+05:30,"{""device"":""android"",""phone"":""9000053830"",""source"":""referral"",""whatsapp_optin"":true}"
EV0013167,P00342,state_enter_S1,R01,2026-08-06T11:28:11+05:30,"{""from_state"":null,""state"":""S1""}"
EV0013176,P00343,signed_up,A03,2026-08-08T06:43:08+05:30,"{""device"":""android"",""phone"":""9000003180"",""source"":""community"",""whatsapp_optin"":true}"
EV0013177,P00343,state_enter_S1,R01,2026-08-08T06:43:08+05:30,"{""from_state"":null,""state"":""S1""}"
EV0013190,P00344,signed_up,A03,2026-08-08T07:18:15+05:30,"{""device"":""android"",""phone"":""9000007753"",""source"":""corporate_session"",""whatsapp_optin"":true}"
EV0013191,P00344,state_enter_S1,R01,2026-08-08T07:18:15+05:30,"{""from_state"":null,""state"":""S1""}"
EV0013203,P00344,reveal_seen,R09,2026-08-08T10:59:52+05:30,"{""age_band"":""under 25"",""aspiration"":""Legacy"",""city"":""Bengaluru"",""corpus_band"":""5 to 25 lakhs"",""income_band"":""10 to 25 lakhs"",""journey_feel"":""Not so good, I can do better"",""path_now_band"":""5 to 10 Cr"",""path_yes_band"":""10 to 20 Cr"",""savings_band"":""Around 40%, some serious money""}"
EV0013204,P00344,state_enter_S2,X01,2026-08-08T10:59:52+05:30,"{""from_state"":""S1"",""state"":""S2""}"
EV0013208,P00344,paywall_viewed,P01,2026-08-08T11:03:12+05:30,"{""from_state"":""S2"",""sku_expanded"":""diy""}"
EV0013214,P00345,signed_up,A03,2026-08-08T13:18:46+05:30,"{""device"":""android"",""phone"":""9000028868"",""source"":""community"",""whatsapp_optin"":true}"
EV0013215,P00345,state_enter_S1,R01,2026-08-08T13:18:46+05:30,"{""from_state"":null,""state"":""S1""}"
EV0013227,P00345,reveal_seen,R09,2026-08-09T00:52:43+05:30,"{""age_band"":""30 to 34"",""aspiration"":""Security"",""city"":""Surat"",""corpus_band"":""1 to 5 crores"",""income_band"":""25 to 50 lakhs"",""journey_feel"":""Very good, mostly things have worked out well"",""path_now_band"":""over 20 Cr"",""path_yes_band"":""over 20 Cr"",""savings_band"":""More than 40%, I live well below my means""}"
EV0013228,P00345,state_enter_S2,X01,2026-08-09T00:52:43+05:30,"{""from_state"":""S1"",""state"":""S2""}"
EV0013242,P00347,signed_up,A03,2026-08-09T00:00:07+05:30,"{""device"":""android"",""phone"":""9000077845"",""source"":""corporate_session"",""whatsapp_optin"":true}"
EV0013243,P00347,state_enter_S1,R01,2026-08-09T00:00:07+05:30,"{""from_state"":null,""state"":""S1""}"
EV0013254,P00347,reveal_seen,R09,2026-08-09T00:54:37+05:30,"{""age_band"":""30 to 34"",""aspiration"":""Legacy"",""city"":""Jaipur"",""corpus_band"":""25 lakhs to 1 crore"",""income_band"":""25 to 50 lakhs"",""journey_feel"":null,""path_now_band"":""10 to 20 Cr"",""path_yes_band"":""over 20 Cr"",""savings_band"":""More than 40%, I live well below my means""}"
EV0013255,P00347,state_enter_S2,X01,2026-08-09T00:54:37+05:30,"{""from_state"":""S1"",""state"":""S2""}"
EV0013264,P00350,signed_up,A03,2026-08-11T06:37:45+05:30,"{""device"":""ios"",""phone"":""9000043716"",""source"":""corporate_session"",""whatsapp_optin"":false}"
EV0013265,P00350,state_enter_S14,H01h,2026-08-11T06:37:45+05:30,"{""from_state"":null,""state"":""S14""}"
EV0013280,P00350,data_progress,D12a,2026-08-11T06:51:36+05:30,"{""pct_complete"":9,""step_id"":""family""}"
EV0013291,P00350,data_progress,D12b,2026-08-11T06:53:11+05:30,"{""pct_complete"":17,""step_id"":""risk""}"
EV0013305,P00350,data_progress,D12c,2026-08-11T06:57:33+05:30,"{""pct_complete"":22,""step_id"":""income""}"
EV0013325,P00350,data_progress,D12d,2026-08-11T07:02:16+05:30,"{""pct_complete"":31,""step_id"":""expenses""}"
EV0013344,P00350,data_progress,D12e,2026-08-11T07:09:14+05:30,"{""pct_complete"":43,""step_id"":""investments""}"
EV0013358,P00350,data_progress,D12f,2026-08-21T16:00:14+05:30,"{""pct_complete"":51,""step_id"":""loans""}"
EV0013370,P00350,data_progress,D12g,2026-08-21T16:02:38+05:30,"{""pct_complete"":60,""step_id"":""insurance""}"
EV0013377,P00350,data_progress,D12h,2026-08-21T16:04:02+05:30,"{""pct_complete"":67,""step_id"":""goals""}"
EV0013385,P00352,signed_up,A03,2026-08-12T20:19:17+05:30,"{""device"":""android"",""phone"":""9000007721"",""source"":""web_reveal"",""whatsapp_optin"":true}"
EV0013386,P00352,state_enter_S1,R01,2026-08-12T20:19:17+05:30,"{""from_state"":null,""state"":""S1""}"
EV0013397,P00352,reveal_seen,R09,2026-08-13T06:31:15+05:30,"{""age_band"":""30 to 34"",""aspiration"":""Security"",""city"":""Visakhapatnam"",""corpus_band"":""25 lakhs to 1 crore"",""income_band"":""10 to 25 lakhs"",""journey_feel"":""Some hits and some misses, it has been mixed"",""path_now_band"":""5 to 10 Cr"",""path_yes_band"":""5 to 10 Cr"",""savings_band"":""Around 25%, meaningful amounts""}"
EV0013398,P00352,state_enter_S2,X01,2026-08-13T06:31:15+05:30,"{""from_state"":""S1"",""state"":""S2""}"
EV0013403,P00352,paywall_viewed,P01,2026-08-13T06:39:01+05:30,"{""from_state"":""S2"",""sku_expanded"":""diwm""}"
EV0013413,P00354,signed_up,A03,2026-08-13T05:50:32+05:30,"{""device"":""ios"",""phone"":""9000053339"",""source"":""corporate_session"",""whatsapp_optin"":true}"
EV0013414,P00354,state_enter_S1,R01,2026-08-13T05:50:32+05:30,"{""from_state"":null,""state"":""S1""}"
EV0013426,P00354,reveal_seen,R09,2026-08-13T22:11:08+05:30,"{""age_band"":""30 to 34"",""aspiration"":""Security"",""city"":""Bengaluru"",""corpus_band"":""5 to 25 lakhs"",""income_band"":""10 to 25 lakhs"",""journey_feel"":""Very good, mostly things have worked out well"",""path_now_band"":""5 to 10 Cr"",""path_yes_band"":""10 to 20 Cr"",""savings_band"":""Around 25%, meaningful amounts""}"
EV0013427,P00354,state_enter_S2,X01,2026-08-13T22:11:08+05:30,"{""from_state"":""S1"",""state"":""S2""}"
EV0013433,P00355,signed_up,A03,2026-08-15T02:44:45+05:30,"{""device"":""android"",""phone"":""9000099428"",""source"":""web_reveal"",""whatsapp_optin"":true}"
EV0013434,P00355,state_enter_S1,R01,2026-08-15T02:44:45+05:30,"{""from_state"":null,""state"":""S1""}"
EV0013446,P00355,reveal_seen,R09,2026-08-15T11:02:52+05:30,"{""age_band"":""40 to 44"",""aspiration"":""Legacy"",""city"":""Delhi"",""corpus_band"":""25 lakhs to 1 crore"",""income_band"":""50 lakhs to 1 crore"",""journey_feel"":""Very good, mostly things have worked out well"",""path_now_band"":""over 20 Cr"",""path_yes_band"":""over 20 Cr"",""savings_band"":""More than 40%, I live well below my means""}"
EV0013447,P00355,state_enter_S2,X01,2026-08-15T11:02:52+05:30,"{""from_state"":""S1"",""state"":""S2""}"
EV0013451,P00355,paywall_viewed,P01,2026-08-15T11:08:27+05:30,"{""from_state"":""S2"",""sku_expanded"":""diy""}"
EV0013458,P00357,signed_up,A03,2026-08-10T22:44:04+05:30,"{""device"":""android"",""phone"":""9000076335"",""source"":""organic"",""whatsapp_optin"":true}"
EV0013459,P00357,state_enter_S1,R01,2026-08-10T22:44:04+05:30,"{""from_state"":null,""state"":""S1""}"
EV0013470,P00357,reveal_seen,R09,2026-08-11T00:10:50+05:30,"{""age_band"":""35 to 39"",""aspiration"":""Generosity"",""city"":""Ahmedabad"",""corpus_band"":""5 to 25 lakhs"",""income_band"":""10 to 25 lakhs"",""journey_feel"":""Some hits and some misses, it has been mixed"",""path_now_band"":""2 to 5 Cr"",""path_yes_band"":""5 to 10 Cr"",""savings_band"":""Around 40%, some serious money""}"
EV0013471,P00357,state_enter_S2,X01,2026-08-11T00:10:50+05:30,"{""from_state"":""S1"",""state"":""S2""}"
EV0013479,P00359,signed_up,A03,2026-08-14T17:53:28+05:30,"{""device"":""android"",""phone"":""9000077925"",""source"":""community"",""whatsapp_optin"":false}"
EV0013480,P00359,state_enter_S1,R01,2026-08-14T17:53:28+05:30,"{""from_state"":null,""state"":""S1""}"
EV0013493,P00360,signed_up,A03,2026-08-20T07:58:31+05:30,"{""device"":""android"",""phone"":""9000083185"",""source"":""corporate_session"",""whatsapp_optin"":false}"
EV0013494,P00360,state_enter_S1,R01,2026-08-20T07:58:31+05:30,"{""from_state"":null,""state"":""S1""}"
EV0013503,P00361,signed_up,A03,2026-08-11T10:01:14+05:30,"{""device"":""ios"",""phone"":""9000015325"",""source"":""referral"",""whatsapp_optin"":true}"
EV0013504,P00361,state_enter_S1,R01,2026-08-11T10:01:14+05:30,"{""from_state"":null,""state"":""S1""}"
EV0013515,P00361,reveal_seen,R09,2026-08-11T10:40:21+05:30,"{""age_band"":""25 to 29"",""aspiration"":""Security"",""city"":""Bengaluru"",""corpus_band"":""25 lakhs to 1 crore"",""income_band"":""25 to 50 lakhs"",""journey_feel"":""Not so good, I can do better"",""path_now_band"":""10 to 20 Cr"",""path_yes_band"":""over 20 Cr"",""savings_band"":""Around 40%, some serious money""}"
EV0013516,P00361,state_enter_S2,X01,2026-08-11T10:40:21+05:30,"{""from_state"":""S1"",""state"":""S2""}"
EV0013519,P00361,paywall_viewed,P01,2026-08-11T13:20:45+05:30,"{""from_state"":""S2"",""sku_expanded"":""diwm""}"
EV0013521,P00361,state_enter_S2b,P03,2026-08-11T13:21:15+05:30,"{""from_state"":""S2"",""state"":""S2b""}"
EV0013523,P00361,esign_done,P03,2026-08-11T13:25:20+05:30,"{""agreement_version"":""AGR v1 (to be verified: agreement template versions)"",""esign_ref"":""ESIGN-SEED-003231""}"
EV0013524,P00361,state_enter_S2c,P04,2026-08-11T13:25:20+05:30,"{""from_state"":""S2b"",""state"":""S2c""}"
EV0013526,P00361,paid,P05,2026-08-11T13:29:25+05:30,"{""amount"":""Rs ___"",""mandate_status"":""active"",""period"":""quarterly"",""razorpay_ids"":{""customer_id"":""cust_SEED00361"",""subscription_or_txn_id"":""sub_SEED003611""},""sku"":""diwm""}"
EV0013527,P00361,state_enter_S3,O02,2026-08-11T13:29:25+05:30,"{""from_state"":""S2c"",""state"":""S3""}"
EV0013538,P00361,state_enter_S4,O02,2026-08-13T13:08:57+05:30,"{""from_state"":""S3"",""state"":""S4""}"
EV0013543,P00361,data_progress,D12a,2026-08-13T13:13:59+05:30,"{""pct_complete"":31,""step_id"":""family""}"
EV0013554,P00361,data_progress,D12b,2026-08-13T13:15:35+05:30,"{""pct_complete"":39,""step_id"":""risk""}"
EV0013563,P00361,data_progress,D12c,2026-08-13T13:18:38+05:30,"{""pct_complete"":44,""step_id"":""income""}"
EV0013579,P00361,data_progress,D12d,2026-08-13T13:22:32+05:30,"{""pct_complete"":52,""step_id"":""expenses""}"
EV0013593,P00361,data_progress,D12e,2026-08-13T13:27:05+05:30,"{""pct_complete"":66,""step_id"":""investments""}"
EV0013603,P00361,data_progress,D12f,2026-08-13T13:29:16+05:30,"{""pct_complete"":74,""step_id"":""loans""}"
EV0013620,P00361,data_progress,D12g,2026-08-15T10:47:41+05:30,"{""pct_complete"":82,""step_id"":""insurance""}"
EV0013628,P00361,call_booked,K01,2026-08-17T00:21:00+05:30,"{""adviser_id"":""adv06"",""slot"":""2026-08-18T19:30:00+05:30"",""summary"":""call booked: my plan"",""tier"":""diwm"",""topic"":""My plan""}"
EV0013629,P00361,state_enter_S7,K02,2026-08-17T00:21:00+05:30,"{""from_state"":""S4"",""state"":""S7""}"
EV0013640,P00361,data_progress,D12h,2026-08-17T14:27:20+05:30,"{""pct_complete"":90,""step_id"":""goals""}"
EV0013652,P00361,state_enter_S5,D10,2026-08-18T20:15:00+05:30,"{""from_state"":""S7"",""state"":""S5""}"
EV0013654,P00361,call_completed,K03,2026-08-18T20:17:00+05:30,"{""adviser_id"":""adv06"",""slot"":""2026-08-18T19:30:00+05:30"",""summary"":""Walked through my plan; next step agreed.""}"
EV0013657,P00361,data_complete,D10,2026-08-20T19:51:53+05:30,{}
EV0013658,P00361,plan_built,D10,2026-08-20T19:52:14+05:30,"{""assumed_count"":0,""assumptions_version"":""A2"",""band_count"":8,""built_on"":""full"",""instrument_set_version"":""I1"",""plan_version"":""v1"",""unknown_count"":2}"
EV0013659,P00361,state_enter_S6,H01a,2026-08-20T19:52:14+05:30,"{""from_state"":""S5"",""state"":""S6""}"
EV0013667,P00361,ticket_created,H07,2026-09-08T17:20:24+05:30,"{""category"":""support"",""ticket_id"":""TK-004601""}"
EV0013668,P00361,plan_updated,H05,2026-09-11T09:16:37+05:30,"{""from_version"":""v1"",""reason"":""publish"",""to_version"":""v2""}"
EV0013669,P00361,state_enter_S11,H01e,2026-09-11T09:16:37+05:30,"{""from_state"":""S6"",""state"":""S11""}"
EV0013672,P00361,update_accepted,H05,2026-09-15T14:24:52+05:30,"{""to_version"":""v2""}"
EV0013673,P00361,state_enter_S6,H01a,2026-09-15T14:24:52+05:30,"{""from_state"":""S11"",""state"":""S6""}"
EV0013679,P00363,signed_up,A03,2026-08-13T08:15:42+05:30,"{""device"":""android"",""phone"":""9000046500"",""source"":""community"",""whatsapp_optin"":true}"
EV0013680,P00363,state_enter_S1,R01,2026-08-13T08:15:42+05:30,"{""from_state"":null,""state"":""S1""}"
EV0013692,P00363,reveal_seen,R09,2026-08-13T20:49:05+05:30,"{""age_band"":""35 to 39"",""aspiration"":""Family"",""city"":""Mumbai"",""corpus_band"":""1 to 5 crores"",""income_band"":""50 lakhs to 1 crore"",""journey_feel"":""Not so good, I can do better"",""path_now_band"":""over 20 Cr"",""path_yes_band"":""over 20 Cr"",""savings_band"":""More than 40%, I live well below my means""}"
EV0013693,P00363,state_enter_S2,X01,2026-08-13T20:49:05+05:30,"{""from_state"":""S1"",""state"":""S2""}"
EV0013698,P00363,paywall_viewed,P01,2026-08-13T22:40:59+05:30,"{""from_state"":""S2"",""sku_expanded"":""diwm""}"
EV0013700,P00363,state_enter_S2b,P03,2026-08-13T22:44:17+05:30,"{""from_state"":""S2"",""state"":""S2b""}"
EV0013702,P00363,esign_done,P03,2026-08-13T22:55:57+05:30,"{""agreement_version"":""AGR v1 (to be verified: agreement template versions)"",""esign_ref"":""ESIGN-SEED-003140""}"
EV0013703,P00363,state_enter_S2c,P04,2026-08-13T22:55:57+05:30,"{""from_state"":""S2b"",""state"":""S2c""}"
EV0013720,P00364,signed_up,A03,2026-08-13T06:28:30+05:30,"{""device"":""ios"",""phone"":""9000041086"",""source"":""community"",""whatsapp_optin"":true}"
EV0013721,P00364,state_enter_S1,R01,2026-08-13T06:28:30+05:30,"{""from_state"":null,""state"":""S1""}"
EV0013733,P00364,reveal_seen,R09,2026-08-13T15:37:12+05:30,"{""age_band"":""25 to 29"",""aspiration"":""Legacy"",""city"":""Pune"",""corpus_band"":""5 to 25 lakhs"",""income_band"":""10 to 25 lakhs"",""journey_feel"":""Very good, mostly things have worked out well"",""path_now_band"":""10 to 20 Cr"",""path_yes_band"":""over 20 Cr"",""savings_band"":""More than 40%, I live well below my means""}"
EV0013734,P00364,state_enter_S2,X01,2026-08-13T15:37:12+05:30,"{""from_state"":""S1"",""state"":""S2""}"
EV0013738,P00364,paywall_viewed,P01,2026-09-20T09:42:53+05:30,"{""from_state"":""S2"",""sku_expanded"":""diwm""}"
EV0013740,P00364,state_enter_S2b,P03,2026-09-20T09:43:23+05:30,"{""from_state"":""S2"",""state"":""S2b""}"
EV0013742,P00364,esign_done,P03,2026-09-20T09:48:18+05:30,"{""agreement_version"":""AGR v1 (to be verified: agreement template versions)"",""esign_ref"":""ESIGN-SEED-003175""}"
EV0013743,P00364,state_enter_S2c,P04,2026-09-20T09:48:18+05:30,"{""from_state"":""S2b"",""state"":""S2c""}"
EV0013745,P00364,paid,P05,2026-09-20T09:53:13+05:30,"{""amount"":""Rs ___"",""mandate_status"":""active"",""period"":""quarterly"",""razorpay_ids"":{""customer_id"":""cust_SEED00364"",""subscription_or_txn_id"":""sub_SEED003641""},""sku"":""diwm""}"
EV0013746,P00364,state_enter_S3,O02,2026-09-20T09:53:13+05:30,"{""from_state"":""S2c"",""state"":""S3""}"
EV0013755,P00364,state_enter_S17,A10a,2026-09-20T10:03:42+05:30,"{""from_state"":""S3"",""state"":""S17""}"
EV0013761,P00364,state_enter_S3,O02,2026-09-21T10:43:58+05:30,"{""from_state"":""S17"",""state"":""S3""}"
EV0013769,P00365,signed_up,A03,2026-08-19T04:29:01+05:30,"{""device"":""android"",""phone"":""9000007237"",""source"":""community"",""whatsapp_optin"":true}"
EV0013770,P00365,state_enter_S1,R01,2026-08-19T04:29:01+05:30,"{""from_state"":null,""state"":""S1""}"
EV0013781,P00365,reveal_seen,R09,2026-08-19T06:14:23+05:30,"{""age_band"":""25 to 29"",""aspiration"":""Freedom"",""city"":""Gurugram"",""corpus_band"":""Under 5 lakhs"",""income_band"":""10 to 25 lakhs"",""journey_feel"":""Very good, mostly things have worked out well"",""path_now_band"":""5 to 10 Cr"",""path_yes_band"":""10 to 20 Cr"",""savings_band"":""Around 40%, some serious money""}"
EV0013782,P00365,state_enter_S2,X01,2026-08-19T06:14:23+05:30,"{""from_state"":""S1"",""state"":""S2""}"
EV0013789,P00368,signed_up,A03,2026-08-13T16:03:16+05:30,"{""device"":""android"",""phone"":""9000051993"",""source"":""organic"",""whatsapp_optin"":true}"
EV0013790,P00368,state_enter_S1,R01,2026-08-13T16:03:16+05:30,"{""from_state"":null,""state"":""S1""}"
EV0013805,P00368,reveal_seen,R09,2026-08-14T17:30:17+05:30,"{""age_band"":""30 to 34"",""aspiration"":""Generosity"",""city"":""Coimbatore"",""corpus_band"":""25 lakhs to 1 crore"",""income_band"":""10 to 25 lakhs"",""journey_feel"":""Not so good, I can do better"",""path_now_band"":""10 to 20 Cr"",""path_yes_band"":""10 to 20 Cr"",""savings_band"":""Around 40%, some serious money""}"
EV0013806,P00368,state_enter_S2,X01,2026-08-14T17:30:17+05:30,"{""from_state"":""S1"",""state"":""S2""}"
EV0013817,P00369,signed_up,A03,2026-08-18T17:15:56+05:30,"{""device"":""android"",""phone"":""9000056748"",""source"":""community"",""whatsapp_optin"":true}"
EV0013818,P00369,state_enter_S1,R01,2026-08-18T17:15:56+05:30,"{""from_state"":null,""state"":""S1""}"
EV0013829,P00369,reveal_seen,R09,2026-08-18T17:28:31+05:30,"{""age_band"":""30 to 34"",""aspiration"":""Security"",""city"":""Chennai"",""corpus_band"":""5 to 25 lakhs"",""income_band"":""25 to 50 lakhs"",""journey_feel"":""Not so good, I can do better"",""path_now_band"":""10 to 20 Cr"",""path_yes_band"":""over 20 Cr"",""savings_band"":""More than 40%, I live well below my means""}"
EV0013830,P00369,state_enter_S2,X01,2026-08-18T17:28:31+05:30,"{""from_state"":""S1"",""state"":""S2""}"
EV0013841,P00374,signed_up,A03,2026-08-14T13:57:23+05:30,"{""device"":""android"",""phone"":""9000051352"",""source"":""community"",""whatsapp_optin"":true}"
EV0013842,P00374,state_enter_S1,R01,2026-08-14T13:57:23+05:30,"{""from_state"":null,""state"":""S1""}"
EV0013853,P00374,reveal_seen,R09,2026-08-14T14:10:00+05:30,"{""age_band"":""25 to 29"",""aspiration"":""Security"",""city"":""Bengaluru"",""corpus_band"":""Under 5 lakhs"",""income_band"":""10 to 25 lakhs"",""journey_feel"":""Not so good, I can do better"",""path_now_band"":""5 to 10 Cr"",""path_yes_band"":""10 to 20 Cr"",""savings_band"":""More than 40%, I live well below my means""}"
EV0013854,P00374,state_enter_S2,X01,2026-08-14T14:10:00+05:30,"{""from_state"":""S1"",""state"":""S2""}"
EV0013864,P00376,signed_up,A03,2026-08-16T23:02:02+05:30,"{""device"":""android"",""phone"":""9000095955"",""source"":""corporate_session"",""whatsapp_optin"":true}"
EV0013865,P00376,state_enter_S1,R01,2026-08-16T23:02:02+05:30,"{""from_state"":null,""state"":""S1""}"
EV0013876,P00376,reveal_seen,R09,2026-08-17T04:55:46+05:30,"{""age_band"":""35 to 39"",""aspiration"":""Security"",""city"":""Gurugram"",""corpus_band"":""25 lakhs to 1 crore"",""income_band"":""10 to 25 lakhs"",""journey_feel"":""Very good, mostly things have worked out well"",""path_now_band"":""5 to 10 Cr"",""path_yes_band"":""10 to 20 Cr"",""savings_band"":""More than 40%, I live well below my means""}"
EV0013877,P00376,state_enter_S2,X01,2026-08-17T04:55:46+05:30,"{""from_state"":""S1"",""state"":""S2""}"
EV0013886,P00377,signed_up,A03,2026-08-25T09:47:51+05:30,"{""device"":""android"",""phone"":""9000028641"",""source"":""corporate_session"",""whatsapp_optin"":false}"
EV0013887,P00377,state_enter_S1,R01,2026-08-25T09:47:51+05:30,"{""from_state"":null,""state"":""S1""}"
EV0013898,P00377,reveal_seen,R09,2026-08-25T10:01:15+05:30,"{""age_band"":""30 to 34"",""aspiration"":""Family"",""city"":""Pune"",""corpus_band"":""25 lakhs to 1 crore"",""income_band"":""10 to 25 lakhs"",""journey_feel"":""Some hits and some misses, it has been mixed"",""path_now_band"":""10 to 20 Cr"",""path_yes_band"":""over 20 Cr"",""savings_band"":""More than 40%, I live well below my means""}"
EV0013899,P00377,state_enter_S2,X01,2026-08-25T10:01:15+05:30,"{""from_state"":""S1"",""state"":""S2""}"
EV0013903,P00377,paywall_viewed,P01,2026-09-15T07:47:14+05:30,"{""from_state"":""S2"",""sku_expanded"":""diy""}"
EV0013905,P00377,state_enter_S2b,P03,2026-09-15T07:47:44+05:30,"{""from_state"":""S2"",""state"":""S2b""}"
EV0013907,P00377,esign_done,P03,2026-09-15T07:50:48+05:30,"{""agreement_version"":""AGR v1 (to be verified: agreement template versions)"",""esign_ref"":""ESIGN-SEED-003182""}"
EV0013908,P00377,state_enter_S2c,P04,2026-09-15T07:50:48+05:30,"{""from_state"":""S2b"",""state"":""S2c""}"
EV0013910,P00377,paid,P05,2026-09-15T07:53:52+05:30,"{""amount"":""Rs ___"",""mandate_status"":""active"",""period"":""monthly"",""razorpay_ids"":{""customer_id"":""cust_SEED00377"",""subscription_or_txn_id"":""sub_SEED003771""},""sku"":""diy""}"
EV0013911,P00377,state_enter_S3,O02,2026-09-15T07:53:52+05:30,"{""from_state"":""S2c"",""state"":""S3""}"
EV0013921,P00377,aa_failed,A09,2026-09-15T08:14:18+05:30,"{""consent_expiry"":null,""institutions_failed"":[""Bank 3"",""Bank 6"",""KFintech""],""institutions_ok"":[]}"
EV0013926,P00377,state_enter_S4,O02,2026-09-17T17:19:30+05:30,"{""from_state"":""S3"",""state"":""S4""}"
EV0013928,P00377,data_progress,D12a,2026-09-17T17:19:43+05:30,"{""pct_complete"":29,""step_id"":""family""}"
EV0013940,P00378,signed_up,A03,2026-08-17T13:57:00+05:30,"{""device"":""android"",""phone"":""9000091172"",""source"":""community"",""whatsapp_optin"":false}"
EV0013941,P00378,state_enter_S1,R01,2026-08-17T13:57:00+05:30,"{""from_state"":null,""state"":""S1""}"
EV0013953,P00378,reveal_seen,R09,2026-08-17T19:04:33+05:30,"{""age_band"":""35 to 39"",""aspiration"":""Security"",""city"":""Gurugram"",""corpus_band"":""25 lakhs to 1 crore"",""income_band"":""25 to 50 lakhs"",""journey_feel"":""Some hits and some misses, it has been mixed"",""path_now_band"":""10 to 20 Cr"",""path_yes_band"":""over 20 Cr"",""savings_band"":""More than 40%, I live well below my means""}"
EV0013954,P00378,state_enter_S2,X01,2026-08-17T19:04:33+05:30,"{""from_state"":""S1"",""state"":""S2""}"
EV0013958,P00378,paywall_viewed,P01,2026-08-17T19:08:58+05:30,"{""from_state"":""S2"",""sku_expanded"":""none""}"
EV0013963,P00379,signed_up,A03,2026-08-18T10:00:11+05:30,"{""device"":""ios"",""phone"":""9000052494"",""source"":""corporate_session"",""whatsapp_optin"":true}"
EV0013964,P00379,state_enter_S1,R01,2026-08-18T10:00:11+05:30,"{""from_state"":null,""state"":""S1""}"
EV0013975,P00379,reveal_seen,R09,2026-08-18T10:07:23+05:30,"{""age_band"":""30 to 34"",""aspiration"":""Generosity"",""city"":""Ahmedabad"",""corpus_band"":""25 lakhs to 1 crore"",""income_band"":""10 to 25 lakhs"",""journey_feel"":null,""path_now_band"":""5 to 10 Cr"",""path_yes_band"":""10 to 20 Cr"",""savings_band"":""Around 25%, meaningful amounts""}"
EV0013976,P00379,state_enter_S2,X01,2026-08-18T10:07:23+05:30,"{""from_state"":""S1"",""state"":""S2""}"
EV0013980,P00379,paywall_viewed,P01,2026-08-18T10:11:01+05:30,"{""from_state"":""S2"",""sku_expanded"":""diy""}"
EV0013986,P00381,signed_up,A03,2026-08-27T02:39:50+05:30,"{""device"":""android"",""phone"":""9000047600"",""source"":""corporate_session"",""whatsapp_optin"":true}"
EV0013987,P00381,state_enter_S1,R01,2026-08-27T02:39:50+05:30,"{""from_state"":null,""state"":""S1""}"
EV0013998,P00381,reveal_seen,R09,2026-08-27T05:17:26+05:30,"{""age_band"":""30 to 34"",""aspiration"":""Legacy"",""city"":""Pune"",""corpus_band"":""5 to 25 lakhs"",""income_band"":""10 to 25 lakhs"",""journey_feel"":""Not so good, I can do better"",""path_now_band"":""10 to 20 Cr"",""path_yes_band"":""over 20 Cr"",""savings_band"":""More than 40%, I live well below my means""}"
EV0013999,P00381,state_enter_S2,X01,2026-08-27T05:17:26+05:30,"{""from_state"":""S1"",""state"":""S2""}"
EV0014002,P00381,paywall_viewed,P01,2026-08-27T05:20:18+05:30,"{""from_state"":""S2"",""sku_expanded"":""diwm""}"
EV0014010,P00382,signed_up,A03,2026-08-19T03:44:05+05:30,"{""device"":""android"",""phone"":""9000050296"",""source"":""organic"",""whatsapp_optin"":true}"
EV0014011,P00382,state_enter_S1,R01,2026-08-19T03:44:05+05:30,"{""from_state"":null,""state"":""S1""}"
EV0014023,P00382,reveal_seen,R09,2026-08-19T18:07:33+05:30,"{""age_band"":""30 to 34"",""aspiration"":""Freedom"",""city"":""Bengaluru"",""corpus_band"":""5 to 25 lakhs"",""income_band"":""10 to 25 lakhs"",""journey_feel"":""Very good, mostly things have worked out well"",""path_now_band"":""5 to 10 Cr"",""path_yes_band"":""10 to 20 Cr"",""savings_band"":""More than 40%, I live well below my means""}"
EV0014024,P00382,state_enter_S2,X01,2026-08-19T18:07:33+05:30,"{""from_state"":""S1"",""state"":""S2""}"
EV0014027,P00382,paywall_viewed,P01,2026-08-19T18:09:11+05:30,"{""from_state"":""S2"",""sku_expanded"":""diy""}"
EV0014035,P00383,signed_up,A03,2026-08-18T09:29:45+05:30,"{""device"":""ios"",""phone"":""9000060373"",""source"":""community"",""whatsapp_optin"":true}"
EV0014036,P00383,state_enter_S1,R01,2026-08-18T09:29:45+05:30,"{""from_state"":null,""state"":""S1""}"
EV0014046,P00386,signed_up,A03,2026-08-19T18:27:18+05:30,"{""device"":""ios"",""phone"":""9000027950"",""source"":""community"",""whatsapp_optin"":true}"
EV0014047,P00386,state_enter_S1,R01,2026-08-19T18:27:18+05:30,"{""from_state"":null,""state"":""S1""}"
EV0014061,P00394,signed_up,A03,2026-08-20T12:20:54+05:30,"{""device"":""android"",""phone"":""9000030807"",""source"":""referral"",""whatsapp_optin"":false}"
EV0014062,P00394,state_enter_S1,R01,2026-08-20T12:20:54+05:30,"{""from_state"":null,""state"":""S1""}"
EV0014074,P00394,reveal_seen,R09,2026-08-20T13:29:08+05:30,"{""age_band"":""30 to 34"",""aspiration"":""Freedom"",""city"":""Gurugram"",""corpus_band"":""25 lakhs to 1 crore"",""income_band"":""50 lakhs to 1 crore"",""journey_feel"":""Not so good, I can do better"",""path_now_band"":""over 20 Cr"",""path_yes_band"":""over 20 Cr"",""savings_band"":""Around 40%, some serious money""}"
EV0014075,P00394,state_enter_S2,X01,2026-08-20T13:29:08+05:30,"{""from_state"":""S1"",""state"":""S2""}"
EV0014082,P00397,signed_up,A03,2026-08-20T17:01:49+05:30,"{""device"":""android"",""phone"":""9000030531"",""source"":""community"",""whatsapp_optin"":true}"
EV0014083,P00397,state_enter_S1,R01,2026-08-20T17:01:49+05:30,"{""from_state"":null,""state"":""S1""}"
EV0014095,P00397,reveal_seen,R09,2026-08-20T18:41:48+05:30,"{""age_band"":""30 to 34"",""aspiration"":""Family"",""city"":""Gurugram"",""corpus_band"":""25 lakhs to 1 crore"",""income_band"":""25 to 50 lakhs"",""journey_feel"":""Some hits and some misses, it has been mixed"",""path_now_band"":""over 20 Cr"",""path_yes_band"":""over 20 Cr"",""savings_band"":""More than 40%, I live well below my means""}"
EV0014096,P00397,state_enter_S2,X01,2026-08-20T18:41:48+05:30,"{""from_state"":""S1"",""state"":""S2""}"
EV0014100,P00397,paywall_viewed,P01,2026-09-11T20:33:32+05:30,"{""from_state"":""S2"",""sku_expanded"":""diy""}"
EV0014102,P00397,state_enter_S2b,P03,2026-09-11T20:34:02+05:30,"{""from_state"":""S2"",""state"":""S2b""}"
EV0014104,P00397,esign_done,P03,2026-09-11T20:37:40+05:30,"{""agreement_version"":""AGR v1 (to be verified: agreement template versions)"",""esign_ref"":""ESIGN-SEED-003539""}"
EV0014105,P00397,state_enter_S2c,P04,2026-09-11T20:37:40+05:30,"{""from_state"":""S2b"",""state"":""S2c""}"
EV0014107,P00397,paid,P05,2026-09-11T20:41:18+05:30,"{""amount"":""Rs ___"",""mandate_status"":""active"",""period"":""monthly"",""razorpay_ids"":{""customer_id"":""cust_SEED00397"",""subscription_or_txn_id"":""sub_SEED003971""},""sku"":""diy""}"
EV0014108,P00397,state_enter_S3,O02,2026-09-11T20:41:18+05:30,"{""from_state"":""S2c"",""state"":""S3""}"
EV0014120,P00397,state_enter_S4,O02,2026-09-18T17:12:26+05:30,"{""from_state"":""S3"",""state"":""S4""}"
EV0014124,P00397,data_progress,D12a,2026-09-18T17:15:12+05:30,"{""pct_complete"":31,""step_id"":""family""}"
EV0014135,P00397,data_progress,D12b,2026-09-18T17:16:32+05:30,"{""pct_complete"":39,""step_id"":""risk""}"
EV0014156,P00397,data_progress,D12c,2026-09-18T17:22:51+05:30,"{""pct_complete"":46,""step_id"":""income""}"
EV0014177,P00397,data_progress,D12d,2026-09-18T17:28:29+05:30,"{""pct_complete"":53,""step_id"":""expenses""}"
EV0014210,P00397,data_progress,D12e,2026-09-18T17:37:43+05:30,"{""pct_complete"":71,""step_id"":""investments""}"
EV0014220,P00397,data_progress,D12f,2026-09-18T17:39:57+05:30,"{""pct_complete"":79,""step_id"":""loans""}"
EV0014232,P00397,data_progress,D12g,2026-09-18T17:42:08+05:30,"{""pct_complete"":87,""step_id"":""insurance""}"
EV0014248,P00397,data_progress,D12h,2026-09-18T17:47:15+05:30,"{""pct_complete"":94,""step_id"":""goals""}"
EV0014255,P00397,state_enter_S5,D10,2026-09-18T19:12:26+05:30,"{""from_state"":""S4"",""state"":""S5""}"
EV0014257,P00397,data_complete,D10,2026-09-18T19:26:45+05:30,{}
EV0014258,P00397,plan_built,D10,2026-09-18T19:27:29+05:30,"{""assumed_count"":0,""assumptions_version"":""A2"",""band_count"":14,""built_on"":""full"",""instrument_set_version"":""I2"",""plan_version"":""v1"",""unknown_count"":0}"
EV0014259,P00397,state_enter_S6,H01a,2026-09-18T19:27:29+05:30,"{""from_state"":""S5"",""state"":""S6""}"
EV0014266,P00397,cancelled,Q03a,2026-09-21T12:10:13+05:30,"{""reason"":""Too expensive for me right now"",""refund_requested"":true}"
EV0014267,P00397,state_enter_S24,Q03a,2026-09-21T12:10:13+05:30,"{""from_state"":""S6"",""state"":""S24""}"
EV0014273,P00398,signed_up,A03,2026-08-20T11:54:11+05:30,"{""device"":""ios"",""phone"":""9000012551"",""source"":""organic"",""whatsapp_optin"":false}"
EV0014274,P00398,state_enter_S1,R01,2026-08-20T11:54:11+05:30,"{""from_state"":null,""state"":""S1""}"
EV0014288,P00398,reveal_seen,R09,2026-08-21T01:15:20+05:30,"{""age_band"":""30 to 34"",""aspiration"":""Family"",""city"":""Gurugram"",""corpus_band"":""25 lakhs to 1 crore"",""income_band"":""50 lakhs to 1 crore"",""journey_feel"":""Some hits and some misses, it has been mixed"",""path_now_band"":""over 20 Cr"",""path_yes_band"":""over 20 Cr"",""savings_band"":""More than 40%, I live well below my means""}"
EV0014289,P00398,state_enter_S2,X01,2026-08-21T01:15:20+05:30,"{""from_state"":""S1"",""state"":""S2""}"
EV0014297,P00400,signed_up,A03,2026-08-27T21:39:04+05:30,"{""device"":""android"",""phone"":""9000073764"",""source"":""web_reveal"",""whatsapp_optin"":true}"
EV0014298,P00400,state_enter_S1,R01,2026-08-27T21:39:04+05:30,"{""from_state"":null,""state"":""S1""}"
EV0014309,P00401,signed_up,A03,2026-08-21T09:08:42+05:30,"{""device"":""android"",""phone"":""9000048655"",""source"":""organic"",""whatsapp_optin"":false}"
EV0014310,P00401,state_enter_S1,R01,2026-08-21T09:08:42+05:30,"{""from_state"":null,""state"":""S1""}"
EV0014322,P00401,reveal_seen,R09,2026-08-21T19:47:54+05:30,"{""age_band"":""35 to 39"",""aspiration"":""Legacy"",""city"":""Delhi"",""corpus_band"":""1 to 5 crores"",""income_band"":""50 lakhs to 1 crore"",""journey_feel"":""Very good, mostly things have worked out well"",""path_now_band"":""over 20 Cr"",""path_yes_band"":""over 20 Cr"",""savings_band"":""More than 40%, I live well below my means""}"
EV0014323,P00401,state_enter_S2,X01,2026-08-21T19:47:54+05:30,"{""from_state"":""S1"",""state"":""S2""}"
EV0014331,P00403,signed_up,A03,2026-08-25T20:15:00+05:30,"{""device"":""android"",""phone"":""9000046200"",""source"":""community"",""whatsapp_optin"":true}"
EV0014332,P00403,state_enter_S1,R01,2026-08-25T20:15:00+05:30,"{""from_state"":null,""state"":""S1""}"
EV0014343,P00403,reveal_seen,R09,2026-08-26T05:03:24+05:30,"{""age_band"":""25 to 29"",""aspiration"":""Freedom"",""city"":""Bengaluru"",""corpus_band"":""Under 5 lakhs"",""income_band"":""Under 10 lakhs"",""journey_feel"":""Some hits and some misses, it has been mixed"",""path_now_band"":""5 to 10 Cr"",""path_yes_band"":""10 to 20 Cr"",""savings_band"":""Around 40%, some serious money""}"
EV0014344,P00403,state_enter_S2,X01,2026-08-26T05:03:24+05:30,"{""from_state"":""S1"",""state"":""S2""}"
EV0014354,P00404,signed_up,A03,2026-08-23T12:10:57+05:30,"{""device"":""android"",""phone"":""9000057695"",""source"":""community"",""whatsapp_optin"":true}"
EV0014355,P00404,state_enter_S1,R01,2026-08-23T12:10:57+05:30,"{""from_state"":null,""state"":""S1""}"
EV0014367,P00404,reveal_seen,R09,2026-08-23T13:32:57+05:30,"{""age_band"":""35 to 39"",""aspiration"":""Legacy"",""city"":""Delhi"",""corpus_band"":""1 to 5 crores"",""income_band"":""25 to 50 lakhs"",""journey_feel"":""Not so good, I can do better"",""path_now_band"":""over 20 Cr"",""path_yes_band"":""over 20 Cr"",""savings_band"":""More than 40%, I live well below my means""}"
EV0014368,P00404,state_enter_S2,X01,2026-08-23T13:32:57+05:30,"{""from_state"":""S1"",""state"":""S2""}"
EV0014373,P00404,paywall_viewed,P01,2026-08-23T13:37:32+05:30,"{""from_state"":""S2"",""sku_expanded"":""none""}"
EV0014379,P00409,signed_up,A03,2026-08-27T15:34:53+05:30,"{""device"":""android"",""phone"":""9000038812"",""source"":""corporate_session"",""whatsapp_optin"":true}"
EV0014380,P00409,state_enter_S1,R01,2026-08-27T15:34:53+05:30,"{""from_state"":null,""state"":""S1""}"
EV0014392,P00409,reveal_seen,R09,2026-08-28T09:27:12+05:30,"{""age_band"":""35 to 39"",""aspiration"":""Family"",""city"":""Hyderabad"",""corpus_band"":""25 lakhs to 1 crore"",""income_band"":""25 to 50 lakhs"",""journey_feel"":""Some hits and some misses, it has been mixed"",""path_now_band"":""10 to 20 Cr"",""path_yes_band"":""over 20 Cr"",""savings_band"":""Around 25%, meaningful amounts""}"
EV0014393,P00409,state_enter_S2,X01,2026-08-28T09:27:12+05:30,"{""from_state"":""S1"",""state"":""S2""}"
EV0014397,P00409,paywall_viewed,P01,2026-08-28T09:33:13+05:30,"{""from_state"":""S2"",""sku_expanded"":""diy""}"
EV0014407,P00410,signed_up,A03,2026-08-29T12:36:48+05:30,"{""device"":""android"",""phone"":""9000004648"",""source"":""community"",""whatsapp_optin"":true}"
EV0014408,P00410,state_enter_S1,R01,2026-08-29T12:36:48+05:30,"{""from_state"":null,""state"":""S1""}"
EV0014419,P00410,reveal_seen,R09,2026-08-29T13:11:25+05:30,"{""age_band"":""35 to 39"",""aspiration"":""Freedom"",""city"":""Hyderabad"",""corpus_band"":""1 to 5 crores"",""income_band"":""50 lakhs to 1 crore"",""journey_feel"":""Very good, mostly things have worked out well"",""path_now_band"":""10 to 20 Cr"",""path_yes_band"":""over 20 Cr"",""savings_band"":""Around 25%, meaningful amounts""}"
EV0014420,P00410,state_enter_S2,X01,2026-08-29T13:11:25+05:30,"{""from_state"":""S1"",""state"":""S2""}"
EV0014425,P00410,paywall_viewed,P01,2026-09-19T13:23:48+05:30,"{""from_state"":""S2"",""sku_expanded"":""diwm""}"
EV0014427,P00410,state_enter_S2b,P03,2026-09-19T13:24:18+05:30,"{""from_state"":""S2"",""state"":""S2b""}"
EV0014429,P00410,esign_done,P03,2026-09-19T13:28:00+05:30,"{""agreement_version"":""AGR v1 (to be verified: agreement template versions)"",""esign_ref"":""ESIGN-SEED-003532""}"
EV0014430,P00410,state_enter_S2c,P04,2026-09-19T13:28:00+05:30,"{""from_state"":""S2b"",""state"":""S2c""}"
EV0014432,P00410,paid,P05,2026-09-19T13:31:42+05:30,"{""amount"":""Rs ___"",""mandate_status"":""active"",""period"":""monthly"",""razorpay_ids"":{""customer_id"":""cust_SEED00410"",""subscription_or_txn_id"":""sub_SEED004101""},""sku"":""diwm""}"
EV0014433,P00410,state_enter_S3,O02,2026-09-19T13:31:42+05:30,"{""from_state"":""S2c"",""state"":""S3""}"
EV0014445,P00410,cancelled,Q03a,2026-09-23T05:53:53+05:30,"{""reason"":""Found an adviser elsewhere"",""refund_requested"":true}"
EV0014446,P00410,state_enter_S24,Q03a,2026-09-23T05:53:53+05:30,"{""from_state"":""S3"",""state"":""S24""}"
EV0014451,P00411,signed_up,A03,2026-08-26T03:57:01+05:30,"{""device"":""android"",""phone"":""9000011074"",""source"":""community"",""whatsapp_optin"":true}"
EV0014452,P00411,state_enter_S1,R01,2026-08-26T03:57:01+05:30,"{""from_state"":null,""state"":""S1""}"
EV0014463,P00411,reveal_seen,R09,2026-08-26T06:59:57+05:30,"{""age_band"":""30 to 34"",""aspiration"":""Freedom"",""city"":""Bengaluru"",""corpus_band"":""5 to 25 lakhs"",""income_band"":""10 to 25 lakhs"",""journey_feel"":""Some hits and some misses, it has been mixed"",""path_now_band"":""5 to 10 Cr"",""path_yes_band"":""10 to 20 Cr"",""savings_band"":""Around 25%, meaningful amounts""}"
EV0014464,P00411,state_enter_S2,X01,2026-08-26T06:59:57+05:30,"{""from_state"":""S1"",""state"":""S2""}"
EV0014466,P00411,paywall_viewed,P01,2026-08-26T09:01:34+05:30,"{""from_state"":""S2"",""sku_expanded"":""diwm""}"
EV0014468,P00411,state_enter_S2b,P03,2026-08-26T09:02:04+05:30,"{""from_state"":""S2"",""state"":""S2b""}"
EV0014470,P00411,esign_done,P03,2026-08-26T09:05:33+05:30,"{""agreement_version"":""AGR v1 (to be verified: agreement template versions)"",""esign_ref"":""ESIGN-SEED-003490""}"
EV0014471,P00411,state_enter_S2c,P04,2026-08-26T09:05:33+05:30,"{""from_state"":""S2b"",""state"":""S2c""}"
EV0014473,P00411,paid,P05,2026-08-26T09:09:02+05:30,"{""amount"":""Rs ___"",""mandate_status"":""active"",""period"":""monthly"",""razorpay_ids"":{""customer_id"":""cust_SEED00411"",""subscription_or_txn_id"":""sub_SEED004111""},""sku"":""diwm""}"
EV0014474,P00411,state_enter_S3,O02,2026-08-26T09:09:02+05:30,"{""from_state"":""S2c"",""state"":""S3""}"
EV0014483,P00411,aa_connected,A06,2026-08-28T04:20:53+05:30,"{""consent_expiry"":""2026-11-26"",""institutions_failed"":[""CAMS"",""KFintech""],""institutions_ok"":[""Bank 1""]}"
EV0014487,P00411,state_enter_S19,O02,2026-09-02T09:09:02+05:30,"{""from_state"":""S3"",""state"":""S19""}"
EV0014494,P00411,data_progress,D12a,2026-09-03T11:06:40+05:30,"{""pct_complete"":29,""step_id"":""family""}"
EV0014505,P00411,data_progress,D12b,2026-09-03T11:08:00+05:30,"{""pct_complete"":37,""step_id"":""risk""}"
EV0014511,P00411,data_progress,D12c,2026-09-03T11:10:06+05:30,"{""pct_complete"":39,""step_id"":""income""}"
EV0014525,P00411,data_progress,D12d,2026-09-03T11:14:10+05:30,"{""pct_complete"":44,""step_id"":""expenses""}"
EV0014535,P00411,data_progress,D12e,2026-09-03T11:17:36+05:30,"{""pct_complete"":59,""step_id"":""investments""}"
EV0014538,P00411,data_progress,D12f,2026-09-03T11:18:18+05:30,"{""pct_complete"":67,""step_id"":""loans""}"
EV0014549,P00411,data_progress,D12g,2026-09-03T11:21:23+05:30,"{""pct_complete"":76,""step_id"":""insurance""}"
EV0014563,P00411,data_progress,D12h,2026-09-03T11:27:32+05:30,"{""pct_complete"":83,""step_id"":""goals""}"
EV0014572,P00411,state_enter_S5,D10,2026-09-03T15:35:52+05:30,"{""from_state"":""S19"",""state"":""S5""}"
EV0014574,P00411,data_complete,D10,2026-09-03T16:03:38+05:30,{}
EV0014575,P00411,plan_built,D10,2026-09-03T16:04:32+05:30,"{""assumed_count"":0,""assumptions_version"":""A2"",""band_count"":7,""built_on"":""full"",""instrument_set_version"":""I1"",""plan_version"":""v1"",""unknown_count"":0}"
EV0014576,P00411,state_enter_S6,H01a,2026-09-03T16:04:32+05:30,"{""from_state"":""S5"",""state"":""S6""}"
EV0014579,P00411,plan_read,G03,2026-09-03T20:13:18+05:30,{}
EV0014580,P00411,state_enter_S8,H01b,2026-09-03T20:13:18+05:30,"{""from_state"":""S6"",""state"":""S8""}"
EV0014589,P00411,pdf_downloaded,G10,2026-09-03T20:27:04+05:30,"{""plan_version"":""v1""}"
EV0014600,P00411,call_booked,K01,2026-09-10T22:54:21+05:30,"{""adviser_id"":""adv06"",""slot"":""2026-09-14T10:30:00+05:30"",""summary"":""call booked: using the app"",""tier"":""diwm"",""topic"":""Using the app""}"
EV0014601,P00411,state_enter_S7,K02,2026-09-10T22:54:21+05:30,"{""from_state"":""S8"",""state"":""S7""}"
EV0014603,P00411,plan_updated,H05,2026-09-11T15:44:21+05:30,"{""from_version"":""v1"",""reason"":""publish"",""to_version"":""v2""}"
EV0014604,P00411,state_enter_S11,H01e,2026-09-11T15:44:21+05:30,"{""from_state"":""S7"",""state"":""S11""}"
EV0014608,P00411,call_completed,K03,2026-09-14T11:17:00+05:30,"{""adviser_id"":""adv06"",""slot"":""2026-09-14T10:30:00+05:30"",""summary"":""Walked through using the app; next step agreed.""}"
EV0014610,P00411,update_accepted,H05,2026-09-17T11:33:02+05:30,"{""to_version"":""v2""}"
EV0014611,P00411,state_enter_S21,K03,2026-09-17T11:33:02+05:30,"{""from_state"":""S11"",""state"":""S21""}"
EV0014618,P00413,signed_up,A03,2026-08-28T23:55:59+05:30,"{""device"":""android"",""phone"":""9000000495"",""source"":""organic"",""whatsapp_optin"":true}"
EV0014619,P00413,state_enter_S1,R01,2026-08-28T23:55:59+05:30,"{""from_state"":null,""state"":""S1""}"
EV0014631,P00413,reveal_seen,R09,2026-08-29T22:10:03+05:30,"{""age_band"":""35 to 39"",""aspiration"":""Generosity"",""city"":""Delhi"",""corpus_band"":""1 to 5 crores"",""income_band"":""25 to 50 lakhs"",""journey_feel"":""Very good, mostly things have worked out well"",""path_now_band"":""10 to 20 Cr"",""path_yes_band"":""over 20 Cr"",""savings_band"":""More than 40%, I live well below my means""}"
EV0014632,P00413,state_enter_S2,X01,2026-08-29T22:10:03+05:30,"{""from_state"":""S1"",""state"":""S2""}"
EV0014641,P00414,signed_up,A03,2026-09-08T18:33:55+05:30,"{""device"":""android"",""phone"":""9000052713"",""source"":""community"",""whatsapp_optin"":true}"
EV0014642,P00414,state_enter_S1,R01,2026-09-08T18:33:55+05:30,"{""from_state"":null,""state"":""S1""}"
EV0014653,P00414,reveal_seen,R09,2026-09-08T19:15:34+05:30,"{""age_band"":""30 to 34"",""aspiration"":""Freedom"",""city"":""Mumbai"",""corpus_band"":""1 to 5 crores"",""income_band"":""25 to 50 lakhs"",""journey_feel"":""Some hits and some misses, it has been mixed"",""path_now_band"":""10 to 20 Cr"",""path_yes_band"":""over 20 Cr"",""savings_band"":""More than 40%, I live well below my means""}"
EV0014654,P00414,state_enter_S2,X01,2026-09-08T19:15:34+05:30,"{""from_state"":""S1"",""state"":""S2""}"
EV0014658,P00414,paywall_viewed,P01,2026-09-08T19:18:32+05:30,"{""from_state"":""S2"",""sku_expanded"":""none""}"
EV0014669,P00423,signed_up,A03,2026-08-30T03:31:35+05:30,"{""device"":""android"",""phone"":""9000049419"",""source"":""community"",""whatsapp_optin"":true}"
EV0014670,P00423,state_enter_S1,R01,2026-08-30T03:31:35+05:30,"{""from_state"":null,""state"":""S1""}"
EV0014681,P00423,reveal_seen,R09,2026-08-30T04:48:44+05:30,"{""age_band"":""30 to 34"",""aspiration"":""Security"",""city"":""Kolkata"",""corpus_band"":""5 to 25 lakhs"",""income_band"":""25 to 50 lakhs"",""journey_feel"":""Not so good, I can do better"",""path_now_band"":""10 to 20 Cr"",""path_yes_band"":""over 20 Cr"",""savings_band"":""More than 40%, I live well below my means""}"
EV0014682,P00423,state_enter_S2,X01,2026-08-30T04:48:44+05:30,"{""from_state"":""S1"",""state"":""S2""}"
EV0014692,P00423,paywall_viewed,P01,2026-09-05T21:13:29+05:30,"{""from_state"":""S2"",""sku_expanded"":""none""}"
EV0014694,P00423,state_enter_S2b,P03,2026-09-05T21:17:23+05:30,"{""from_state"":""S2"",""state"":""S2b""}"
EV0014706,P00424,signed_up,A03,2026-08-30T18:04:50+05:30,"{""device"":""android"",""phone"":""9000005665"",""source"":""web_reveal"",""whatsapp_optin"":false}"
EV0014707,P00424,state_enter_S1,R01,2026-08-30T18:04:50+05:30,"{""from_state"":null,""state"":""S1""}"
EV0014721,P00424,reveal_seen,R09,2026-08-31T03:43:35+05:30,"{""age_band"":""25 to 29"",""aspiration"":""Generosity"",""city"":""Mumbai"",""corpus_band"":""5 to 25 lakhs"",""income_band"":""25 to 50 lakhs"",""journey_feel"":""Not so good, I can do better"",""path_now_band"":""over 20 Cr"",""path_yes_band"":""over 20 Cr"",""savings_band"":""More than 40%, I live well below my means""}"
EV0014722,P00424,state_enter_S2,X01,2026-08-31T03:43:35+05:30,"{""from_state"":""S1"",""state"":""S2""}"
EV0014734,P00425,signed_up,A03,2026-09-04T16:07:26+05:30,"{""device"":""android"",""phone"":""9000069631"",""source"":""community"",""whatsapp_optin"":true}"
EV0014735,P00425,state_enter_S1,R01,2026-09-04T16:07:26+05:30,"{""from_state"":null,""state"":""S1""}"
EV0014743,P00426,signed_up,A03,2026-08-31T23:03:24+05:30,"{""device"":""ios"",""phone"":""9000000425"",""source"":""corporate_session"",""whatsapp_optin"":true}"
EV0014744,P00426,state_enter_S1,R01,2026-08-31T23:03:24+05:30,"{""from_state"":null,""state"":""S1""}"
EV0014761,P00427,signed_up,A03,2026-09-03T17:36:42+05:30,"{""device"":""android"",""phone"":""9000000105"",""source"":""community"",""whatsapp_optin"":true}"
EV0014762,P00427,state_enter_S1,R01,2026-09-03T17:36:42+05:30,"{""from_state"":null,""state"":""S1""}"
EV0014774,P00427,reveal_seen,R09,2026-09-03T20:23:43+05:30,"{""age_band"":""35 to 39"",""aspiration"":""Family"",""city"":""Gurugram"",""corpus_band"":""1 to 5 crores"",""income_band"":""10 to 25 lakhs"",""journey_feel"":""Some hits and some misses, it has been mixed"",""path_now_band"":""5 to 10 Cr"",""path_yes_band"":""10 to 20 Cr"",""savings_band"":""Around 25%, meaningful amounts""}"
EV0014775,P00427,state_enter_S2,X01,2026-09-03T20:23:43+05:30,"{""from_state"":""S1"",""state"":""S2""}"
EV0014786,P00428,signed_up,A03,2026-09-06T04:29:38+05:30,"{""device"":""android"",""phone"":""9000010623"",""source"":""community"",""whatsapp_optin"":true}"
EV0014787,P00428,state_enter_S1,R01,2026-09-06T04:29:38+05:30,"{""from_state"":null,""state"":""S1""}"
EV0014799,P00428,reveal_seen,R09,2026-09-06T12:13:00+05:30,"{""age_band"":""40 to 44"",""aspiration"":""Security"",""city"":""Hyderabad"",""corpus_band"":""25 lakhs to 1 crore"",""income_band"":""25 to 50 lakhs"",""journey_feel"":""Some hits and some misses, it has been mixed"",""path_now_band"":""5 to 10 Cr"",""path_yes_band"":""5 to 10 Cr"",""savings_band"":""Around 40%, some serious money""}"
EV0014800,P00428,state_enter_S2,X01,2026-09-06T12:13:00+05:30,"{""from_state"":""S1"",""state"":""S2""}"
EV0014804,P00428,paywall_viewed,P01,2026-09-09T19:05:16+05:30,"{""from_state"":""S2"",""sku_expanded"":""diwm""}"
EV0014806,P00428,state_enter_S2b,P03,2026-09-09T19:05:46+05:30,"{""from_state"":""S2"",""state"":""S2b""}"
EV0014808,P00428,esign_done,P03,2026-09-09T19:08:18+05:30,"{""agreement_version"":""AGR v1 (to be verified: agreement template versions)"",""esign_ref"":""ESIGN-SEED-003217""}"
EV0014809,P00428,state_enter_S2c,P04,2026-09-09T19:08:18+05:30,"{""from_state"":""S2b"",""state"":""S2c""}"
EV0014811,P00428,paid,P05,2026-09-09T19:10:50+05:30,"{""amount"":""Rs ___"",""mandate_status"":""active"",""period"":""monthly"",""razorpay_ids"":{""customer_id"":""cust_SEED00428"",""subscription_or_txn_id"":""sub_SEED004281""},""sku"":""diwm""}"
EV0014812,P00428,state_enter_S3,O02,2026-09-09T19:10:50+05:30,"{""from_state"":""S2c"",""state"":""S3""}"
EV0014820,P00428,aa_connected,A06,2026-09-09T19:29:07+05:30,"{""consent_expiry"":""2026-12-08"",""institutions_failed"":[""KFintech"",""CAMS""],""institutions_ok"":[""Bank 1""]}"
EV0014824,P00428,state_enter_S4,O02,2026-09-09T22:36:12+05:30,"{""from_state"":""S3"",""state"":""S4""}"
EV0014829,P00428,data_progress,D12a,2026-09-09T22:39:17+05:30,"{""pct_complete"":29,""step_id"":""family""}"
EV0014840,P00428,data_progress,D12b,2026-09-09T22:40:55+05:30,"{""pct_complete"":37,""step_id"":""risk""}"
EV0014848,P00428,data_progress,D12c,2026-09-09T22:43:34+05:30,"{""pct_complete"":39,""step_id"":""income""}"
EV0014863,P00428,data_progress,D12d,2026-09-09T22:47:28+05:30,"{""pct_complete"":48,""step_id"":""expenses""}"
EV0014887,P00428,data_progress,D12e,2026-09-09T22:54:38+05:30,"{""pct_complete"":62,""step_id"":""investments""}"
EV0014890,P00428,data_progress,D12f,2026-09-09T22:54:57+05:30,"{""pct_complete"":70,""step_id"":""loans""}"
EV0014907,P00428,data_progress,D12g,2026-09-09T22:59:26+05:30,"{""pct_complete"":79,""step_id"":""insurance""}"
EV0014916,P00428,data_progress,D12h,2026-09-09T23:02:23+05:30,"{""pct_complete"":86,""step_id"":""goals""}"
EV0014921,P00428,call_booked,K01,2026-09-13T12:56:08+05:30,"{""adviser_id"":""adv03"",""slot"":""2026-09-15T16:00:00+05:30"",""summary"":""call booked: the investments and why they were chosen"",""tier"":""diwm"",""topic"":""The investments and why they were chosen""}"
EV0014922,P00428,state_enter_S7,K02,2026-09-13T12:56:08+05:30,"{""from_state"":""S4"",""state"":""S7""}"
EV0014927,P00428,state_enter_S4,O02,2026-09-15T16:45:00+05:30,"{""from_state"":""S7"",""state"":""S4""}"
EV0014929,P00428,call_completed,K03,2026-09-15T16:47:00+05:30,"{""adviser_id"":""adv03"",""slot"":""2026-09-15T16:00:00+05:30"",""summary"":""Walked through the investments and why they were chosen; next step agreed.""}"
EV0014939,P00428,state_enter_S5,D10,2026-09-16T08:01:16+05:30,"{""from_state"":""S4"",""state"":""S5""}"
EV0014944,P00429,signed_up,A03,2026-09-05T18:26:14+05:30,"{""device"":""android"",""phone"":""9000011063"",""source"":""community"",""whatsapp_optin"":true}"
EV0014945,P00429,state_enter_S1,R01,2026-09-05T18:26:14+05:30,"{""from_state"":null,""state"":""S1""}"
EV0014957,P00429,reveal_seen,R09,2026-09-06T09:45:11+05:30,"{""age_band"":""30 to 34"",""aspiration"":""Generosity"",""city"":""Pune"",""corpus_band"":""5 to 25 lakhs"",""income_band"":""10 to 25 lakhs"",""journey_feel"":""Some hits and some misses, it has been mixed"",""path_now_band"":""5 to 10 Cr"",""path_yes_band"":""10 to 20 Cr"",""savings_band"":""More than 40%, I live well below my means""}"
EV0014958,P00429,state_enter_S2,X01,2026-09-06T09:45:11+05:30,"{""from_state"":""S1"",""state"":""S2""}"
EV0014962,P00429,paywall_viewed,P01,2026-09-06T09:48:38+05:30,"{""from_state"":""S2"",""sku_expanded"":""none""}"
EV0014971,P00430,signed_up,A03,2026-09-07T05:09:13+05:30,"{""device"":""android"",""phone"":""9000025350"",""source"":""community"",""whatsapp_optin"":true}"
EV0014972,P00430,state_enter_S1,R01,2026-09-07T05:09:13+05:30,"{""from_state"":null,""state"":""S1""}"
EV0014984,P00430,reveal_seen,R09,2026-09-07T11:35:24+05:30,"{""age_band"":""35 to 39"",""aspiration"":""Family"",""city"":""Noida"",""corpus_band"":""1 to 5 crores"",""income_band"":""10 to 25 lakhs"",""journey_feel"":""Some hits and some misses, it has been mixed"",""path_now_band"":""5 to 10 Cr"",""path_yes_band"":""10 to 20 Cr"",""savings_band"":""More than 40%, I live well below my means""}"
EV0014985,P00430,state_enter_S2,X01,2026-09-07T11:35:24+05:30,"{""from_state"":""S1"",""state"":""S2""}"
EV0014994,P00431,signed_up,A03,2026-09-03T19:42:53+05:30,"{""device"":""android"",""phone"":""9000034960"",""source"":""organic"",""whatsapp_optin"":true}"
EV0014995,P00431,state_enter_S1,R01,2026-09-03T19:42:53+05:30,"{""from_state"":null,""state"":""S1""}"
EV0015008,P00432,signed_up,A03,2026-09-03T15:19:22+05:30,"{""device"":""ios"",""phone"":""9000064852"",""source"":""corporate_session"",""whatsapp_optin"":true}"
EV0015009,P00432,state_enter_S1,R01,2026-09-03T15:19:22+05:30,"{""from_state"":null,""state"":""S1""}"
EV0015020,P00432,reveal_seen,R09,2026-09-03T15:36:22+05:30,"{""age_band"":""45 and over"",""aspiration"":""Freedom"",""city"":""Delhi"",""corpus_band"":""1 to 5 crores"",""income_band"":""50 lakhs to 1 crore"",""journey_feel"":""Some hits and some misses, it has been mixed"",""path_now_band"":""10 to 20 Cr"",""path_yes_band"":""over 20 Cr"",""savings_band"":""More than 40%, I live well below my means""}"
EV0015021,P00432,state_enter_S2,X01,2026-09-03T15:36:22+05:30,"{""from_state"":""S1"",""state"":""S2""}"
EV0015023,P00432,paywall_viewed,P01,2026-09-03T18:30:57+05:30,"{""from_state"":""S2"",""sku_expanded"":""diwm""}"
EV0015025,P00432,state_enter_S2b,P03,2026-09-03T18:31:27+05:30,"{""from_state"":""S2"",""state"":""S2b""}"
EV0015027,P00432,esign_done,P03,2026-09-03T18:34:58+05:30,"{""agreement_version"":""AGR v1 (to be verified: agreement template versions)"",""esign_ref"":""ESIGN-SEED-003224""}"
EV0015028,P00432,state_enter_S2c,P04,2026-09-03T18:34:58+05:30,"{""from_state"":""S2b"",""state"":""S2c""}"
EV0015030,P00432,paid,P05,2026-09-03T18:38:30+05:30,"{""amount"":""Rs ___"",""mandate_status"":""none (charged per period)"",""period"":""monthly"",""razorpay_ids"":{""customer_id"":""cust_SEED00432"",""subscription_or_txn_id"":""pay_SEED004321""},""sku"":""diwm""}"
EV0015031,P00432,state_enter_S3,O02,2026-09-03T18:38:30+05:30,"{""from_state"":""S2c"",""state"":""S3""}"
EV0015042,P00432,aa_failed,A09,2026-09-05T09:59:43+05:30,"{""consent_expiry"":null,""institutions_failed"":[""Bank 8"",""Bank 5"",""KFintech"",""CAMS"",""CDSL""],""institutions_ok"":[]}"
EV0015044,P00432,state_enter_S19,O02,2026-09-10T18:38:30+05:30,"{""from_state"":""S3"",""state"":""S19""}"
EV0015052,P00432,data_progress,D12a,2026-09-13T17:07:05+05:30,"{""pct_complete"":29,""step_id"":""family""}"
EV0015063,P00432,data_progress,D12b,2026-09-13T17:08:27+05:30,"{""pct_complete"":37,""step_id"":""risk""}"
EV0015076,P00432,data_progress,D12c,2026-09-13T17:12:04+05:30,"{""pct_complete"":44,""step_id"":""income""}"
EV0015092,P00432,data_progress,D12d,2026-09-13T17:16:03+05:30,"{""pct_complete"":52,""step_id"":""expenses""}"
EV0015116,P00432,data_progress,D12e,2026-09-13T17:23:33+05:30,"{""pct_complete"":67,""step_id"":""investments""}"
EV0015124,P00432,data_progress,D12f,2026-09-15T20:31:06+05:30,"{""pct_complete"":75,""step_id"":""loans""}"
EV0015131,P00432,ticket_created,H07,2026-09-19T20:09:33+05:30,"{""category"":""support"",""ticket_id"":""TK-004591""}"
EV0015145,P00432,data_progress,D12g,2026-09-21T21:50:44+05:30,"{""pct_complete"":83,""step_id"":""insurance""}"
EV0015152,P00432,data_progress,D12h,2026-09-21T21:52:23+05:30,"{""pct_complete"":90,""step_id"":""goals""}"
EV0015159,P00432,state_enter_S5,D10,2026-09-21T21:53:44+05:30,"{""from_state"":""S19"",""state"":""S5""}"
EV0015161,P00432,data_complete,D10,2026-09-21T21:58:57+05:30,{}
EV0015166,P00435,signed_up,A03,2026-09-07T16:53:33+05:30,"{""device"":""android"",""phone"":""9000037151"",""source"":""corporate_session"",""whatsapp_optin"":true}"
EV0015167,P00435,state_enter_S1,R01,2026-09-07T16:53:33+05:30,"{""from_state"":null,""state"":""S1""}"
EV0015179,P00435,reveal_seen,R09,2026-09-08T14:32:51+05:30,"{""age_band"":""30 to 34"",""aspiration"":""Freedom"",""city"":""Chennai"",""corpus_band"":""25 lakhs to 1 crore"",""income_band"":""25 to 50 lakhs"",""journey_feel"":""Some hits and some misses, it has been mixed"",""path_now_band"":""10 to 20 Cr"",""path_yes_band"":""over 20 Cr"",""savings_band"":""More than 40%, I live well below my means""}"
EV0015180,P00435,state_enter_S2,X01,2026-09-08T14:32:51+05:30,"{""from_state"":""S1"",""state"":""S2""}"
EV0015189,P00440,signed_up,A03,2026-09-07T12:08:30+05:30,"{""device"":""android"",""phone"":""9000043899"",""source"":""corporate_session"",""whatsapp_optin"":false}"
EV0015190,P00440,state_enter_S1,R01,2026-09-07T12:08:30+05:30,"{""from_state"":null,""state"":""S1""}"
EV0015202,P00440,reveal_seen,R09,2026-09-07T13:21:29+05:30,"{""age_band"":""30 to 34"",""aspiration"":""Security"",""city"":""Ahmedabad"",""corpus_band"":""5 to 25 lakhs"",""income_band"":""10 to 25 lakhs"",""journey_feel"":""Not so good, I can do better"",""path_now_band"":""5 to 10 Cr"",""path_yes_band"":""10 to 20 Cr"",""savings_band"":""More than 40%, I live well below my means""}"
EV0015203,P00440,state_enter_S2,X01,2026-09-07T13:21:29+05:30,"{""from_state"":""S1"",""state"":""S2""}"
EV0015208,P00440,paywall_viewed,P01,2026-09-07T13:28:21+05:30,"{""from_state"":""S2"",""sku_expanded"":""none""}"
EV0015214,P00441,signed_up,A03,2026-09-07T11:30:28+05:30,"{""device"":""android"",""phone"":""9000003996"",""source"":""organic"",""whatsapp_optin"":true}"
EV0015215,P00441,state_enter_S1,R01,2026-09-07T11:30:28+05:30,"{""from_state"":null,""state"":""S1""}"
EV0015229,P00441,reveal_seen,R09,2026-09-09T00:52:01+05:30,"{""age_band"":""35 to 39"",""aspiration"":""Freedom"",""city"":""Kolkata"",""corpus_band"":""25 lakhs to 1 crore"",""income_band"":""10 to 25 lakhs"",""journey_feel"":""Some hits and some misses, it has been mixed"",""path_now_band"":""over 20 Cr"",""path_yes_band"":""over 20 Cr"",""savings_band"":""More than 40%, I live well below my means""}"
EV0015230,P00441,state_enter_S2,X01,2026-09-09T00:52:01+05:30,"{""from_state"":""S1"",""state"":""S2""}"
EV0015234,P00441,paywall_viewed,P01,2026-09-15T20:13:15+05:30,"{""from_state"":""S2"",""sku_expanded"":""diwm""}"
EV0015236,P00441,state_enter_S2b,P03,2026-09-15T20:13:45+05:30,"{""from_state"":""S2"",""state"":""S2b""}"
EV0015238,P00441,esign_done,P03,2026-09-15T20:16:59+05:30,"{""agreement_version"":""AGR v1 (to be verified: agreement template versions)"",""esign_ref"":""ESIGN-SEED-003210""}"
EV0015239,P00441,state_enter_S2c,P04,2026-09-15T20:16:59+05:30,"{""from_state"":""S2b"",""state"":""S2c""}"
EV0015241,P00441,paid,P05,2026-09-15T20:20:13+05:30,"{""amount"":""Rs ___"",""mandate_status"":""active"",""period"":""quarterly"",""razorpay_ids"":{""customer_id"":""cust_SEED00441"",""subscription_or_txn_id"":""sub_SEED004411""},""sku"":""diwm""}"
EV0015242,P00441,state_enter_S3,O02,2026-09-15T20:20:13+05:30,"{""from_state"":""S2c"",""state"":""S3""}"
EV0015251,P00441,state_enter_S4,O02,2026-09-17T22:36:20+05:30,"{""from_state"":""S3"",""state"":""S4""}"
EV0015255,P00441,data_progress,D12a,2026-09-17T22:39:54+05:30,"{""pct_complete"":29,""step_id"":""family""}"
EV0015262,P00444,signed_up,A03,2026-09-20T03:03:37+05:30,"{""device"":""android"",""phone"":""9000049410"",""source"":""corporate_session"",""whatsapp_optin"":false}"
EV0015263,P00444,state_enter_S1,R01,2026-09-20T03:03:37+05:30,"{""from_state"":null,""state"":""S1""}"
EV0015274,P00444,reveal_seen,R09,2026-09-20T08:36:57+05:30,"{""age_band"":""35 to 39"",""aspiration"":""Family"",""city"":""Gurugram"",""corpus_band"":""25 lakhs to 1 crore"",""income_band"":""25 to 50 lakhs"",""journey_feel"":""Not so good, I can do better"",""path_now_band"":""10 to 20 Cr"",""path_yes_band"":""10 to 20 Cr"",""savings_band"":""Around 40%, some serious money""}"
EV0015275,P00444,state_enter_S2,X01,2026-09-20T08:36:57+05:30,"{""from_state"":""S1"",""state"":""S2""}"
EV0015278,P00444,paywall_viewed,P01,2026-09-21T07:04:38+05:30,"{""from_state"":""S2"",""sku_expanded"":""diwm""}"
EV0015280,P00444,state_enter_S2b,P03,2026-09-21T07:05:08+05:30,"{""from_state"":""S2"",""state"":""S2b""}"
EV0015282,P00444,esign_done,P03,2026-09-21T07:06:52+05:30,"{""agreement_version"":""AGR v1 (to be verified: agreement template versions)"",""esign_ref"":""ESIGN-SEED-003168""}"
EV0015283,P00444,state_enter_S2c,P04,2026-09-21T07:06:52+05:30,"{""from_state"":""S2b"",""state"":""S2c""}"
EV0015285,P00444,paid,P05,2026-09-21T07:08:36+05:30,"{""amount"":""Rs ___"",""mandate_status"":""active"",""period"":""quarterly"",""razorpay_ids"":{""customer_id"":""cust_SEED00444"",""subscription_or_txn_id"":""sub_SEED004441""},""sku"":""diwm""}"
EV0015286,P00444,state_enter_S3,O02,2026-09-21T07:08:36+05:30,"{""from_state"":""S2c"",""state"":""S3""}"
EV0015294,P00447,signed_up,A03,2026-09-09T06:13:59+05:30,"{""device"":""android"",""phone"":""9000093551"",""source"":""community"",""whatsapp_optin"":true}"
EV0015295,P00447,state_enter_S1,R01,2026-09-09T06:13:59+05:30,"{""from_state"":null,""state"":""S1""}"
EV0015307,P00447,reveal_seen,R09,2026-09-09T17:03:46+05:30,"{""age_band"":""30 to 34"",""aspiration"":""Freedom"",""city"":""Pune"",""corpus_band"":""25 lakhs to 1 crore"",""income_band"":""10 to 25 lakhs"",""journey_feel"":""Very good, mostly things have worked out well"",""path_now_band"":""5 to 10 Cr"",""path_yes_band"":""10 to 20 Cr"",""savings_band"":""Around 40%, some serious money""}"
EV0015308,P00447,state_enter_S2,X01,2026-09-09T17:03:46+05:30,"{""from_state"":""S1"",""state"":""S2""}"
EV0015311,P00447,paywall_viewed,P01,2026-09-09T17:08:03+05:30,"{""from_state"":""S2"",""sku_expanded"":""none""}"
EV0015316,P00448,signed_up,A03,2026-09-11T12:35:56+05:30,"{""device"":""android"",""phone"":""9000083461"",""source"":""corporate_session"",""whatsapp_optin"":true}"
EV0015317,P00448,state_enter_S1,R01,2026-09-11T12:35:56+05:30,"{""from_state"":null,""state"":""S1""}"
EV0015329,P00448,reveal_seen,R09,2026-09-12T04:34:14+05:30,"{""age_band"":""35 to 39"",""aspiration"":""Security"",""city"":""Chennai"",""corpus_band"":""25 lakhs to 1 crore"",""income_band"":""10 to 25 lakhs"",""journey_feel"":""Some hits and some misses, it has been mixed"",""path_now_band"":""5 to 10 Cr"",""path_yes_band"":""5 to 10 Cr"",""savings_band"":""Around 25%, meaningful amounts""}"
EV0015330,P00448,state_enter_S2,X01,2026-09-12T04:34:14+05:30,"{""from_state"":""S1"",""state"":""S2""}"
EV0015335,P00448,paywall_viewed,P01,2026-09-12T04:41:07+05:30,"{""from_state"":""S2"",""sku_expanded"":""none""}"
EV0015341,P00450,signed_up,A03,2026-09-13T04:31:06+05:30,"{""device"":""android"",""phone"":""9000084167"",""source"":""corporate_session"",""whatsapp_optin"":true}"
EV0015342,P00450,state_enter_S1,R01,2026-09-13T04:31:06+05:30,"{""from_state"":null,""state"":""S1""}"
EV0015354,P00450,reveal_seen,R09,2026-09-13T13:29:13+05:30,"{""age_band"":""25 to 29"",""aspiration"":""Family"",""city"":""Bengaluru"",""corpus_band"":""5 to 25 lakhs"",""income_band"":""10 to 25 lakhs"",""journey_feel"":""Not so good, I can do better"",""path_now_band"":""2 to 5 Cr"",""path_yes_band"":""5 to 10 Cr"",""savings_band"":""Around 25%, meaningful amounts""}"
EV0015355,P00450,state_enter_S2,X01,2026-09-13T13:29:13+05:30,"{""from_state"":""S1"",""state"":""S2""}"
EV0015360,P00450,paywall_viewed,P01,2026-09-13T13:35:49+05:30,"{""from_state"":""S2"",""sku_expanded"":""none""}"
EV0015368,P00451,signed_up,A03,2026-09-09T15:41:31+05:30,"{""device"":""android"",""phone"":""9000049585"",""source"":""organic"",""whatsapp_optin"":false}"
EV0015369,P00451,state_enter_S1,R01,2026-09-09T15:41:31+05:30,"{""from_state"":null,""state"":""S1""}"
EV0015381,P00451,reveal_seen,R09,2026-09-09T20:31:18+05:30,"{""age_band"":""30 to 34"",""aspiration"":""Legacy"",""city"":""Nagpur"",""corpus_band"":""5 to 25 lakhs"",""income_band"":""10 to 25 lakhs"",""journey_feel"":""Very good, mostly things have worked out well"",""path_now_band"":""5 to 10 Cr"",""path_yes_band"":""10 to 20 Cr"",""savings_band"":""Around 40%, some serious money""}"
EV0015382,P00451,state_enter_S2,X01,2026-09-09T20:31:18+05:30,"{""from_state"":""S1"",""state"":""S2""}"
EV0015386,P00451,paywall_viewed,P01,2026-09-09T20:33:45+05:30,"{""from_state"":""S2"",""sku_expanded"":""diwm""}"
EV0015391,P00453,signed_up,A03,2026-09-11T17:47:12+05:30,"{""device"":""android"",""phone"":""9000071569"",""source"":""corporate_session"",""whatsapp_optin"":true}"
EV0015392,P00453,state_enter_S1,R01,2026-09-11T17:47:12+05:30,"{""from_state"":null,""state"":""S1""}"
EV0015408,P00455,signed_up,A03,2026-09-14T22:12:05+05:30,"{""device"":""android"",""phone"":""9000040495"",""source"":""web_reveal"",""whatsapp_optin"":true}"
EV0015409,P00455,state_enter_S1,R01,2026-09-14T22:12:05+05:30,"{""from_state"":null,""state"":""S1""}"
EV0015421,P00456,signed_up,A03,2026-09-11T23:58:52+05:30,"{""device"":""android"",""phone"":""9000083316"",""source"":""community"",""whatsapp_optin"":true}"
EV0015422,P00456,state_enter_S1,R01,2026-09-11T23:58:52+05:30,"{""from_state"":null,""state"":""S1""}"
EV0015433,P00456,reveal_seen,R09,2026-09-12T06:08:42+05:30,"{""age_band"":""35 to 39"",""aspiration"":""Security"",""city"":""Hyderabad"",""corpus_band"":""Over 5 crores"",""income_band"":""25 to 50 lakhs"",""journey_feel"":""Some hits and some misses, it has been mixed"",""path_now_band"":""over 20 Cr"",""path_yes_band"":""over 20 Cr"",""savings_band"":""More than 40%, I live well below my means""}"
EV0015434,P00456,state_enter_S2,X01,2026-09-12T06:08:42+05:30,"{""from_state"":""S1"",""state"":""S2""}"
EV0015438,P00456,paywall_viewed,P01,2026-09-12T06:12:11+05:30,"{""from_state"":""S2"",""sku_expanded"":""none""}"
EV0015444,P00458,signed_up,A03,2026-09-17T02:21:16+05:30,"{""device"":""android"",""phone"":""9000046631"",""source"":""web_reveal"",""whatsapp_optin"":true}"
EV0015445,P00458,state_enter_S1,R01,2026-09-17T02:21:16+05:30,"{""from_state"":null,""state"":""S1""}"
EV0015456,P00458,reveal_seen,R09,2026-09-17T04:03:53+05:30,"{""age_band"":""30 to 34"",""aspiration"":""Freedom"",""city"":""Pune"",""corpus_band"":""25 lakhs to 1 crore"",""income_band"":""25 to 50 lakhs"",""journey_feel"":""Some hits and some misses, it has been mixed"",""path_now_band"":""5 to 10 Cr"",""path_yes_band"":""10 to 20 Cr"",""savings_band"":""Around 25%, meaningful amounts""}"
EV0015457,P00458,state_enter_S2,X01,2026-09-17T04:03:53+05:30,"{""from_state"":""S1"",""state"":""S2""}"
EV0015461,P00458,paywall_viewed,P01,2026-09-17T04:06:10+05:30,"{""from_state"":""S2"",""sku_expanded"":""diwm""}"
EV0015466,P00459,signed_up,A03,2026-09-12T05:16:33+05:30,"{""device"":""android"",""phone"":""9000057813"",""source"":""community"",""whatsapp_optin"":true}"
EV0015467,P00459,state_enter_S1,R01,2026-09-12T05:16:33+05:30,"{""from_state"":null,""state"":""S1""}"
EV0015479,P00459,reveal_seen,R09,2026-09-12T16:01:42+05:30,"{""age_band"":""30 to 34"",""aspiration"":""Security"",""city"":""Ahmedabad"",""corpus_band"":""1 to 5 crores"",""income_band"":""10 to 25 lakhs"",""journey_feel"":""Some hits and some misses, it has been mixed"",""path_now_band"":""5 to 10 Cr"",""path_yes_band"":""10 to 20 Cr"",""savings_band"":""More than 40%, I live well below my means""}"
EV0015480,P00459,state_enter_S2,X01,2026-09-12T16:01:42+05:30,"{""from_state"":""S1"",""state"":""S2""}"
EV0015491,P00460,signed_up,A03,2026-09-13T01:06:32+05:30,"{""device"":""android"",""phone"":""9000014438"",""source"":""corporate_session"",""whatsapp_optin"":true}"
EV0015492,P00460,state_enter_S1,R01,2026-09-13T01:06:32+05:30,"{""from_state"":null,""state"":""S1""}"
EV0015506,P00460,reveal_seen,R09,2026-09-14T03:56:12+05:30,"{""age_band"":""35 to 39"",""aspiration"":""Legacy"",""city"":""Delhi"",""corpus_band"":""Over 5 crores"",""income_band"":""50 lakhs to 1 crore"",""journey_feel"":""Very good, mostly things have worked out well"",""path_now_band"":""over 20 Cr"",""path_yes_band"":""over 20 Cr"",""savings_band"":""More than 40%, I live well below my means""}"
EV0015507,P00460,state_enter_S2,X01,2026-09-14T03:56:12+05:30,"{""from_state"":""S1"",""state"":""S2""}"
EV0015510,P00460,paywall_viewed,P01,2026-09-14T03:58:26+05:30,"{""from_state"":""S2"",""sku_expanded"":""none""}"
EV0015516,P00462,signed_up,A03,2026-09-11T22:27:06+05:30,"{""device"":""android"",""phone"":""9000010109"",""source"":""corporate_session"",""whatsapp_optin"":true}"
EV0015517,P00462,state_enter_S1,R01,2026-09-11T22:27:06+05:30,"{""from_state"":null,""state"":""S1""}"
EV0015527,P00463,signed_up,A03,2026-09-15T07:18:11+05:30,"{""device"":""android"",""phone"":""9000008263"",""source"":""corporate_session"",""whatsapp_optin"":true}"
EV0015528,P00463,state_enter_S1,R01,2026-09-15T07:18:11+05:30,"{""from_state"":null,""state"":""S1""}"
EV0015538,P00464,signed_up,A03,2026-09-15T02:40:20+05:30,"{""device"":""android"",""phone"":""9000088525"",""source"":""web_reveal"",""whatsapp_optin"":true}"
EV0015539,P00464,state_enter_S1,R01,2026-09-15T02:40:20+05:30,"{""from_state"":null,""state"":""S1""}"
EV0015550,P00464,reveal_seen,R09,2026-09-15T04:23:54+05:30,"{""age_band"":""25 to 29"",""aspiration"":""Generosity"",""city"":""Pune"",""corpus_band"":""25 lakhs to 1 crore"",""income_band"":""10 to 25 lakhs"",""journey_feel"":""Not so good, I can do better"",""path_now_band"":""10 to 20 Cr"",""path_yes_band"":""over 20 Cr"",""savings_band"":""Around 25%, meaningful amounts""}"
EV0015551,P00464,state_enter_S2,X01,2026-09-15T04:23:54+05:30,"{""from_state"":""S1"",""state"":""S2""}"
EV0015563,P00465,signed_up,A03,2026-09-14T17:48:32+05:30,"{""device"":""android"",""phone"":""9000007514"",""source"":""community"",""whatsapp_optin"":true}"
EV0015564,P00465,state_enter_S1,R01,2026-09-14T17:48:32+05:30,"{""from_state"":null,""state"":""S1""}"
EV0015576,P00465,reveal_seen,R09,2026-09-14T22:16:56+05:30,"{""age_band"":""30 to 34"",""aspiration"":""Generosity"",""city"":""Kolkata"",""corpus_band"":""5 to 25 lakhs"",""income_band"":""25 to 50 lakhs"",""journey_feel"":""Very good, mostly things have worked out well"",""path_now_band"":""over 20 Cr"",""path_yes_band"":""over 20 Cr"",""savings_band"":""More than 40%, I live well below my means""}"
EV0015577,P00465,state_enter_S2,X01,2026-09-14T22:16:56+05:30,"{""from_state"":""S1"",""state"":""S2""}"
EV0015582,P00465,paywall_viewed,P01,2026-09-14T22:21:37+05:30,"{""from_state"":""S2"",""sku_expanded"":""diwm""}"
EV0015590,P00466,signed_up,A03,2026-09-16T01:36:48+05:30,"{""device"":""android"",""phone"":""9000085383"",""source"":""organic"",""whatsapp_optin"":true}"
EV0015591,P00466,state_enter_S1,R01,2026-09-16T01:36:48+05:30,"{""from_state"":null,""state"":""S1""}"
EV0015603,P00466,reveal_seen,R09,2026-09-17T07:14:47+05:30,"{""age_band"":""35 to 39"",""aspiration"":""Security"",""city"":""Hyderabad"",""corpus_band"":""25 lakhs to 1 crore"",""income_band"":""25 to 50 lakhs"",""journey_feel"":null,""path_now_band"":""10 to 20 Cr"",""path_yes_band"":""over 20 Cr"",""savings_band"":""More than 40%, I live well below my means""}"
EV0015604,P00466,state_enter_S2,X01,2026-09-17T07:14:47+05:30,"{""from_state"":""S1"",""state"":""S2""}"
EV0015608,P00466,paywall_viewed,P01,2026-09-20T14:34:10+05:30,"{""from_state"":""S2"",""sku_expanded"":""diwm""}"
EV0015610,P00466,state_enter_S2b,P03,2026-09-20T14:34:40+05:30,"{""from_state"":""S2"",""state"":""S2b""}"
EV0015612,P00466,esign_done,P03,2026-09-20T14:39:50+05:30,"{""agreement_version"":""AGR v1 (to be verified: agreement template versions)"",""esign_ref"":""ESIGN-SEED-003434""}"
EV0015613,P00466,state_enter_S2c,P04,2026-09-20T14:39:50+05:30,"{""from_state"":""S2b"",""state"":""S2c""}"
EV0015615,P00466,paid,P05,2026-09-20T14:45:00+05:30,"{""amount"":""Rs ___"",""mandate_status"":""none (charged per period)"",""period"":""monthly"",""razorpay_ids"":{""customer_id"":""cust_SEED00466"",""subscription_or_txn_id"":""pay_SEED004661""},""sku"":""diwm""}"
EV0015616,P00466,state_enter_S3,O02,2026-09-20T14:45:00+05:30,"{""from_state"":""S2c"",""state"":""S3""}"
EV0015625,P00466,state_enter_S17,A10a,2026-09-20T14:53:00+05:30,"{""from_state"":""S3"",""state"":""S17""}"
EV0015633,P00466,data_progress,D12a,2026-09-20T16:57:45+05:30,"{""pct_complete"":29,""step_id"":""family""}"
EV0015644,P00466,data_progress,D12b,2026-09-20T16:59:24+05:30,"{""pct_complete"":37,""step_id"":""risk""}"
EV0015661,P00466,data_progress,D12c,2026-09-20T17:04:36+05:30,"{""pct_complete"":44,""step_id"":""income""}"
EV0015683,P00466,data_progress,D12d,2026-09-21T00:23:28+05:30,"{""pct_complete"":52,""step_id"":""expenses""}"
EV0015697,P00466,ticket_created,H07,2026-09-21T17:25:19+05:30,"{""category"":""adviser_message"",""ticket_id"":""TK-004891""}"
EV0015703,P00469,signed_up,A03,2026-09-12T23:58:26+05:30,"{""device"":""android"",""phone"":""9000003380"",""source"":""web_reveal"",""whatsapp_optin"":true}"
EV0015704,P00469,state_enter_S1,R01,2026-09-12T23:58:26+05:30,"{""from_state"":null,""state"":""S1""}"
EV0015718,P00470,signed_up,A03,2026-09-14T02:56:56+05:30,"{""device"":""android"",""phone"":""9000020586"",""source"":""web_reveal"",""whatsapp_optin"":true}"
EV0015719,P00470,state_enter_S1,R01,2026-09-14T02:56:56+05:30,"{""from_state"":null,""state"":""S1""}"
EV0015731,P00470,reveal_seen,R09,2026-09-14T17:09:13+05:30,"{""age_band"":""30 to 34"",""aspiration"":""Security"",""city"":""Chennai"",""corpus_band"":""25 lakhs to 1 crore"",""income_band"":""10 to 25 lakhs"",""journey_feel"":""Some hits and some misses, it has been mixed"",""path_now_band"":""10 to 20 Cr"",""path_yes_band"":""10 to 20 Cr"",""savings_band"":""Around 40%, some serious money""}"
EV0015732,P00470,state_enter_S2,X01,2026-09-14T17:09:13+05:30,"{""from_state"":""S1"",""state"":""S2""}"
EV0015737,P00470,paywall_viewed,P01,2026-09-14T17:13:40+05:30,"{""from_state"":""S2"",""sku_expanded"":""none""}"
EV0015744,P00473,signed_up,A03,2026-09-15T14:03:32+05:30,"{""device"":""android"",""phone"":""9000054890"",""source"":""community"",""whatsapp_optin"":true}"
EV0015745,P00473,state_enter_S1,R01,2026-09-15T14:03:32+05:30,"{""from_state"":null,""state"":""S1""}"
EV0015757,P00473,reveal_seen,R09,2026-09-15T19:18:15+05:30,"{""age_band"":""25 to 29"",""aspiration"":""Freedom"",""city"":""Kolkata"",""corpus_band"":""25 lakhs to 1 crore"",""income_band"":""25 to 50 lakhs"",""journey_feel"":""Not so good, I can do better"",""path_now_band"":""over 20 Cr"",""path_yes_band"":""over 20 Cr"",""savings_band"":""More than 40%, I live well below my means""}"
EV0015758,P00473,state_enter_S2,X01,2026-09-15T19:18:15+05:30,"{""from_state"":""S1"",""state"":""S2""}"
EV0015767,P00474,signed_up,A03,2026-09-17T10:44:14+05:30,"{""device"":""android"",""phone"":""9000015288"",""source"":""community"",""whatsapp_optin"":true}"
EV0015768,P00474,state_enter_S1,R01,2026-09-17T10:44:14+05:30,"{""from_state"":null,""state"":""S1""}"
EV0015780,P00474,reveal_seen,R09,2026-09-17T12:01:52+05:30,"{""age_band"":""35 to 39"",""aspiration"":""Security"",""city"":""Gurugram"",""corpus_band"":""5 to 25 lakhs"",""income_band"":""10 to 25 lakhs"",""journey_feel"":""Some hits and some misses, it has been mixed"",""path_now_band"":""2 to 5 Cr"",""path_yes_band"":""5 to 10 Cr"",""savings_band"":""Around 25%, meaningful amounts""}"
EV0015781,P00474,state_enter_S2,X01,2026-09-17T12:01:52+05:30,"{""from_state"":""S1"",""state"":""S2""}"
EV0015783,P00474,paywall_viewed,P01,2026-09-17T14:45:10+05:30,"{""from_state"":""S2"",""sku_expanded"":""diy""}"
EV0015785,P00474,state_enter_S2b,P03,2026-09-17T14:45:40+05:30,"{""from_state"":""S2"",""state"":""S2b""}"
EV0015787,P00474,esign_done,P03,2026-09-17T14:47:32+05:30,"{""agreement_version"":""AGR v1 (to be verified: agreement template versions)"",""esign_ref"":""ESIGN-SEED-003441""}"
EV0015788,P00474,state_enter_S2c,P04,2026-09-17T14:47:32+05:30,"{""from_state"":""S2b"",""state"":""S2c""}"
EV0015790,P00474,paid,P05,2026-09-17T14:49:25+05:30,"{""amount"":""Rs ___"",""mandate_status"":""none (charged per period)"",""period"":""monthly"",""razorpay_ids"":{""customer_id"":""cust_SEED00474"",""subscription_or_txn_id"":""pay_SEED004741""},""sku"":""diy""}"
EV0015791,P00474,state_enter_S3,O02,2026-09-17T14:49:25+05:30,"{""from_state"":""S2c"",""state"":""S3""}"
EV0015801,P00474,state_enter_S17,A10a,2026-09-20T11:54:16+05:30,"{""from_state"":""S3"",""state"":""S17""}"
EV0015808,P00476,signed_up,A03,2026-09-17T09:02:51+05:30,"{""device"":""android"",""phone"":""9000090769"",""source"":""organic"",""whatsapp_optin"":true}"
EV0015809,P00476,state_enter_S1,R01,2026-09-17T09:02:51+05:30,"{""from_state"":null,""state"":""S1""}"
EV0015823,P00476,reveal_seen,R09,2026-09-17T13:09:13+05:30,"{""age_band"":""40 to 44"",""aspiration"":""Security"",""city"":""Delhi"",""corpus_band"":""1 to 5 crores"",""income_band"":""50 lakhs to 1 crore"",""journey_feel"":""Very good, mostly things have worked out well"",""path_now_band"":""10 to 20 Cr"",""path_yes_band"":""over 20 Cr"",""savings_band"":""Around 40%, some serious money""}"
EV0015824,P00476,state_enter_S2,X01,2026-09-17T13:09:13+05:30,"{""from_state"":""S1"",""state"":""S2""}"
EV0015828,P00476,paywall_viewed,P01,2026-09-17T13:11:24+05:30,"{""from_state"":""S2"",""sku_expanded"":""diwm""}"
EV0015834,P00477,signed_up,A03,2026-09-18T08:04:10+05:30,"{""device"":""android"",""phone"":""9000089884"",""source"":""web_reveal"",""whatsapp_optin"":false}"
EV0015835,P00477,state_enter_S1,R01,2026-09-18T08:04:10+05:30,"{""from_state"":null,""state"":""S1""}"
EV0015847,P00477,reveal_seen,R09,2026-09-18T15:47:04+05:30,"{""age_band"":""25 to 29"",""aspiration"":""Security"",""city"":""Mumbai"",""corpus_band"":""Under 5 lakhs"",""income_band"":""25 to 50 lakhs"",""journey_feel"":""Some hits and some misses, it has been mixed"",""path_now_band"":""over 20 Cr"",""path_yes_band"":""over 20 Cr"",""savings_band"":""More than 40%, I live well below my means""}"
EV0015848,P00477,state_enter_S2,X01,2026-09-18T15:47:04+05:30,"{""from_state"":""S1"",""state"":""S2""}"
EV0015852,P00477,paywall_viewed,P01,2026-09-18T15:49:51+05:30,"{""from_state"":""S2"",""sku_expanded"":""diy""}"
EV0015857,P00478,signed_up,A03,2026-09-19T13:50:05+05:30,"{""device"":""ios"",""phone"":""9000087902"",""source"":""community"",""whatsapp_optin"":true}"
EV0015858,P00478,state_enter_S1,R01,2026-09-19T13:50:05+05:30,"{""from_state"":null,""state"":""S1""}"
EV0015871,P00479,signed_up,A03,2026-09-18T04:48:21+05:30,"{""device"":""android"",""phone"":""9000063431"",""source"":""corporate_session"",""whatsapp_optin"":false}"
EV0015872,P00479,state_enter_S1,R01,2026-09-18T04:48:21+05:30,"{""from_state"":null,""state"":""S1""}"
EV0015884,P00479,reveal_seen,R09,2026-09-18T15:02:17+05:30,"{""age_band"":""25 to 29"",""aspiration"":""Family"",""city"":""Noida"",""corpus_band"":""5 to 25 lakhs"",""income_band"":""10 to 25 lakhs"",""journey_feel"":""Some hits and some misses, it has been mixed"",""path_now_band"":""10 to 20 Cr"",""path_yes_band"":""over 20 Cr"",""savings_band"":""More than 40%, I live well below my means""}"
EV0015885,P00479,state_enter_S2,X01,2026-09-18T15:02:17+05:30,"{""from_state"":""S1"",""state"":""S2""}"
EV0015890,P00479,paywall_viewed,P01,2026-09-18T15:07:31+05:30,"{""from_state"":""S2"",""sku_expanded"":""diy""}"
EV0015897,P00481,signed_up,A03,2026-09-18T04:16:39+05:30,"{""device"":""android"",""phone"":""9000032266"",""source"":""corporate_session"",""whatsapp_optin"":true}"
EV0015898,P00481,state_enter_S1,R01,2026-09-18T04:16:39+05:30,"{""from_state"":null,""state"":""S1""}"
EV0015910,P00481,reveal_seen,R09,2026-09-18T19:42:15+05:30,"{""age_band"":""25 to 29"",""aspiration"":""Security"",""city"":""Bengaluru"",""corpus_band"":""Under 5 lakhs"",""income_band"":""10 to 25 lakhs"",""journey_feel"":""Some hits and some misses, it has been mixed"",""path_now_band"":""5 to 10 Cr"",""path_yes_band"":""10 to 20 Cr"",""savings_band"":""More than 40%, I live well below my means""}"
EV0015911,P00481,state_enter_S2,X01,2026-09-18T19:42:15+05:30,"{""from_state"":""S1"",""state"":""S2""}"
EV0015913,P00481,paywall_viewed,P01,2026-09-19T11:50:28+05:30,"{""from_state"":""S2"",""sku_expanded"":""diy""}"
EV0015915,P00481,state_enter_S2b,P03,2026-09-19T11:50:58+05:30,"{""from_state"":""S2"",""state"":""S2b""}"
EV0015917,P00481,esign_done,P03,2026-09-19T11:56:22+05:30,"{""agreement_version"":""AGR v1 (to be verified: agreement template versions)"",""esign_ref"":""ESIGN-SEED-003189""}"
EV0015918,P00481,state_enter_S2c,P04,2026-09-19T11:56:22+05:30,"{""from_state"":""S2b"",""state"":""S2c""}"
EV0015920,P00481,paid,P05,2026-09-19T12:01:47+05:30,"{""amount"":""Rs ___"",""mandate_status"":""active"",""period"":""monthly"",""razorpay_ids"":{""customer_id"":""cust_SEED00481"",""subscription_or_txn_id"":""sub_SEED004811""},""sku"":""diy""}"
EV0015921,P00481,state_enter_S3,O02,2026-09-19T12:01:47+05:30,"{""from_state"":""S2c"",""state"":""S3""}"
EV0015929,P00481,state_enter_S4,O02,2026-09-19T19:23:34+05:30,"{""from_state"":""S3"",""state"":""S4""}"
EV0015931,P00481,data_progress,D12a,2026-09-19T19:23:54+05:30,"{""pct_complete"":29,""step_id"":""family""}"
EV0015945,P00481,data_progress,D12b,2026-09-21T09:23:58+05:30,"{""pct_complete"":37,""step_id"":""risk""}"
EV0015953,P00481,data_progress,D12c,2026-09-21T09:26:32+05:30,"{""pct_complete"":42,""step_id"":""income""}"
EV0015972,P00481,data_progress,D12d,2026-09-21T09:31:28+05:30,"{""pct_complete"":51,""step_id"":""expenses""}"
EV0015981,P00482,signed_up,A03,2026-09-19T14:37:29+05:30,"{""device"":""android"",""phone"":""9000003755"",""source"":""web_reveal"",""whatsapp_optin"":true}"
EV0015982,P00482,state_enter_S1,R01,2026-09-19T14:37:29+05:30,"{""from_state"":null,""state"":""S1""}"
EV0015994,P00482,reveal_seen,R09,2026-09-19T20:25:23+05:30,"{""age_band"":""30 to 34"",""aspiration"":""Family"",""city"":""Visakhapatnam"",""corpus_band"":""5 to 25 lakhs"",""income_band"":""25 to 50 lakhs"",""journey_feel"":""Very good, mostly things have worked out well"",""path_now_band"":""5 to 10 Cr"",""path_yes_band"":""10 to 20 Cr"",""savings_band"":""Around 25%, meaningful amounts""}"
EV0015995,P00482,state_enter_S2,X01,2026-09-19T20:25:23+05:30,"{""from_state"":""S1"",""state"":""S2""}"
EV0015999,P00482,paywall_viewed,P01,2026-09-19T20:30:14+05:30,"{""from_state"":""S2"",""sku_expanded"":""diwm""}"
EV0016007,P00485,signed_up,A03,2026-09-21T19:28:23+05:30,"{""device"":""android"",""phone"":""9000099424"",""source"":""community"",""whatsapp_optin"":true}"
EV0016008,P00485,state_enter_S1,R01,2026-09-21T19:28:23+05:30,"{""from_state"":null,""state"":""S1""}"
EV0016017,P00486,signed_up,A03,2026-09-19T03:22:03+05:30,"{""device"":""android"",""phone"":""9000025830"",""source"":""corporate_session"",""whatsapp_optin"":true}"
EV0016018,P00486,state_enter_S1,R01,2026-09-19T03:22:03+05:30,"{""from_state"":null,""state"":""S1""}"
EV0016030,P00486,reveal_seen,R09,2026-09-19T16:58:45+05:30,"{""age_band"":""35 to 39"",""aspiration"":""Freedom"",""city"":""Ahmedabad"",""corpus_band"":""25 lakhs to 1 crore"",""income_band"":""10 to 25 lakhs"",""journey_feel"":""Not so good, I can do better"",""path_now_band"":""5 to 10 Cr"",""path_yes_band"":""10 to 20 Cr"",""savings_band"":""More than 40%, I live well below my means""}"
EV0016031,P00486,state_enter_S2,X01,2026-09-19T16:58:45+05:30,"{""from_state"":""S1"",""state"":""S2""}"
EV0016035,P00486,paywall_viewed,P01,2026-09-19T17:01:27+05:30,"{""from_state"":""S2"",""sku_expanded"":""diy""}"
EV0016041,P00489,signed_up,A03,2026-09-19T13:35:50+05:30,"{""device"":""ios"",""phone"":""9000079272"",""source"":""community"",""whatsapp_optin"":true}"
EV0016042,P00489,state_enter_S1,R01,2026-09-19T13:35:50+05:30,"{""from_state"":null,""state"":""S1""}"
EV0016056,P00489,reveal_seen,R09,2026-09-19T15:19:02+05:30,"{""age_band"":""25 to 29"",""aspiration"":""Freedom"",""city"":""Bengaluru"",""corpus_band"":""5 to 25 lakhs"",""income_band"":""10 to 25 lakhs"",""journey_feel"":""Some hits and some misses, it has been mixed"",""path_now_band"":""10 to 20 Cr"",""path_yes_band"":""over 20 Cr"",""savings_band"":""Around 40%, some serious money""}"
EV0016057,P00489,state_enter_S2,X01,2026-09-19T15:19:02+05:30,"{""from_state"":""S1"",""state"":""S2""}"
EV0016059,P00489,paywall_viewed,P01,2026-09-19T15:29:18+05:30,"{""from_state"":""S2"",""sku_expanded"":""diwm""}"
EV0016061,P00489,state_enter_S2b,P03,2026-09-19T15:29:48+05:30,"{""from_state"":""S2"",""state"":""S2b""}"
EV0016063,P00489,esign_done,P03,2026-09-19T15:32:05+05:30,"{""agreement_version"":""AGR v1 (to be verified: agreement template versions)"",""esign_ref"":""ESIGN-SEED-003203""}"
EV0016064,P00489,state_enter_S2c,P04,2026-09-19T15:32:05+05:30,"{""from_state"":""S2b"",""state"":""S2c""}"
EV0016066,P00489,paid,P05,2026-09-19T15:34:22+05:30,"{""amount"":""Rs ___"",""mandate_status"":""active"",""period"":""quarterly"",""razorpay_ids"":{""customer_id"":""cust_SEED00489"",""subscription_or_txn_id"":""sub_SEED004891""},""sku"":""diwm""}"
EV0016067,P00489,state_enter_S3,O02,2026-09-19T15:34:22+05:30,"{""from_state"":""S2c"",""state"":""S3""}"
EV0016076,P00489,state_enter_S4,O02,2026-09-20T19:53:51+05:30,"{""from_state"":""S3"",""state"":""S4""}"
EV0016078,P00489,data_progress,D12a,2026-09-20T19:54:18+05:30,"{""pct_complete"":29,""step_id"":""family""}"
EV0016085,P00490,signed_up,A03,2026-09-20T01:16:06+05:30,"{""device"":""ios"",""phone"":""9000057017"",""source"":""web_reveal"",""whatsapp_optin"":false}"
EV0016086,P00490,state_enter_S1,R01,2026-09-20T01:16:06+05:30,"{""from_state"":null,""state"":""S1""}"
EV0016094,P00491,signed_up,A03,2026-09-19T13:55:15+05:30,"{""device"":""android"",""phone"":""9000096513"",""source"":""corporate_session"",""whatsapp_optin"":true}"
EV0016095,P00491,state_enter_S1,R01,2026-09-19T13:55:15+05:30,"{""from_state"":null,""state"":""S1""}"
EV0016109,P00491,reveal_seen,R09,2026-09-20T06:40:10+05:30,"{""age_band"":""25 to 29"",""aspiration"":""Freedom"",""city"":""Bengaluru"",""corpus_band"":""25 lakhs to 1 crore"",""income_band"":""10 to 25 lakhs"",""journey_feel"":""Very good, mostly things have worked out well"",""path_now_band"":""2 to 5 Cr"",""path_yes_band"":""5 to 10 Cr"",""savings_band"":""Around 25%, meaningful amounts""}"
EV0016110,P00491,state_enter_S2,X01,2026-09-20T06:40:10+05:30,"{""from_state"":""S1"",""state"":""S2""}"
EV0016112,P00491,paywall_viewed,P01,2026-09-20T07:57:47+05:30,"{""from_state"":""S2"",""sku_expanded"":""diwm""}"
EV0016114,P00491,state_enter_S2b,P03,2026-09-20T07:58:17+05:30,"{""from_state"":""S2"",""state"":""S2b""}"
EV0016116,P00491,esign_done,P03,2026-09-20T08:03:33+05:30,"{""agreement_version"":""AGR v1 (to be verified: agreement template versions)"",""esign_ref"":""ESIGN-SEED-003161""}"
EV0016117,P00491,state_enter_S2c,P04,2026-09-20T08:03:33+05:30,"{""from_state"":""S2b"",""state"":""S2c""}"
EV0016119,P00491,paid,P05,2026-09-20T08:08:49+05:30,"{""amount"":""Rs ___"",""mandate_status"":""none (charged per period)"",""period"":""monthly"",""razorpay_ids"":{""customer_id"":""cust_SEED00491"",""subscription_or_txn_id"":""pay_SEED004911""},""sku"":""diwm""}"
EV0016120,P00491,state_enter_S3,O02,2026-09-20T08:08:49+05:30,"{""from_state"":""S2c"",""state"":""S3""}"
EV0016130,P00493,signed_up,A03,2026-09-21T00:03:43+05:30,"{""device"":""ios"",""phone"":""9000038840"",""source"":""community"",""whatsapp_optin"":false}"
EV0016131,P00493,state_enter_S1,R01,2026-09-21T00:03:43+05:30,"{""from_state"":null,""state"":""S1""}"
EV0016142,P00493,reveal_seen,R09,2026-09-21T02:38:47+05:30,"{""age_band"":""25 to 29"",""aspiration"":""Freedom"",""city"":""Mumbai"",""corpus_band"":""25 lakhs to 1 crore"",""income_band"":""10 to 25 lakhs"",""journey_feel"":""Not so good, I can do better"",""path_now_band"":""over 20 Cr"",""path_yes_band"":""over 20 Cr"",""savings_band"":""More than 40%, I live well below my means""}"
EV0016143,P00493,state_enter_S2,X01,2026-09-21T02:38:47+05:30,"{""from_state"":""S1"",""state"":""S2""}"
EV0016148,P00493,paywall_viewed,P01,2026-09-21T02:44:50+05:30,"{""from_state"":""S2"",""sku_expanded"":""diwm""}"
EV0016153,P00494,signed_up,A03,2026-09-22T10:03:08+05:30,"{""device"":""android"",""phone"":""9000084417"",""source"":""community"",""whatsapp_optin"":true}"
EV0016154,P00494,state_enter_S1,R01,2026-09-22T10:03:08+05:30,"{""from_state"":null,""state"":""S1""}"
EV0016166,P00494,reveal_seen,R09,2026-09-22T21:48:32+05:30,"{""age_band"":""30 to 34"",""aspiration"":""Legacy"",""city"":""Bengaluru"",""corpus_band"":""25 lakhs to 1 crore"",""income_band"":""25 to 50 lakhs"",""journey_feel"":""Some hits and some misses, it has been mixed"",""path_now_band"":""10 to 20 Cr"",""path_yes_band"":""over 20 Cr"",""savings_band"":""More than 40%, I live well below my means""}"
EV0016167,P00494,state_enter_S2,X01,2026-09-22T21:48:32+05:30,"{""from_state"":""S1"",""state"":""S2""}"
EV0016173,P00496,signed_up,A03,2026-09-19T10:03:05+05:30,"{""device"":""android"",""phone"":""9000078121"",""source"":""corporate_session"",""whatsapp_optin"":true}"
EV0016174,P00496,state_enter_S1,R01,2026-09-19T10:03:05+05:30,"{""from_state"":null,""state"":""S1""}"
EV0016186,P00496,reveal_seen,R09,2026-09-19T13:38:18+05:30,"{""age_band"":""35 to 39"",""aspiration"":""Security"",""city"":""Ahmedabad"",""corpus_band"":""5 to 25 lakhs"",""income_band"":""10 to 25 lakhs"",""journey_feel"":""Some hits and some misses, it has been mixed"",""path_now_band"":""5 to 10 Cr"",""path_yes_band"":""10 to 20 Cr"",""savings_band"":""More than 40%, I live well below my means""}"
EV0016187,P00496,state_enter_S2,X01,2026-09-19T13:38:18+05:30,"{""from_state"":""S1"",""state"":""S2""}"
EV0016193,P00496,ticket_created,H07,2026-09-21T12:22:18+05:30,"{""category"":""support"",""ticket_id"":""TK-003821""}"
EV0016198,P00501,signed_up,A03,2026-09-22T22:07:31+05:30,"{""device"":""android"",""phone"":""9000069650"",""source"":""web_reveal"",""whatsapp_optin"":true}"
EV0016199,P00501,state_enter_S1,R01,2026-09-22T22:07:31+05:30,"{""from_state"":null,""state"":""S1""}"
EV0016210,P00501,reveal_seen,R09,2026-09-23T04:04:06+05:30,"{""age_band"":""30 to 34"",""aspiration"":""Family"",""city"":""Gurugram"",""corpus_band"":""1 to 5 crores"",""income_band"":""25 to 50 lakhs"",""journey_feel"":""Very good, mostly things have worked out well"",""path_now_band"":""over 20 Cr"",""path_yes_band"":""over 20 Cr"",""savings_band"":""More than 40%, I live well below my means""}"
EV0016211,P00501,state_enter_S2,X01,2026-09-23T04:04:06+05:30,"{""from_state"":""S1"",""state"":""S2""}"
EV0016216,P00501,paywall_viewed,P01,2026-09-23T04:08:17+05:30,"{""from_state"":""S2"",""sku_expanded"":""none""}"
EV0016220,P00503,signed_up,A03,2026-09-23T04:12:33+05:30,"{""device"":""android"",""phone"":""9000049164"",""source"":""organic"",""whatsapp_optin"":true}"
EV0016221,P00503,state_enter_S1,R01,2026-09-23T04:12:33+05:30,"{""from_state"":null,""state"":""S1""}"
EV0016230,P00504,signed_up,A03,2026-09-22T03:32:52+05:30,"{""device"":""android"",""phone"":""9000053395"",""source"":""corporate_session"",""whatsapp_optin"":false}"
EV0016231,P00504,state_enter_S1,R01,2026-09-22T03:32:52+05:30,"{""from_state"":null,""state"":""S1""}"
EV0016239,P00505,signed_up,A03,2026-09-23T04:04:41+05:30,"{""device"":""android"",""phone"":""9000010678"",""source"":""web_reveal"",""whatsapp_optin"":true}"
EV0016240,P00505,state_enter_S1,R01,2026-09-23T04:04:41+05:30,"{""from_state"":null,""state"":""S1""}"
EV0016247,P00506,signed_up,A03,2026-09-23T05:16:42+05:30,"{""device"":""ios"",""phone"":""9000060601"",""source"":""community"",""whatsapp_optin"":true}"
EV0016248,P00506,state_enter_S1,R01,2026-09-23T05:16:42+05:30,"{""from_state"":null,""state"":""S1""}"
EV0016258,P00507,signed_up,A03,2026-09-23T01:23:08+05:30,"{""device"":""android"",""phone"":""9000065760"",""source"":""web_reveal"",""whatsapp_optin"":false}"
EV0016259,P00507,state_enter_S1,R01,2026-09-23T01:23:08+05:30,"{""from_state"":null,""state"":""S1""}"
EV0016270,P00507,reveal_seen,R09,2026-09-23T07:44:12+05:30,"{""age_band"":""35 to 39"",""aspiration"":""Security"",""city"":""Gurugram"",""corpus_band"":""5 to 25 lakhs"",""income_band"":""25 to 50 lakhs"",""journey_feel"":""Some hits and some misses, it has been mixed"",""path_now_band"":""over 20 Cr"",""path_yes_band"":""over 20 Cr"",""savings_band"":""More than 40%, I live well below my means""}"
EV0016271,P00507,state_enter_S2,X01,2026-09-23T07:44:12+05:30,"{""from_state"":""S1"",""state"":""S2""}"
