Contact External ID,First Name,Last Name,Phone,Email,City,Age Band,Source,WhatsApp Opt-in,DND,Journey Stage,Tier,SKU,Subscription Status,Adviser Owner,Income Band,Corpus Band,Savings Band,Aspiration,Signed Up,Reveal Seen,Paid,Data Complete,Plan Built,Plan Read,Last Call,Next Review,Renewal Due,Last Activity,Onboarding %,KYC Status,AA Status,FP Status,IP Status,Actions Done,Actions Total,Consent Valid Till,Source Completeness,Sharpen Count,Last Manual Update,DIFM Prospect Flag,Adviser Continuity,Last Adviser,Profile Fulfilment %,Admin Link,Is Seed Topup
P00001,Aniket,Apte,9000061747,aniket.apte.638@example.com,Pune,25 to 29,corporate_session,true,false,S23,diy,diy,active,Adviser 01,10 to 25 lakhs,5 to 25 lakhs,"Around 40%, some serious money",Generosity,2025-08-24,2025-08-24,2025-08-24,2025-08-28,2025-08-28,2025-08-29,,2026-11-21,2026-10-14,2026-09-20,100,verified (address typed),cas_uploaded,read,done,5,5,,yes,0,2025-08-28T23:00:35+05:30,,off,,100,https://spiffler33.github.io/yeslyf-wireframes/admin_wireframes.html?run=500&screen=M03&person=P00001,false
P00002,Karthik,Kumar,9000080034,karthik.kumar.639@example.com,Chennai,35 to 39,community,true,false,S23,diwm,diwm,active,Adviser 02,Over 1 crore,5 to 25 lakhs,"More than 40%, I live well below my means",Legacy,2025-09-05,2025-09-05,2025-09-08,2025-09-25,2025-09-25,2025-10-05,2025-10-13,2026-12-19,2026-10-03,2026-09-22,100,verified,cas_uploaded,read,done,7,7,,yes,0,2025-10-13T15:40:00+05:30,rule,off,Adviser 03,100,https://spiffler33.github.io/yeslyf-wireframes/admin_wireframes.html?run=500&screen=M03&person=P00002,true
P00003,Debasish,Pradhan,9000013239,,Bhubaneswar,30 to 34,corporate_session,true,false,S2,free,,,Adviser 02,10 to 25 lakhs,5 to 25 lakhs,"More than 40%, I live well below my means",Freedom,2026-04-05,2026-04-06,,,,,,,,2026-07-21,20,not_started,,not_started,,,,,,,,,off,,62,https://spiffler33.github.io/yeslyf-wireframes/admin_wireframes.html?run=500&screen=M03&person=P00003,false
P00004,Riddhi,Jadhav,9000058857,riddhi.jadhav.514@example.com,Ahmedabad,30 to 34,web_reveal,true,false,S2,free,,,Adviser 03,10 to 25 lakhs,5 to 25 lakhs,"Around 25%, meaningful amounts",Legacy,2026-04-01,2026-04-01,,,,,,,,2026-06-22,20,not_started,,not_started,,,,,,,,,off,,62,https://spiffler33.github.io/yeslyf-wireframes/admin_wireframes.html?run=500&screen=M03&person=P00004,false
P00005,Aniket,Thakkar,9000081548,,Mumbai,25 to 29,organic,true,false,S2,free,,,Adviser 04,25 to 50 lakhs,5 to 25 lakhs,"More than 40%, I live well below my means",Legacy,2026-04-01,2026-04-01,,,,,,,,2026-04-04,20,not_started,,not_started,,,,,,,,,off,,62,https://spiffler33.github.io/yeslyf-wireframes/admin_wireframes.html?run=500&screen=M03&person=P00005,false
P00006,Tanmoy,Patnaik,9000076314,,Noida,30 to 34,community,true,false,S1,free,,,Adviser 06,,,,,2026-04-04,,,,,,,,,2026-04-05,0,not_started,,not_started,,,,,,,,,off,,19,https://spiffler33.github.io/yeslyf-wireframes/admin_wireframes.html?run=500&screen=M03&person=P00006,false
P00007,Vignesh,Naidu,9000092379,,Hyderabad,40 to 44,community,true,true,S1,free,,,Adviser 01,,,,,2026-04-04,,,,,,,,,2026-04-04,0,not_started,,not_started,,,,,,,,,off,,25,https://spiffler33.github.io/yeslyf-wireframes/admin_wireframes.html?run=500&screen=M03&person=P00007,false
P00010,Anirban,Dutta,9000053078,anirban.dutta.613@example.com,Bengaluru,25 to 29,referral,true,false,S10,diwm,diwm,active,Adviser 03,10 to 25 lakhs,5 to 25 lakhs,"More than 40%, I live well below my means",Security,2026-04-07,2026-04-07,2026-04-07,2026-04-18,2026-04-18,2026-04-18,2026-07-14,2026-10-15,2026-10-04,2026-09-15,100,verified,not_connected,read,done,4,4,,yes,0,2026-04-13T10:45:59+05:30,,off,Adviser 02,100,https://spiffler33.github.io/yeslyf-wireframes/admin_wireframes.html?run=500&screen=M03&person=P00010,false
P00012,Gauri,Patel,9000030052,gauri.patel.619@example.com,Gurugram,35 to 39,community,true,false,S13,diwm,diwm,lapsed,Adviser 05,25 to 50 lakhs,25 lakhs to 1 crore,"More than 40%, I live well below my means",Security,2026-04-04,2026-04-04,2026-04-04,2026-04-23,2026-04-23,2026-04-26,2026-05-01,2026-10-20,,2026-09-17,100,verified,connected,read,executing,4,7,2026-09-23,yes,0,2026-05-01T18:40:00+05:30,,off,Adviser 05,100,https://spiffler33.github.io/yeslyf-wireframes/admin_wireframes.html?run=500&screen=M03&person=P00012,false
P00014,Parth,Shah,9000024373,parth.shah.399@example.com,Pune,30 to 34,web_reveal,true,false,S1,free,,,Adviser 05,,,,,2026-04-07,,,,,,,,,2026-04-08,0,not_started,,not_started,,,,,,,,,off,,12,https://spiffler33.github.io/yeslyf-wireframes/admin_wireframes.html?run=500&screen=M03&person=P00014,false
P00015,Mihir,Jadhav,9000051269,,Bengaluru,30 to 34,organic,true,false,S2,free,,,Adviser 06,Under 10 lakhs,25 lakhs to 1 crore,"More than 40%, I live well below my means",Freedom,2026-04-08,2026-04-08,,,,,,,,2026-04-12,20,not_started,,not_started,,,,,,,,,off,,62,https://spiffler33.github.io/yeslyf-wireframes/admin_wireframes.html?run=500&screen=M03&person=P00015,false
P00016,Prasanna,Rajan,9000023227,,Bengaluru,25 to 29,community,true,false,S1,free,,,Adviser 04,,,,,2026-04-07,,,,,,,,,2026-04-08,0,not_started,,not_started,,,,,,,,,off,,19,https://spiffler33.github.io/yeslyf-wireframes/admin_wireframes.html?run=500&screen=M03&person=P00016,false
P00018,Simran,Malhotra,9000092129,simran.malhotra.612@example.com,Delhi,35 to 39,corporate_session,true,false,S9,diy,diy,active,Adviser 02,Over 1 crore,1 to 5 crores,"More than 40%, I live well below my means",Freedom,2026-04-09,2026-04-09,2026-04-12,2026-04-18,2026-04-18,2026-04-26,,2026-10-15,2026-10-09,2026-09-21,100,verified,partial,read,executing,5,6,2026-10-07,yes,0,2026-04-14T13:51:24+05:30,rule,off,,98,https://spiffler33.github.io/yeslyf-wireframes/admin_wireframes.html?run=500&screen=M03&person=P00018,false
P00019,Abhijit,Nayak,9000028779,,Kolkata,30 to 34,community,true,false,S2,free,,,Adviser 01,25 to 50 lakhs,25 lakhs to 1 crore,"Around 40%, some serious money",Family,2026-04-08,2026-04-08,,,,,,,,2026-04-11,20,not_started,,not_started,,,,,,,,,off,,62,https://spiffler33.github.io/yeslyf-wireframes/admin_wireframes.html?run=500&screen=M03&person=P00019,false
P00022,Kunal,Joshi,9000000569,kunal.joshi.606@example.com,Ahmedabad,35 to 39,community,true,false,S9,diwm,diwm,active,Adviser 04,25 to 50 lakhs,25 lakhs to 1 crore,"Around 40%, some serious money",Generosity,2026-04-14,2026-04-14,2026-05-21,2026-05-31,2026-05-31,2026-06-10,2026-06-19,2026-11-27,2026-10-18,2026-09-20,100,verified,partial,read,executing,3,4,2026-11-20,yes,2,2026-08-31T01:55:37+05:30,,off,Adviser 04,97,https://spiffler33.github.io/yeslyf-wireframes/admin_wireframes.html?run=500&screen=M03&person=P00022,false
P00024,Moumita,Bose,9000078942,,Kolkata,25 to 29,community,true,false,S2,free,,,Adviser 03,Under 10 lakhs,Under 5 lakhs,"Around 25%, meaningful amounts",Security,2026-04-12,2026-04-12,,,,,,,,2026-04-15,20,not_started,,not_started,,,,,,,,,off,,62,https://spiffler33.github.io/yeslyf-wireframes/admin_wireframes.html?run=500&screen=M03&person=P00024,false
P00025,Gauri,Shah,9000011718,,Pune,25 to 29,referral,true,false,S2,free,,,Adviser 05,10 to 25 lakhs,5 to 25 lakhs,"More than 40%, I live well below my means",Security,2026-04-15,2026-04-16,,,,,,,,2026-04-19,20,not_started,,not_started,,,,,,,,,off,,62,https://spiffler33.github.io/yeslyf-wireframes/admin_wireframes.html?run=500&screen=M03&person=P00025,false
P00027,Harini,Subramanian,9000058897,,Bengaluru,35 to 39,corporate_session,false,false,S2,free,,,Adviser 06,50 lakhs to 1 crore,1 to 5 crores,"Around 25%, meaningful amounts",Family,2026-04-15,2026-04-16,,,,,,,,2026-04-17,20,not_started,,not_started,,,,,,,,,off,,62,https://spiffler33.github.io/yeslyf-wireframes/admin_wireframes.html?run=500&screen=M03&person=P00027,false
P00028,Anjali,Agarwal,9000059183,,Noida,40 to 44,community,true,false,S1,free,,,Adviser 01,,,,,2026-04-17,,,,,,,,,2026-04-18,0,not_started,,not_started,,,,,,,,,off,,25,https://spiffler33.github.io/yeslyf-wireframes/admin_wireframes.html?run=500&screen=M03&person=P00028,false
P00030,Rutuja,Shinde,9000026087,rutuja.shinde.637@example.com,Mumbai,30 to 34,community,true,true,S22,diwm,diwm,active,Adviser 02,25 to 50 lakhs,1 to 5 crores,"More than 40%, I live well below my means",Family,2026-04-18,2026-04-18,2026-04-18,2026-05-09,2026-05-09,2026-05-09,,2026-11-05,2026-10-15,2026-09-21,100,verified,failed,read,done,4,4,,yes,3,2026-07-31T07:16:46+05:30,,off,,100,https://spiffler33.github.io/yeslyf-wireframes/admin_wireframes.html?run=500&screen=M03&person=P00030,true
P00031,Sagar,Desai,9000047666,,Pune,30 to 34,community,true,false,S2,free,,,Adviser 04,10 to 25 lakhs,Under 5 lakhs,"More than 40%, I live well below my means",Legacy,2026-04-20,2026-04-20,,,,,,,,2026-04-23,20,not_started,,not_started,,,,,,,,,off,,62,https://spiffler33.github.io/yeslyf-wireframes/admin_wireframes.html?run=500&screen=M03&person=P00031,false
P00032,Indrani,Bose,9000034228,indrani.bose.405@example.com,Chennai,30 to 34,web_reveal,true,false,S1,free,,,Adviser 03,,,,,2026-04-18,,,,,,,,,2026-04-19,0,not_started,,not_started,,,,,,,,,off,,19,https://spiffler33.github.io/yeslyf-wireframes/admin_wireframes.html?run=500&screen=M03&person=P00032,false
P00033,Vishnu,Murthy,9000017327,,Bengaluru,25 to 29,organic,true,false,S2,free,,,Adviser 05,Under 10 lakhs,Under 5 lakhs,"More than 40%, I live well below my means",Freedom,2026-04-20,2026-04-21,,,,,,,,2026-04-24,20,not_started,,not_started,,,,,,,,,off,,62,https://spiffler33.github.io/yeslyf-wireframes/admin_wireframes.html?run=500&screen=M03&person=P00033,false
P00035,Sakshi,Bansal,9000074394,sakshi.bansal.610@example.com,Gurugram,35 to 39,community,true,true,S9,diwm,diwm,active,Adviser 02,25 to 50 lakhs,1 to 5 crores,"Around 25%, meaningful amounts",Family,2026-04-29,2026-04-29,2026-04-30,2026-05-16,2026-05-16,2026-05-16,2026-07-08,2026-11-12,2026-09-27,2026-09-18,100,verified,not_connected,read,executing,5,6,,yes,1,2026-07-08T11:40:00+05:30,rule,off,Adviser 04,100,https://spiffler33.github.io/yeslyf-wireframes/admin_wireframes.html?run=500&screen=M03&person=P00035,false
P00037,Neha,Bedi,9000041761,neha.bedi.534@example.com,Gurugram,30 to 34,web_reveal,true,false,S2,free,,,Adviser 02,50 lakhs to 1 crore,1 to 5 crores,"More than 40%, I live well below my means",Family,2026-04-23,2026-04-23,,,,,,,,2026-07-14,20,not_started,,not_started,,,,,,,,,off,,62,https://spiffler33.github.io/yeslyf-wireframes/admin_wireframes.html?run=500&screen=M03&person=P00037,false
P00038,Varsha,Murthy,9000086902,varsha.murthy.621@example.com,Bengaluru,25 to 29,community,false,false,S13,diwm,diwm,lapsed,Adviser 06,10 to 25 lakhs,Under 5 lakhs,"More than 40%, I live well below my means",Freedom,2026-04-23,2026-04-23,2026-04-23,2026-05-10,2026-05-10,2026-05-19,,2026-11-06,,2026-09-16,100,verified (address typed),not_connected,read,executing,4,5,,yes,0,2026-05-10T09:17:36+05:30,,off,,98,https://spiffler33.github.io/yeslyf-wireframes/admin_wireframes.html?run=500&screen=M03&person=P00038,true
P00039,Gayathri,Kumar,9000070015,,Bengaluru,under 25,corporate_session,true,false,S2,free,,,Adviser 01,10 to 25 lakhs,Under 5 lakhs,"Around 40%, some serious money",Freedom,2026-04-23,2026-04-23,,,,,,,,2026-04-26,20,not_started,,not_started,,,,,,,,,off,,62,https://spiffler33.github.io/yeslyf-wireframes/admin_wireframes.html?run=500&screen=M03&person=P00039,false
P00041,Prasanna,Kumar,9000069818,,Bengaluru,30 to 34,corporate_session,true,true,S1,free,,,Adviser 05,10 to 25 lakhs,25 lakhs to 1 crore,"Around 40%, some serious money",,2026-05-02,,,,,,,,,2026-05-02,0,not_started,,not_started,,,,,,,,,off,,44,https://spiffler33.github.io/yeslyf-wireframes/admin_wireframes.html?run=500&screen=M03&person=P00041,false
P00042,Dhruv,Desai,9000055371,dhruv.desai.635@example.com,Mumbai,35 to 39,organic,true,false,S21,diwm,diwm,active,Adviser 03,10 to 25 lakhs,25 lakhs to 1 crore,"Around 25%, meaningful amounts",Generosity,2026-04-26,2026-04-27,2026-05-18,2026-05-23,2026-05-23,2026-05-30,2026-05-31,2026-11-19,2026-11-14,2026-09-16,100,verified,not_connected,read,ready,0,3,,yes,1,2026-08-19T10:14:18+05:30,manual,off,Adviser 06,100,https://spiffler33.github.io/yeslyf-wireframes/admin_wireframes.html?run=500&screen=M03&person=P00042,false
P00043,Rajiv,Murthy,9000076502,rajiv.murthy.492@example.com,Hyderabad,35 to 39,web_reveal,true,false,S2,free,,,Adviser 06,50 lakhs to 1 crore,25 lakhs to 1 crore,"More than 40%, I live well below my means",Security,2026-04-27,2026-04-28,,,,,,,,2026-07-19,20,not_started,,not_started,,,,,,,,,off,,62,https://spiffler33.github.io/yeslyf-wireframes/admin_wireframes.html?run=500&screen=M03&person=P00043,false
P00045,Venkat,Prasad,9000082596,,Bengaluru,35 to 39,community,true,true,S2,free,,,Adviser 01,50 lakhs to 1 crore,1 to 5 crores,"More than 40%, I live well below my means",Freedom,2026-04-28,2026-04-28,,,,,,,,2026-04-29,20,not_started,,not_started,,,,,,,,,off,,62,https://spiffler33.github.io/yeslyf-wireframes/admin_wireframes.html?run=500&screen=M03&person=P00045,false
P00049,Chaitanya,Krishnan,9000095204,chaitanya.krishnan.617@example.com,Bengaluru,25 to 29,community,true,false,S12,diwm,diwm,failed,Adviser 04,10 to 25 lakhs,Under 5 lakhs,"More than 40%, I live well below my means",Freedom,2026-04-27,2026-04-27,2026-06-24,2026-07-01,2026-07-01,2026-07-01,,2026-09-29,,2026-09-23,100,verified,connected,read,executing,2,7,2026-12-22,yes,0,2026-07-01T20:39:59+05:30,,off,,98,https://spiffler33.github.io/yeslyf-wireframes/admin_wireframes.html?run=500&screen=M03&person=P00049,false
P00051,Vaibhav,Dave,9000055835,,Pune,25 to 29,organic,true,true,S2,free,,,Adviser 05,10 to 25 lakhs,25 lakhs to 1 crore,"More than 40%, I live well below my means",Freedom,2026-04-27,2026-04-27,,,,,,,,2026-04-28,20,not_started,,not_started,,,,,,,,,off,,62,https://spiffler33.github.io/yeslyf-wireframes/admin_wireframes.html?run=500&screen=M03&person=P00051,false
P00053,Srinivas,Pai,9000055305,,Chennai,30 to 34,corporate_session,true,false,S1,free,,,Adviser 04,10 to 25 lakhs,25 lakhs to 1 crore,,,2026-05-05,,,,,,,,,2026-05-06,0,not_started,,not_started,,,,,,,,,off,,38,https://spiffler33.github.io/yeslyf-wireframes/admin_wireframes.html?run=500&screen=M03&person=P00053,false
P00056,Pavithra,Pai,9000070909,pavithra.pai.636@example.com,Noida,35 to 39,web_reveal,false,false,S22,diy,diy,active,Adviser 04,25 to 50 lakhs,25 lakhs to 1 crore,"Around 25%, meaningful amounts",Family,2026-05-01,2026-05-01,2026-05-22,2026-06-06,2026-06-06,2026-06-06,2026-06-14,2026-12-03,2026-11-18,2026-09-18,100,verified,not_connected,read,executing,4,5,,yes,2,2026-08-28T07:44:05+05:30,,off,Adviser 06,98,https://spiffler33.github.io/yeslyf-wireframes/admin_wireframes.html?run=500&screen=M03&person=P00056,false
P00058,Divya,Sethi,9000041652,,Delhi,35 to 39,community,true,false,S2,free,,,Adviser 03,10 to 25 lakhs,25 lakhs to 1 crore,"Around 40%, some serious money",Family,2026-04-30,2026-04-30,,,,,,,,2026-05-03,20,not_started,,not_started,,,,,,,,,off,,62,https://spiffler33.github.io/yeslyf-wireframes/admin_wireframes.html?run=500&screen=M03&person=P00058,false
P00060,Pranali,Sawant,9000052436,pranali.sawant.611@example.com,Mumbai,35 to 39,community,false,false,S9,diwm,diwm,active,Adviser 06,50 lakhs to 1 crore,1 to 5 crores,"More than 40%, I live well below my means",Security,2026-05-02,2026-05-03,2026-05-10,2026-05-15,2026-05-15,2026-05-15,,2026-11-11,2026-11-06,2026-09-17,100,verified,connected,read,executing,5,6,2026-11-02,yes,0,2026-05-13T10:36:43+05:30,rule,off,,100,https://spiffler33.github.io/yeslyf-wireframes/admin_wireframes.html?run=500&screen=M03&person=P00060,false
P00062,Mihir,Jadhav,9000014538,mihir.jadhav.622@example.com,Pune,35 to 39,community,true,true,S2c,free,,,Adviser 01,50 lakhs to 1 crore,1 to 5 crores,"Around 40%, some serious money",Legacy,2026-05-03,2026-05-04,,,,,,,,2026-07-25,20,verified,,not_started,,,,,,,,,off,,94,https://spiffler33.github.io/yeslyf-wireframes/admin_wireframes.html?run=500&screen=M03&person=P00062,false
P00064,Manish,Agarwal,9000007689,,Noida,30 to 34,organic,true,false,S1,free,,,Adviser 01,,,,,2026-05-09,,,,,,,,,2026-05-10,0,not_started,,not_started,,,,,,,,,off,,12,https://spiffler33.github.io/yeslyf-wireframes/admin_wireframes.html?run=500&screen=M03&person=P00064,false
P00065,Parth,Patel,9000073524,parth.patel.604@example.com,Pune,25 to 29,community,true,false,S8,diy,diy,active,Adviser 02,10 to 25 lakhs,5 to 25 lakhs,"Around 40%, some serious money",Freedom,2026-05-04,2026-05-04,2026-05-07,2026-05-28,2026-05-28,2026-05-28,,2026-11-24,2026-10-04,2026-09-22,100,verified,connected,read,ready,0,3,2026-11-01,yes,0,2026-05-28T12:51:01+05:30,,off,,100,https://spiffler33.github.io/yeslyf-wireframes/admin_wireframes.html?run=500&screen=M03&person=P00065,false
P00066,Mihir,Trivedi,9000066893,,Pune,30 to 34,community,true,false,S2,free,,,Adviser 03,Under 10 lakhs,5 to 25 lakhs,"Around 40%, some serious money",Legacy,2026-05-05,2026-05-05,,,,,,,,2026-05-08,20,not_started,,not_started,,,,,,,,,off,,62,https://spiffler33.github.io/yeslyf-wireframes/admin_wireframes.html?run=500&screen=M03&person=P00066,false
P00067,Swathi,Prasad,9000058133,swathi.prasad.580@example.com,Chennai,25 to 29,community,true,false,S2b,free,,,Adviser 03,10 to 25 lakhs,5 to 25 lakhs,"More than 40%, I live well below my means",Freedom,2026-05-12,2026-05-13,,,,,,,,2026-08-03,20,verified,,not_started,,,,,,,,,off,,88,https://spiffler33.github.io/yeslyf-wireframes/admin_wireframes.html?run=500&screen=M03&person=P00067,false
P00068,Swathi,Reddy,9000018246,swathi.reddy.614@example.com,Hyderabad,35 to 39,community,true,true,S10,diwm,diwm,active,Adviser 05,25 to 50 lakhs,25 lakhs to 1 crore,"More than 40%, I live well below my means",Family,2026-05-06,2026-05-06,2026-05-27,2026-06-09,2026-06-09,2026-06-13,2026-06-29,2026-12-06,2026-09-24,2026-09-13,100,verified,not_connected,read,done,4,4,,yes,0,2026-06-03T18:45:18+05:30,,off,Adviser 06,98,https://spiffler33.github.io/yeslyf-wireframes/admin_wireframes.html?run=500&screen=M03&person=P00068,false
P00071,Sameer,Desai,9000004528,sameer.desai.642@example.com,Pune,30 to 34,community,true,false,S25,diy,diy,active,Adviser 06,10 to 25 lakhs,25 lakhs to 1 crore,"Around 40%, some serious money",Legacy,2026-05-08,2026-05-09,2026-05-09,2026-05-21,2026-05-21,2026-05-23,,2026-11-17,2026-10-06,2026-09-22,100,verified (address typed),connected,read,executing,5,6,2026-10-30,yes,2,2026-05-31T22:10:59+05:30,,off,,98,https://spiffler33.github.io/yeslyf-wireframes/admin_wireframes.html?run=500&screen=M03&person=P00071,false
P00075,Deepak,Bansal,9000049018,,Gurugram,35 to 39,community,true,true,S1,free,,,Adviser 01,25 to 50 lakhs,,,,2026-05-21,,,,,,,,,2026-05-21,0,not_started,,not_started,,,,,,,,,off,,31,https://spiffler33.github.io/yeslyf-wireframes/admin_wireframes.html?run=500&screen=M03&person=P00075,false
P00078,Amruta,Shinde,9000041164,,Ahmedabad,25 to 29,organic,true,false,S1,free,,,Adviser 02,10 to 25 lakhs,5 to 25 lakhs,"Around 40%, some serious money",,2026-05-12,,,,,,,,,2026-05-13,0,not_started,,not_started,,,,,,,,,off,,50,https://spiffler33.github.io/yeslyf-wireframes/admin_wireframes.html?run=500&screen=M03&person=P00078,false
P00079,Kabir,Mehra,9000073860,,Delhi,35 to 39,organic,true,false,S1,free,,,Adviser 05,,,,,2026-05-13,,,,,,,,,2026-05-14,0,not_started,,not_started,,,,,,,,,off,,25,https://spiffler33.github.io/yeslyf-wireframes/admin_wireframes.html?run=500&screen=M03&person=P00079,false
P00080,Deepa,Hegde,9000034791,deepa.hegde.624@example.com,Hyderabad,35 to 39,community,false,false,S15,diy,diy,active,Adviser 03,50 lakhs to 1 crore,1 to 5 crores,"More than 40%, I live well below my means",Security,2026-05-18,2026-05-18,2026-06-08,2026-06-26,2026-06-26,2026-07-04,,2026-09-24,2026-10-06,2026-09-19,100,verified,expired,read,ready,0,4,2026-09-09,yes,0,2026-06-26T07:35:15+05:30,,off,,100,https://spiffler33.github.io/yeslyf-wireframes/admin_wireframes.html?run=500&screen=M03&person=P00080,false
P00081,Ganesh,Rao,9000042102,ganesh.rao.583@example.com,Gurugram,35 to 39,web_reveal,true,false,S2c,free,,,Adviser 04,25 to 50 lakhs,25 lakhs to 1 crore,"More than 40%, I live well below my means",Freedom,2026-05-12,2026-05-13,,,,,,,,2026-08-03,20,verified,,not_started,,,,,,,,,off,,94,https://spiffler33.github.io/yeslyf-wireframes/admin_wireframes.html?run=500&screen=M03&person=P00081,false
P00082,Karthik,Rajan,9000037898,,Hyderabad,35 to 39,community,true,true,S1,free,,,Adviser 06,25 to 50 lakhs,25 lakhs to 1 crore,,,2026-05-14,,,,,,,,,2026-05-14,0,not_started,,not_started,,,,,,,,,off,,38,https://spiffler33.github.io/yeslyf-wireframes/admin_wireframes.html?run=500&screen=M03&person=P00082,false
P00083,Suresh,Menon,9000045072,,Bengaluru,25 to 29,community,true,false,S2,free,,,Adviser 01,Under 10 lakhs,5 to 25 lakhs,"More than 40%, I live well below my means",Freedom,2026-05-16,2026-05-16,,,,,,,,2026-05-19,20,not_started,,not_started,,,,,,,,,off,,62,https://spiffler33.github.io/yeslyf-wireframes/admin_wireframes.html?run=500&screen=M03&person=P00083,false
P00085,Chinmay,Joshi,9000029441,chinmay.joshi.615@example.com,Mumbai,25 to 29,community,true,false,S11,diwm,diwm,active,Adviser 05,25 to 50 lakhs,25 lakhs to 1 crore,"More than 40%, I live well below my means",Family,2026-05-20,2026-05-20,2026-05-23,2026-06-12,2026-06-12,2026-06-14,2026-06-30,2026-12-09,2026-11-19,2026-09-14,100,verified,connected,read,executing,4,7,2026-11-23,yes,0,2026-06-12T14:46:09+05:30,,off,Adviser 03,100,https://spiffler33.github.io/yeslyf-wireframes/admin_wireframes.html?run=500&screen=M03&person=P00085,false
P00087,Sameer,Joshi,9000091007,,Mumbai,30 to 34,corporate_session,true,false,S2,free,,,Adviser 01,25 to 50 lakhs,25 lakhs to 1 crore,"More than 40%, I live well below my means",Legacy,2026-05-27,2026-05-27,,,,,,,,2026-05-30,20,not_started,,not_started,,,,,,,,,off,,62,https://spiffler33.github.io/yeslyf-wireframes/admin_wireframes.html?run=500&screen=M03&person=P00087,false
P00088,Anjali,Kohli,9000011544,,Gurugram,35 to 39,referral,true,false,S1,free,,,Adviser 06,25 to 50 lakhs,25 lakhs to 1 crore,"Around 40%, some serious money",,2026-05-20,,,,,,,,,2026-05-21,0,not_started,,not_started,,,,,,,,,off,,44,https://spiffler33.github.io/yeslyf-wireframes/admin_wireframes.html?run=500&screen=M03&person=P00088,false
P00090,Subhajit,Chatterjee,9000034451,subhajit.chatterjee.633@example.com,Bhubaneswar,35 to 39,community,true,false,S20,diwm,diwm,active,Adviser 02,10 to 25 lakhs,25 lakhs to 1 crore,"Around 40%, some serious money",Generosity,2026-05-18,2026-05-18,2026-05-18,2026-06-10,2026-06-10,2026-06-12,,2026-12-07,2026-11-14,2026-09-21,100,verified,connected,read,ready,0,3,2026-11-13,yes,0,2026-06-07T07:36:19+05:30,,off,,100,https://spiffler33.github.io/yeslyf-wireframes/admin_wireframes.html?run=500&screen=M03&person=P00090,true
P00091,Hetal,Chitale,9000064576,,Pune,30 to 34,organic,true,false,S1,free,,,Adviser 04,,,,,2026-05-18,,,,,,,,,2026-05-19,0,not_started,,not_started,,,,,,,,,off,,12,https://spiffler33.github.io/yeslyf-wireframes/admin_wireframes.html?run=500&screen=M03&person=P00091,false
P00095,Madhav,Shetty,9000047695,madhav.shetty.605@example.com,Bengaluru,25 to 29,community,true,false,S9,diy,diy,active,Adviser 02,10 to 25 lakhs,Under 5 lakhs,"Around 25%, meaningful amounts",Generosity,2026-05-23,2026-05-24,2026-06-02,2026-06-13,2026-06-13,2026-06-21,,2026-12-10,2026-09-30,2026-09-22,100,verified,not_connected,read,executing,2,3,,yes,3,2026-08-09T00:53:01+05:30,,off,,100,https://spiffler33.github.io/yeslyf-wireframes/admin_wireframes.html?run=500&screen=M03&person=P00095,false
P00096,Parth,Deshmukh,9000094501,,Mumbai,25 to 29,corporate_session,true,false,S2,free,,,Adviser 05,25 to 50 lakhs,1 to 5 crores,"More than 40%, I live well below my means",Security,2026-06-03,2026-06-03,,,,,,,,2026-06-07,20,not_started,,not_started,,,,,,,,,off,,62,https://spiffler33.github.io/yeslyf-wireframes/admin_wireframes.html?run=500&screen=M03&person=P00096,false
P00098,Aniket,Naik,9000036876,aniket.naik.603@example.com,Ahmedabad,30 to 34,referral,true,false,S8,diy,diy,active,Adviser 03,10 to 25 lakhs,25 lakhs to 1 crore,"More than 40%, I live well below my means",Family,2026-05-23,2026-05-24,2026-07-14,2026-07-20,2026-07-20,2026-07-22,,2026-10-18,2026-10-12,2026-09-16,100,verified,not_connected,read,ready,0,4,,yes,0,2026-07-20T11:38:46+05:30,,off,,100,https://spiffler33.github.io/yeslyf-wireframes/admin_wireframes.html?run=500&screen=M03&person=P00098,false
P00099,Vignesh,Varma,9000058148,,Chennai,25 to 29,community,true,false,S1,free,,,Adviser 03,10 to 25 lakhs,5 to 25 lakhs,"Around 40%, some serious money",,2026-05-27,,,,,,,,,2026-05-28,0,not_started,,not_started,,,,,,,,,off,,44,https://spiffler33.github.io/yeslyf-wireframes/admin_wireframes.html?run=500&screen=M03&person=P00099,false
P00101,Prachi,Kamat,9000062830,prachi.kamat.394@example.com,Mumbai,25 to 29,web_reveal,true,false,S1,free,,,Adviser 03,25 to 50 lakhs,25 lakhs to 1 crore,"Around 40%, some serious money",,2026-05-23,,,,,,,,,2026-05-24,0,not_started,,not_started,,,,,,,,,off,,50,https://spiffler33.github.io/yeslyf-wireframes/admin_wireframes.html?run=500&screen=M03&person=P00101,false
P00104,Naveen,Rajan,9000069804,,Hyderabad,30 to 34,corporate_session,true,false,S2,free,,,Adviser 06,10 to 25 lakhs,5 to 25 lakhs,"More than 40%, I live well below my means",Freedom,2026-05-26,2026-05-27,,,,,,,,2026-05-30,20,not_started,,not_started,,,,,,,,,off,,62,https://spiffler33.github.io/yeslyf-wireframes/admin_wireframes.html?run=500&screen=M03&person=P00104,false
P00107,Prachi,Patel,9000090601,prachi.patel.385@example.com,Ahmedabad,30 to 34,web_reveal,true,false,S1,free,,,Adviser 02,10 to 25 lakhs,5 to 25 lakhs,"More than 40%, I live well below my means",,2026-05-27,,,,,,,,,2026-05-28,0,not_started,,not_started,,,,,,,,,off,,50,https://spiffler33.github.io/yeslyf-wireframes/admin_wireframes.html?run=500&screen=M03&person=P00107,false
P00108,Mehak,Sharma,9000092018,,Gurugram,30 to 34,corporate_session,true,false,S1,free,,,Adviser 05,,,,,2026-05-24,,,,,,,,,2026-05-25,0,not_started,,not_started,,,,,,,,,off,,12,https://spiffler33.github.io/yeslyf-wireframes/admin_wireframes.html?run=500&screen=M03&person=P00108,false
P00111,Nidhi,Kamat,9000029479,nidhi.kamat.548@example.com,Mumbai,30 to 34,community,true,false,S2,free,,,Adviser 02,10 to 25 lakhs,25 lakhs to 1 crore,"More than 40%, I live well below my means",Family,2026-05-31,2026-06-01,,,,,,,,2026-08-22,20,not_started,,not_started,,,,,,,,,off,,62,https://spiffler33.github.io/yeslyf-wireframes/admin_wireframes.html?run=500&screen=M03&person=P00111,false
P00113,Sayan,Patnaik,9000078886,,Mumbai,30 to 34,corporate_session,false,false,S2,free,,,Adviser 04,25 to 50 lakhs,5 to 25 lakhs,"More than 40%, I live well below my means",Legacy,2026-05-28,2026-05-28,,,,,,,,2026-05-30,20,not_started,,not_started,,,,,,,,,off,,62,https://spiffler33.github.io/yeslyf-wireframes/admin_wireframes.html?run=500&screen=M03&person=P00113,false
P00115,Shruti,Vora,9000056428,shruti.vora.556@example.com,Ahmedabad,30 to 34,web_reveal,true,true,S2,free,,,Adviser 05,10 to 25 lakhs,5 to 25 lakhs,"More than 40%, I live well below my means",Legacy,2026-05-29,2026-05-30,,,,,,,,2026-08-20,20,not_started,,not_started,,,,,,,,,off,,62,https://spiffler33.github.io/yeslyf-wireframes/admin_wireframes.html?run=500&screen=M03&person=P00115,false
P00120,Sahil,Mishra,9000013736,,Noida,30 to 34,organic,true,false,S2,free,,,Adviser 01,10 to 25 lakhs,5 to 25 lakhs,"Around 25%, meaningful amounts",Security,2026-05-31,2026-06-01,,,,,,,,2026-06-04,20,not_started,,not_started,,,,,,,,,off,,62,https://spiffler33.github.io/yeslyf-wireframes/admin_wireframes.html?run=500&screen=M03&person=P00120,false
P00121,Jay,Mehta,9000094503,,Delhi,25 to 29,organic,true,false,S2,free,,,Adviser 06,10 to 25 lakhs,5 to 25 lakhs,"Around 40%, some serious money",Legacy,2026-05-30,2026-05-30,,,,,,,,2026-06-02,20,not_started,,not_started,,,,,,,,,off,,62,https://spiffler33.github.io/yeslyf-wireframes/admin_wireframes.html?run=500&screen=M03&person=P00121,false
P00123,Krupa,Deshmukh,9000094236,,Mumbai,30 to 34,corporate_session,false,false,S2,free,,,Adviser 03,25 to 50 lakhs,25 lakhs to 1 crore,"More than 40%, I live well below my means",Family,2026-06-02,2026-06-02,,,,,,,,2026-06-04,20,not_started,,not_started,,,,,,,,,off,,62,https://spiffler33.github.io/yeslyf-wireframes/admin_wireframes.html?run=500&screen=M03&person=P00123,false
P00124,Hetal,Pandya,9000038145,,Mumbai,25 to 29,community,true,false,S1,free,,,Adviser 02,,,,,2026-06-05,,,,,,,,,2026-06-06,0,not_started,,not_started,,,,,,,,,off,,25,https://spiffler33.github.io/yeslyf-wireframes/admin_wireframes.html?run=500&screen=M03&person=P00124,false
P00126,Vignesh,Iyengar,9000024457,,Hyderabad,30 to 34,corporate_session,true,false,S1,free,,,Adviser 06,,,,,2026-06-04,,,,,,,,,2026-06-05,0,not_started,,not_started,,,,,,,,,off,,12,https://spiffler33.github.io/yeslyf-wireframes/admin_wireframes.html?run=500&screen=M03&person=P00126,false
P00127,Gauri,Trivedi,9000031912,,Bengaluru,25 to 29,organic,true,false,S2,free,,,Adviser 04,10 to 25 lakhs,5 to 25 lakhs,"More than 40%, I live well below my means",Security,2026-06-03,2026-06-03,,,,,,,,2026-06-06,20,not_started,,not_started,,,,,,,,,off,,62,https://spiffler33.github.io/yeslyf-wireframes/admin_wireframes.html?run=500&screen=M03&person=P00127,false
P00129,Rahul,Gupta,9000079776,,Delhi,40 to 44,organic,false,false,S2,free,,,Adviser 01,50 lakhs to 1 crore,25 lakhs to 1 crore,"More than 40%, I live well below my means",Legacy,2026-06-04,2026-06-04,,,,,,,,2026-06-06,20,not_started,,not_started,,,,,,,,,off,,62,https://spiffler33.github.io/yeslyf-wireframes/admin_wireframes.html?run=500&screen=M03&person=P00129,false
P00136,Karan,Kapoor,9000064932,,Delhi,25 to 29,corporate_session,true,false,S2,free,,,Adviser 03,50 lakhs to 1 crore,25 lakhs to 1 crore,"More than 40%, I live well below my means",Family,2026-06-06,2026-06-06,,,,,,,,2026-06-09,20,not_started,,not_started,,,,,,,,,off,,62,https://spiffler33.github.io/yeslyf-wireframes/admin_wireframes.html?run=500&screen=M03&person=P00136,false
P00139,Heena,Apte,9000045435,,Ahmedabad,30 to 34,corporate_session,true,false,S2,free,,,Adviser 06,10 to 25 lakhs,1 to 5 crores,"More than 40%, I live well below my means",Security,2026-06-06,2026-06-07,,,,,,,,2026-06-10,20,not_started,,not_started,,,,,,,,,off,,62,https://spiffler33.github.io/yeslyf-wireframes/admin_wireframes.html?run=500&screen=M03&person=P00139,false
P00140,Deepa,Hegde,9000050060,,Bengaluru,30 to 34,corporate_session,true,false,S2,free,,,Adviser 05,10 to 25 lakhs,5 to 25 lakhs,"Around 25%, meaningful amounts",Freedom,2026-06-06,2026-06-06,,,,,,,,2026-06-09,20,not_started,,not_started,,,,,,,,,off,,62,https://spiffler33.github.io/yeslyf-wireframes/admin_wireframes.html?run=500&screen=M03&person=P00140,false
P00141,Devika,Kamat,9000082689,,Pune,30 to 34,community,true,true,S2,free,,,Adviser 04,10 to 25 lakhs,5 to 25 lakhs,"Around 40%, some serious money",Freedom,2026-06-09,2026-06-09,,,,,,,,2026-06-10,20,not_started,,not_started,,,,,,,,,off,,62,https://spiffler33.github.io/yeslyf-wireframes/admin_wireframes.html?run=500&screen=M03&person=P00141,false
P00142,Abhijit,Banerjee,9000062521,,Kolkata,30 to 34,community,true,false,S2,free,,,Adviser 04,10 to 25 lakhs,5 to 25 lakhs,"Around 40%, some serious money",Freedom,2026-06-15,2026-06-16,,,,,,,,2026-06-20,20,not_started,,not_started,,,,,,,,,off,,62,https://spiffler33.github.io/yeslyf-wireframes/admin_wireframes.html?run=500&screen=M03&person=P00142,false
P00143,Rohit,Jain,9000016070,,Ahmedabad,30 to 34,community,true,false,S2,free,,,Adviser 04,10 to 25 lakhs,25 lakhs to 1 crore,"More than 40%, I live well below my means",Legacy,2026-06-06,2026-06-06,,,,,,,,2026-06-09,20,not_started,,not_started,,,,,,,,,off,,62,https://spiffler33.github.io/yeslyf-wireframes/admin_wireframes.html?run=500&screen=M03&person=P00143,false
P00144,Arjun,Pandey,9000049344,,Delhi,35 to 39,corporate_session,true,false,S2,free,,,Adviser 01,50 lakhs to 1 crore,Over 5 crores,"Around 40%, some serious money",Legacy,2026-06-07,2026-06-07,,,,,,,,2026-08-28,20,not_started,,not_started,,,,,,,,,off,,62,https://spiffler33.github.io/yeslyf-wireframes/admin_wireframes.html?run=500&screen=M03&person=P00144,false
P00145,Kunal,Kamat,9000024082,,Pune,30 to 34,corporate_session,true,false,S2,free,,,Adviser 03,10 to 25 lakhs,5 to 25 lakhs,"More than 40%, I live well below my means",Generosity,2026-06-07,2026-06-08,,,,,,,,2026-06-11,20,not_started,,not_started,,,,,,,,,off,,62,https://spiffler33.github.io/yeslyf-wireframes/admin_wireframes.html?run=500&screen=M03&person=P00145,false
P00147,Tejas,Thakkar,9000051992,,Pune,30 to 34,corporate_session,true,false,S1,free,,,Adviser 01,10 to 25 lakhs,5 to 25 lakhs,,,2026-06-12,,,,,,,,,2026-06-13,0,not_started,,not_started,,,,,,,,,off,,38,https://spiffler33.github.io/yeslyf-wireframes/admin_wireframes.html?run=500&screen=M03&person=P00147,false
P00148,Arun,Shetty,9000037130,arun.shetty.420@example.com,Hyderabad,40 to 44,web_reveal,false,false,S1,free,,,Adviser 02,50 lakhs to 1 crore,Over 5 crores,,,2026-06-07,,,,,,,,,2026-06-08,0,not_started,,not_started,,,,,,,,,off,,38,https://spiffler33.github.io/yeslyf-wireframes/admin_wireframes.html?run=500&screen=M03&person=P00148,false
P00151,Suresh,Balakrishnan,9000035123,,Hyderabad,40 to 44,community,true,false,S2,free,,,Adviser 05,25 to 50 lakhs,1 to 5 crores,"More than 40%, I live well below my means",Security,2026-06-10,2026-06-11,,,,,,,,2026-06-14,20,not_started,,not_started,,,,,,,,,off,,62,https://spiffler33.github.io/yeslyf-wireframes/admin_wireframes.html?run=500&screen=M03&person=P00151,false
P00155,Siddharth,Chitale,9000040482,siddharth.chitale.504@example.com,Mumbai,30 to 34,community,true,false,S2,free,,,Adviser 02,25 to 50 lakhs,25 lakhs to 1 crore,"More than 40%, I live well below my means",Legacy,2026-06-12,2026-06-12,,,,,,,,2026-09-02,20,not_started,,not_started,,,,,,,,,off,,62,https://spiffler33.github.io/yeslyf-wireframes/admin_wireframes.html?run=500&screen=M03&person=P00155,false
P00156,Sai,Pai,9000014354,sai.pai.632@example.com,Jaipur,30 to 34,community,true,false,S20,diwm,diwm,active,Adviser 03,10 to 25 lakhs,25 lakhs to 1 crore,"More than 40%, I live well below my means",Security,2026-06-12,2026-06-12,2026-06-15,2026-06-24,2026-06-24,2026-06-24,,2026-12-21,2026-10-16,2026-09-22,100,verified,cas_uploaded,read,ready,0,3,,yes,3,2026-08-07T05:32:17+05:30,,off,,97,https://spiffler33.github.io/yeslyf-wireframes/admin_wireframes.html?run=500&screen=M03&person=P00156,false
P00157,Ramya,Rajan,9000057428,,Bengaluru,25 to 29,community,true,false,S2,free,,,Adviser 06,10 to 25 lakhs,5 to 25 lakhs,"Around 40%, some serious money",Legacy,2026-06-11,2026-06-11,,,,,,,,2026-06-14,20,not_started,,not_started,,,,,,,,,off,,62,https://spiffler33.github.io/yeslyf-wireframes/admin_wireframes.html?run=500&screen=M03&person=P00157,false
P00158,Anjali,Tandon,9000030810,anjali.tandon.655@example.com,Noida,30 to 34,organic,true,false,S12,diy,diy,failed,Adviser 01,25 to 50 lakhs,5 to 25 lakhs,"More than 40%, I live well below my means",Family,2026-06-17,2026-06-17,2026-06-20,2026-07-05,2026-07-05,2026-07-05,,2026-10-03,,2026-09-21,100,verified (address typed),partial,read,executing,3,7,2026-12-15,yes,0,2026-07-05T07:25:15+05:30,,off,,100,https://spiffler33.github.io/yeslyf-wireframes/admin_wireframes.html?run=500&screen=M03&person=P00158,false
P00160,Tanvi,Mishra,9000027539,tanvi.mishra.545@example.com,Gurugram,35 to 39,community,true,false,S2,free,,,Adviser 02,25 to 50 lakhs,25 lakhs to 1 crore,"Around 25%, meaningful amounts",Family,2026-06-22,2026-06-22,,,,,,,,2026-09-13,20,not_started,,not_started,,,,,,,,,off,,62,https://spiffler33.github.io/yeslyf-wireframes/admin_wireframes.html?run=500&screen=M03&person=P00160,false
P00162,Nithya,Murthy,9000012882,,Bengaluru,30 to 34,corporate_session,true,false,S2,free,,,Adviser 06,Under 10 lakhs,5 to 25 lakhs,"Around 10%, small consistent chunks",Freedom,2026-06-21,2026-06-21,,,,,,,,2026-06-24,20,not_started,,not_started,,,,,,,,,off,,62,https://spiffler33.github.io/yeslyf-wireframes/admin_wireframes.html?run=500&screen=M03&person=P00162,false
P00164,Shruti,Chitale,9000025728,shruti.chitale.625@example.com,Mumbai,25 to 29,organic,true,false,S15,diy,diy,active,Adviser 05,25 to 50 lakhs,5 to 25 lakhs,"More than 40%, I live well below my means",Security,2026-06-16,2026-06-17,2026-06-17,2026-07-07,2026-07-07,2026-07-07,,2026-10-05,2026-10-15,2026-09-20,100,verified,expired,read,executing,3,6,2026-09-16,yes,0,2026-06-18T03:44:11+05:30,,off,,100,https://spiffler33.github.io/yeslyf-wireframes/admin_wireframes.html?run=500&screen=M03&person=P00164,false
P00166,Zoya,Gupta,9000065480,zoya.gupta.582@example.com,Gurugram,30 to 34,corporate_session,true,false,S2c,free,,,Adviser 02,25 to 50 lakhs,1 to 5 crores,"Around 25%, meaningful amounts",Freedom,2026-06-17,2026-06-18,,,,,,,,2026-09-08,20,verified,,not_started,,,,,,,,,off,,94,https://spiffler33.github.io/yeslyf-wireframes/admin_wireframes.html?run=500&screen=M03&person=P00166,false
P00168,Shalini,Naidu,9000028951,,Hyderabad,35 to 39,referral,true,true,S14,difm,,adviser relationship,Harish,,,,,2026-06-20,,,,,,,2026-12-17,,2026-09-21,74,"verified (assisted onboarding, M12)",partial,not applicable (adviser relationship),,,,2026-12-13,,0,2026-06-25T03:06:38+05:30,,off,,80,https://spiffler33.github.io/yeslyf-wireframes/admin_wireframes.html?run=500&screen=M03&person=P00168,false
P00169,Madhav,Prasad,9000018700,,Delhi,40 to 44,corporate_session,true,false,S2,free,,,Adviser 06,50 lakhs to 1 crore,1 to 5 crores,"More than 40%, I live well below my means",Generosity,2026-06-17,2026-06-17,,,,,,,,2026-06-20,20,not_started,,not_started,,,,,,,,,off,,62,https://spiffler33.github.io/yeslyf-wireframes/admin_wireframes.html?run=500&screen=M03&person=P00169,false
P00170,Sowmya,Balakrishnan,9000042084,,Chennai,30 to 34,community,true,true,S2,free,,,Adviser 04,10 to 25 lakhs,25 lakhs to 1 crore,"Around 40%, some serious money",Generosity,2026-06-19,2026-06-19,,,,,,,,2026-06-20,20,not_started,,not_started,,,,,,,,,off,,62,https://spiffler33.github.io/yeslyf-wireframes/admin_wireframes.html?run=500&screen=M03&person=P00170,false
P00174,Gayathri,Krishnan,9000059257,,Hyderabad,35 to 39,organic,true,false,S2,free,,,Adviser 03,25 to 50 lakhs,25 lakhs to 1 crore,"More than 40%, I live well below my means",Security,2026-06-18,2026-06-19,,,,,,,,2026-06-22,20,not_started,,not_started,,,,,,,,,off,,62,https://spiffler33.github.io/yeslyf-wireframes/admin_wireframes.html?run=500&screen=M03&person=P00174,false
P00175,Sowmya,Raman,9000092183,,Bengaluru,25 to 29,corporate_session,false,false,S1,free,,,Adviser 05,10 to 25 lakhs,5 to 25 lakhs,"Around 40%, some serious money",,2026-06-19,,,,,,,,,2026-06-19,0,not_started,,not_started,,,,,,,,,off,,50,https://spiffler33.github.io/yeslyf-wireframes/admin_wireframes.html?run=500&screen=M03&person=P00175,false
P00177,Indrani,Mitra,9000047058,indrani.mitra.628@example.com,Chennai,30 to 34,community,true,false,S18,diwm,diwm,active,Adviser 01,25 to 50 lakhs,Under 5 lakhs,"Around 40%, some serious money",Family,2026-06-22,2026-06-22,2026-06-23,,2026-07-16,,,2026-10-14,2026-10-21,2026-09-19,100,verified,failed,built,ready,0,4,,yes,0,2026-07-09T08:06:11+05:30,,off,,100,https://spiffler33.github.io/yeslyf-wireframes/admin_wireframes.html?run=500&screen=M03&person=P00177,false
P00178,Tejas,Jain,9000078519,,Pune,30 to 34,community,false,false,S2,free,,,Adviser 03,10 to 25 lakhs,5 to 25 lakhs,"More than 40%, I live well below my means",Family,2026-06-22,2026-06-22,,,,,,,,2026-06-24,20,not_started,,not_started,,,,,,,,,off,,62,https://spiffler33.github.io/yeslyf-wireframes/admin_wireframes.html?run=500&screen=M03&person=P00178,false
P00180,Vidya,Prasad,9000058071,,Hyderabad,40 to 44,community,true,false,S1,free,,,Adviser 06,50 lakhs to 1 crore,Over 5 crores,"More than 40%, I live well below my means",,2026-06-24,,,,,,,,,2026-06-26,0,not_started,,not_started,,,,,,,,,off,,50,https://spiffler33.github.io/yeslyf-wireframes/admin_wireframes.html?run=500&screen=M03&person=P00180,false
P00183,Vishnu,Raman,9000094220,,Bengaluru,30 to 34,community,true,false,S2,free,,,Adviser 04,25 to 50 lakhs,25 lakhs to 1 crore,"More than 40%, I live well below my means",Family,2026-06-24,2026-06-25,,,,,,,,2026-06-28,20,not_started,,not_started,,,,,,,,,off,,62,https://spiffler33.github.io/yeslyf-wireframes/admin_wireframes.html?run=500&screen=M03&person=P00183,false
P00186,Neha,Tandon,9000071456,neha.tandon.367@example.com,Bengaluru,25 to 29,web_reveal,true,false,S1,free,,,Adviser 05,,,,,2026-06-24,,,,,,,,,2026-06-25,0,not_started,,not_started,,,,,,,,,off,,19,https://spiffler33.github.io/yeslyf-wireframes/admin_wireframes.html?run=500&screen=M03&person=P00186,false
P00187,Shruti,Trivedi,9000069484,shruti.trivedi.396@example.com,Mumbai,25 to 29,community,false,false,S1,free,,,Adviser 04,25 to 50 lakhs,25 lakhs to 1 crore,"More than 40%, I live well below my means",,2026-06-27,,,,,,,,,2026-06-27,0,not_started,,not_started,,,,,,,,,off,,44,https://spiffler33.github.io/yeslyf-wireframes/admin_wireframes.html?run=500&screen=M03&person=P00187,false
P00191,Naina,Sethi,9000056739,naina.sethi.422@example.com,Gurugram,35 to 39,web_reveal,true,false,S1,free,,,Adviser 03,25 to 50 lakhs,25 lakhs to 1 crore,"More than 40%, I live well below my means",,2026-06-26,,,,,,,,,2026-06-27,0,not_started,,not_started,,,,,,,,,off,,50,https://spiffler33.github.io/yeslyf-wireframes/admin_wireframes.html?run=500&screen=M03&person=P00191,false
P00192,Aparna,Prasad,9000035653,,Hyderabad,35 to 39,community,true,false,S2,free,,,Adviser 01,25 to 50 lakhs,25 lakhs to 1 crore,"More than 40%, I live well below my means",Freedom,2026-06-25,2026-06-26,,,,,,,,2026-07-05,20,not_started,,not_started,,,,,,,,,off,,62,https://spiffler33.github.io/yeslyf-wireframes/admin_wireframes.html?run=500&screen=M03&person=P00192,false
P00193,Vishnu,Natarajan,9000070213,,Mumbai,30 to 34,community,true,false,S2,free,,,Adviser 02,25 to 50 lakhs,25 lakhs to 1 crore,"More than 40%, I live well below my means",Freedom,2026-06-26,2026-06-27,,,,,,,,2026-06-30,20,not_started,,not_started,,,,,,,,,off,,62,https://spiffler33.github.io/yeslyf-wireframes/admin_wireframes.html?run=500&screen=M03&person=P00193,false
P00194,Rutuja,Patil,9000093909,rutuja.patil.601@example.com,Ahmedabad,30 to 34,community,true,true,S8,diwm,diwm,active,Adviser 06,25 to 50 lakhs,5 to 25 lakhs,"More than 40%, I live well below my means",Generosity,2026-06-27,2026-06-28,2026-06-28,2026-06-29,2026-06-29,2026-07-03,,2026-09-27,2026-09-26,2026-09-19,100,verified,not_connected,read,ready,0,5,,yes,0,2026-06-29T20:08:00+05:30,,off,,100,https://spiffler33.github.io/yeslyf-wireframes/admin_wireframes.html?run=500&screen=M03&person=P00194,false
P00196,Mehak,Khanna,9000031515,,Gurugram,30 to 34,organic,true,false,S2,free,,,Adviser 05,25 to 50 lakhs,25 lakhs to 1 crore,"More than 40%, I live well below my means",Family,2026-06-27,2026-06-28,,,,,,,,2026-07-01,20,not_started,,not_started,,,,,,,,,off,,62,https://spiffler33.github.io/yeslyf-wireframes/admin_wireframes.html?run=500&screen=M03&person=P00196,false
P00197,Hetal,Patil,9000096458,,Pune,30 to 34,corporate_session,true,false,S2,free,,,Adviser 01,10 to 25 lakhs,25 lakhs to 1 crore,"Around 40%, some serious money",Family,2026-06-28,2026-06-29,,,,,,,,2026-07-02,20,not_started,,not_started,,,,,,,,,off,,62,https://spiffler33.github.io/yeslyf-wireframes/admin_wireframes.html?run=500&screen=M03&person=P00197,false
P00199,Vishnu,Menon,9000087862,vishnu.menon.616@example.com,Chennai,35 to 39,community,true,false,S11,diwm,diwm,active,Adviser 04,25 to 50 lakhs,25 lakhs to 1 crore,"Around 40%, some serious money",Security,2026-06-29,2026-07-01,2026-07-01,2026-07-06,2026-07-06,2026-07-07,2026-07-24,2026-10-04,2026-09-29,2026-09-22,100,verified,partial,read,executing,2,5,2026-10-01,yes,0,2026-07-24T20:10:00+05:30,,off,Adviser 01,100,https://spiffler33.github.io/yeslyf-wireframes/admin_wireframes.html?run=500&screen=M03&person=P00199,false
P00201,Heena,Patil,9000070401,,Mumbai,30 to 34,community,true,false,S2,free,,,Adviser 02,25 to 50 lakhs,5 to 25 lakhs,"Around 40%, some serious money",Security,2026-06-28,2026-06-29,,,,,,,,2026-07-02,20,not_started,,not_started,,,,,,,,,off,,62,https://spiffler33.github.io/yeslyf-wireframes/admin_wireframes.html?run=500&screen=M03&person=P00201,false
P00202,Aravind,Srinivasan,9000002195,aravind.srinivasan.599@example.com,Bengaluru,25 to 29,web_reveal,true,false,S7,diwm,diwm,active,Adviser 02,Under 10 lakhs,5 to 25 lakhs,"Around 40%, some serious money",Security,2026-07-03,2026-07-03,2026-07-24,2026-07-30,2026-07-30,2026-08-01,,2026-10-28,2026-10-22,2026-09-22,100,verified,connected,read,ready,0,4,2026-10-22,yes,1,2026-08-20T20:47:39+05:30,,off,,100,https://spiffler33.github.io/yeslyf-wireframes/admin_wireframes.html?run=500&screen=M03&person=P00202,false
P00203,Ganesh,Murthy,9000009233,,Chennai,35 to 39,community,true,false,S2,free,,,Adviser 04,10 to 25 lakhs,5 to 25 lakhs,"Around 40%, some serious money",Family,2026-07-03,2026-07-03,,,,,,,,2026-07-06,20,not_started,,not_started,,,,,,,,,off,,62,https://spiffler33.github.io/yeslyf-wireframes/admin_wireframes.html?run=500&screen=M03&person=P00203,false
P00204,Tejas,Kulkarni,9000093854,,Mumbai,30 to 34,referral,true,false,S2,free,,,Adviser 01,25 to 50 lakhs,25 lakhs to 1 crore,"More than 40%, I live well below my means",Legacy,2026-07-02,2026-07-02,,,,,,,,2026-07-06,20,not_started,,not_started,,,,,,,,,off,,62,https://spiffler33.github.io/yeslyf-wireframes/admin_wireframes.html?run=500&screen=M03&person=P00204,false
P00205,Rohan,Bansal,9000000625,,Hyderabad,35 to 39,community,true,false,S1,free,,,Adviser 03,50 lakhs to 1 crore,25 lakhs to 1 crore,"More than 40%, I live well below my means",,2026-07-03,,,,,,,,,2026-07-04,0,not_started,,not_started,,,,,,,,,off,,50,https://spiffler33.github.io/yeslyf-wireframes/admin_wireframes.html?run=500&screen=M03&person=P00205,false
P00206,Urvi,Dave,9000031228,,Pune,30 to 34,corporate_session,true,false,S1,free,,,Adviser 03,10 to 25 lakhs,5 to 25 lakhs,,,2026-06-29,,,,,,,,,2026-06-30,0,not_started,,not_started,,,,,,,,,off,,38,https://spiffler33.github.io/yeslyf-wireframes/admin_wireframes.html?run=500&screen=M03&person=P00206,false
P00210,Ramya,Reddy,9000034790,ramya.reddy.581@example.com,Hyderabad,35 to 39,corporate_session,true,false,S2b,free,,,Adviser 06,50 lakhs to 1 crore,1 to 5 crores,"Around 25%, meaningful amounts",Legacy,2026-07-02,2026-07-02,,,,,,,,2026-09-22,20,verified,,not_started,,,,,,,,,off,,88,https://spiffler33.github.io/yeslyf-wireframes/admin_wireframes.html?run=500&screen=M03&person=P00210,false
P00212,Aditya,Sharma,9000070091,,Noida,30 to 34,organic,true,false,S2,free,,,Adviser 05,10 to 25 lakhs,5 to 25 lakhs,"Around 40%, some serious money",Freedom,2026-07-01,2026-07-02,,,,,,,,2026-07-05,20,not_started,,not_started,,,,,,,,,off,,62,https://spiffler33.github.io/yeslyf-wireframes/admin_wireframes.html?run=500&screen=M03&person=P00212,false
P00213,Vignesh,Prasad,9000070576,vignesh.prasad.551@example.com,Bengaluru,30 to 34,web_reveal,true,false,S2,free,,,Adviser 06,10 to 25 lakhs,Under 5 lakhs,"Around 25%, meaningful amounts",Freedom,2026-07-04,2026-07-04,,,,,,,,2026-07-25,20,not_started,,not_started,,,,,,,,,off,,62,https://spiffler33.github.io/yeslyf-wireframes/admin_wireframes.html?run=500&screen=M03&person=P00213,false
P00214,Naveen,Naidu,9000055626,naveen.naidu.580@example.com,Hyderabad,35 to 39,web_reveal,true,false,S2,free,,,Adviser 05,50 lakhs to 1 crore,25 lakhs to 1 crore,"Around 40%, some serious money",Family,2026-07-03,2026-07-04,,,,,,,,2026-07-25,20,not_started,,not_started,,,,,,,,,off,,62,https://spiffler33.github.io/yeslyf-wireframes/admin_wireframes.html?run=500&screen=M03&person=P00214,false
P00216,Vikram,Malhotra,9000081137,,Delhi,40 to 44,referral,true,false,S2,free,,,Adviser 01,50 lakhs to 1 crore,1 to 5 crores,"More than 40%, I live well below my means",Legacy,2026-07-04,2026-07-05,,,,,,,,2026-07-08,20,not_started,,not_started,,,,,,,,,off,,62,https://spiffler33.github.io/yeslyf-wireframes/admin_wireframes.html?run=500&screen=M03&person=P00216,false
P00218,Siddharth,Trivedi,9000047229,,Mumbai,25 to 29,community,true,false,S1,free,,,Adviser 06,25 to 50 lakhs,5 to 25 lakhs,,,2026-07-07,,,,,,,,,2026-07-08,0,not_started,,not_started,,,,,,,,,off,,38,https://spiffler33.github.io/yeslyf-wireframes/admin_wireframes.html?run=500&screen=M03&person=P00218,false
P00220,Sayan,Das,9000050853,,Bengaluru,30 to 34,organic,false,false,S1,free,,,Adviser 02,10 to 25 lakhs,5 to 25 lakhs,,,2026-07-06,,,,,,,,,2026-07-06,0,not_started,,not_started,,,,,,,,,off,,38,https://spiffler33.github.io/yeslyf-wireframes/admin_wireframes.html?run=500&screen=M03&person=P00220,false
P00223,Yogesh,Patel,9000017631,yogesh.patel.630@example.com,Mumbai,30 to 34,community,true,false,S19,diwm,diwm,active,Adviser 03,Under 10 lakhs,5 to 25 lakhs,"More than 40%, I live well below my means",Freedom,2026-07-06,2026-07-07,2026-07-07,,,,,,2026-10-05,2026-09-13,35,verified (address typed),cas_uploaded,in_progress,not_started,,,,no,0,2026-07-28T00:56:03+05:30,,off,,61,https://spiffler33.github.io/yeslyf-wireframes/admin_wireframes.html?run=500&screen=M03&person=P00223,false
P00224,Shalini,Murthy,9000094397,,Chennai,30 to 34,community,true,false,S2,free,,,Adviser 01,25 to 50 lakhs,25 lakhs to 1 crore,"More than 40%, I live well below my means",Security,2026-07-12,2026-07-12,,,,,,,,2026-07-15,20,not_started,,not_started,,,,,,,,,off,,62,https://spiffler33.github.io/yeslyf-wireframes/admin_wireframes.html?run=500&screen=M03&person=P00224,false
P00227,Pooja,Tandon,9000065328,,Bengaluru,25 to 29,community,true,false,S2,free,,,Adviser 04,10 to 25 lakhs,25 lakhs to 1 crore,"Around 40%, some serious money",Freedom,2026-07-07,2026-07-07,,,,,,,,2026-07-10,20,not_started,,not_started,,,,,,,,,off,,62,https://spiffler33.github.io/yeslyf-wireframes/admin_wireframes.html?run=500&screen=M03&person=P00227,false
P00228,Naveen,Varma,9000045017,naveen.varma.488@example.com,Bengaluru,25 to 29,community,true,false,S2,free,,,Adviser 05,10 to 25 lakhs,5 to 25 lakhs,"More than 40%, I live well below my means",Freedom,2026-07-11,2026-07-11,,,,,,,,2026-08-01,20,not_started,,not_started,,,,,,,,,off,,62,https://spiffler33.github.io/yeslyf-wireframes/admin_wireframes.html?run=500&screen=M03&person=P00228,false
P00230,Vignesh,Shetty,9000022040,,Hyderabad,40 to 44,community,true,false,S2,free,,,Adviser 05,50 lakhs to 1 crore,25 lakhs to 1 crore,"More than 40%, I live well below my means",Security,2026-07-07,2026-07-07,,,,,,,,2026-07-10,20,not_started,,not_started,,,,,,,,,off,,62,https://spiffler33.github.io/yeslyf-wireframes/admin_wireframes.html?run=500&screen=M03&person=P00230,false
P00231,Rajiv,Hegde,9000045230,,Hyderabad,35 to 39,corporate_session,true,false,S2,free,,,Adviser 01,25 to 50 lakhs,25 lakhs to 1 crore,"More than 40%, I live well below my means",Freedom,2026-07-08,2026-07-08,,,,,,,,2026-07-11,20,not_started,,not_started,,,,,,,,,off,,62,https://spiffler33.github.io/yeslyf-wireframes/admin_wireframes.html?run=500&screen=M03&person=P00231,false
P00233,Jay,Dave,9000096060,,Pune,30 to 34,community,true,false,S2,free,,,Adviser 02,10 to 25 lakhs,25 lakhs to 1 crore,"Around 10%, small consistent chunks",Family,2026-07-08,2026-07-09,,,,,,,,2026-07-12,20,not_started,,not_started,,,,,,,,,off,,62,https://spiffler33.github.io/yeslyf-wireframes/admin_wireframes.html?run=500&screen=M03&person=P00233,false
P00235,Kavitha,Prasad,9000014471,,Chennai,40 to 44,referral,false,false,S1,free,,,Adviser 03,50 lakhs to 1 crore,1 to 5 crores,"Around 40%, some serious money",,2026-07-09,,,,,,,,,2026-07-09,0,not_started,,not_started,,,,,,,,,off,,44,https://spiffler33.github.io/yeslyf-wireframes/admin_wireframes.html?run=500&screen=M03&person=P00235,false
P00239,Aditya,Gill,9000055686,,Noida,30 to 34,organic,true,false,S2,free,,,Adviser 04,50 lakhs to 1 crore,25 lakhs to 1 crore,"Around 40%, some serious money",Family,2026-07-10,2026-07-10,,,,,,,,2026-07-14,20,not_started,,not_started,,,,,,,,,off,,62,https://spiffler33.github.io/yeslyf-wireframes/admin_wireframes.html?run=500&screen=M03&person=P00239,false
P00240,Tejas,Thakkar,9000092942,,Pune,30 to 34,organic,true,false,S2,free,,,Adviser 05,10 to 25 lakhs,5 to 25 lakhs,"Around 25%, meaningful amounts",Freedom,2026-07-14,2026-07-15,,,,,,,,2026-07-18,20,not_started,,not_started,,,,,,,,,off,,62,https://spiffler33.github.io/yeslyf-wireframes/admin_wireframes.html?run=500&screen=M03&person=P00240,false
P00241,Kinjal,Chitale,9000001472,,Mumbai,25 to 29,community,true,false,S2,free,,,Adviser 06,10 to 25 lakhs,5 to 25 lakhs,"Around 40%, some serious money",Freedom,2026-07-11,2026-07-11,,,,,,,,2026-07-14,20,not_started,,not_started,,,,,,,,,off,,62,https://spiffler33.github.io/yeslyf-wireframes/admin_wireframes.html?run=500&screen=M03&person=P00241,false
P00242,Venkat,Iyer,9000047337,,Bengaluru,40 to 44,community,true,false,S2,free,,,Adviser 02,50 lakhs to 1 crore,1 to 5 crores,"More than 40%, I live well below my means",Legacy,2026-07-12,2026-07-12,,,,,,,,2026-07-15,20,not_started,,not_started,,,,,,,,,off,,62,https://spiffler33.github.io/yeslyf-wireframes/admin_wireframes.html?run=500&screen=M03&person=P00242,false
P00243,Ganesh,Shetty,9000028313,ganesh.shetty.608@example.com,Bengaluru,25 to 29,community,true,false,S9,diy,diy,active,Adviser 04,10 to 25 lakhs,25 lakhs to 1 crore,"More than 40%, I live well below my means",Freedom,2026-07-12,2026-07-12,2026-07-12,2026-07-16,2026-07-16,2026-07-25,,2026-10-14,2026-10-10,2026-09-21,100,verified,not_connected,read,executing,1,7,,yes,0,2026-08-18T23:14:10+05:30,,off,,100,https://spiffler33.github.io/yeslyf-wireframes/admin_wireframes.html?run=500&screen=M03&person=P00243,false
P00244,Aditya,Chauhan,9000081235,aditya.chauhan.436@example.com,Gurugram,35 to 39,community,true,false,S1,free,,,Adviser 03,,,,,2026-07-12,,,,,,,,,2026-07-13,0,not_started,,not_started,,,,,,,,,off,,19,https://spiffler33.github.io/yeslyf-wireframes/admin_wireframes.html?run=500&screen=M03&person=P00244,false
P00247,Amruta,Jadhav,9000059694,,Pune,30 to 34,organic,true,false,S1,free,,,Adviser 06,,,,,2026-07-16,,,,,,,,,2026-07-17,0,not_started,,not_started,,,,,,,,,off,,19,https://spiffler33.github.io/yeslyf-wireframes/admin_wireframes.html?run=500&screen=M03&person=P00247,false
P00248,Anjali,Srivastava,9000049192,,Gurugram,25 to 29,community,true,false,S1,free,,,Adviser 05,10 to 25 lakhs,5 to 25 lakhs,"More than 40%, I live well below my means",,2026-07-18,,,,,,,,,2026-07-20,0,not_started,,not_started,,,,,,,,,off,,44,https://spiffler33.github.io/yeslyf-wireframes/admin_wireframes.html?run=500&screen=M03&person=P00248,false
P00257,Pranali,Jain,9000022672,pranali.jain.620@example.com,Mumbai,30 to 34,community,true,false,S13,diwm,diwm,lapsed,Adviser 01,10 to 25 lakhs,5 to 25 lakhs,"More than 40%, I live well below my means",Security,2026-07-18,2026-07-18,2026-07-20,,,,,,,2026-09-09,44,verified,connected,in_progress,not_started,,,2026-10-18,no,0,2026-07-29T20:07:21+05:30,,off,,56,https://spiffler33.github.io/yeslyf-wireframes/admin_wireframes.html?run=500&screen=M03&person=P00257,false
P00264,Aditya,Sethi,9000004249,,Delhi,25 to 29,corporate_session,true,false,S2,free,,,Adviser 01,10 to 25 lakhs,25 lakhs to 1 crore,"More than 40%, I live well below my means",Freedom,2026-07-19,2026-07-19,,,,,,,,2026-07-22,20,not_started,,not_started,,,,,,,,,off,,62,https://spiffler33.github.io/yeslyf-wireframes/admin_wireframes.html?run=500&screen=M03&person=P00264,false
P00265,Aman,Singh,9000012591,,Gurugram,30 to 34,community,true,false,S2,free,,,Adviser 04,25 to 50 lakhs,5 to 25 lakhs,"More than 40%, I live well below my means",Legacy,2026-07-18,2026-07-19,,,,,,,,2026-07-22,20,not_started,,not_started,,,,,,,,,off,,62,https://spiffler33.github.io/yeslyf-wireframes/admin_wireframes.html?run=500&screen=M03&person=P00265,false
P00268,Ishani,Das,9000021159,ishani.das.586@example.com,Pune,30 to 34,corporate_session,false,false,S2c,free,,,Adviser 03,10 to 25 lakhs,25 lakhs to 1 crore,"More than 40%, I live well below my means",Freedom,2026-07-18,2026-07-18,,,,,,,,2026-08-08,20,verified,,not_started,,,,,,,,,off,,94,https://spiffler33.github.io/yeslyf-wireframes/admin_wireframes.html?run=500&screen=M03&person=P00268,false
P00269,Parth,Kulkarni,9000018420,,Pune,30 to 34,community,true,false,S2,free,,,Adviser 02,Under 10 lakhs,5 to 25 lakhs,"More than 40%, I live well below my means",Freedom,2026-07-18,2026-07-18,,,,,,,,2026-07-21,20,not_started,,not_started,,,,,,,,,off,,62,https://spiffler33.github.io/yeslyf-wireframes/admin_wireframes.html?run=500&screen=M03&person=P00269,false
P00271,Mansi,Vora,9000017199,mansi.vora.522@example.com,Ahmedabad,30 to 34,web_reveal,true,false,S2,free,,,Adviser 06,10 to 25 lakhs,5 to 25 lakhs,"Around 25%, meaningful amounts",Security,2026-07-19,2026-07-19,,,,,,,,2026-08-09,20,not_started,,not_started,,,,,,,,,off,,62,https://spiffler33.github.io/yeslyf-wireframes/admin_wireframes.html?run=500&screen=M03&person=P00271,false
P00273,Sai,Iyengar,9000028618,,Hyderabad,30 to 34,referral,false,false,S2,free,,,Adviser 02,10 to 25 lakhs,5 to 25 lakhs,"More than 40%, I live well below my means",Legacy,2026-07-19,2026-07-20,,,,,,,,2026-07-21,20,not_started,,not_started,,,,,,,,,off,,62,https://spiffler33.github.io/yeslyf-wireframes/admin_wireframes.html?run=500&screen=M03&person=P00273,false
P00274,Swathi,Iyengar,9000063529,,Coimbatore,30 to 34,corporate_session,true,false,S2,free,,,Adviser 03,10 to 25 lakhs,5 to 25 lakhs,"Around 40%, some serious money",Family,2026-07-20,2026-07-20,,,,,,,,2026-07-23,20,not_started,,not_started,,,,,,,,,off,,62,https://spiffler33.github.io/yeslyf-wireframes/admin_wireframes.html?run=500&screen=M03&person=P00274,false
P00276,Gauri,Pawar,9000024952,,Ahmedabad,30 to 34,community,true,false,S2,free,,,Adviser 06,25 to 50 lakhs,25 lakhs to 1 crore,"More than 40%, I live well below my means",Generosity,2026-07-22,2026-07-23,,,,,,,,2026-07-26,20,not_started,,not_started,,,,,,,,,off,,62,https://spiffler33.github.io/yeslyf-wireframes/admin_wireframes.html?run=500&screen=M03&person=P00276,false
P00277,Foram,Patel,9000013533,,Pune,30 to 34,corporate_session,true,false,S2,free,,,Adviser 05,10 to 25 lakhs,5 to 25 lakhs,"Around 40%, some serious money",Freedom,2026-07-21,2026-07-21,,,,,,,,2026-07-24,20,not_started,,not_started,,,,,,,,,off,,62,https://spiffler33.github.io/yeslyf-wireframes/admin_wireframes.html?run=500&screen=M03&person=P00277,false
P00278,Debasish,Das,9000021165,,Mumbai,35 to 39,community,true,false,S2,free,,,Adviser 04,25 to 50 lakhs,25 lakhs to 1 crore,"More than 40%, I live well below my means",Freedom,2026-07-20,2026-07-21,,,,,,,,2026-07-24,20,not_started,,not_started,,,,,,,,,off,,62,https://spiffler33.github.io/yeslyf-wireframes/admin_wireframes.html?run=500&screen=M03&person=P00278,false
P00279,Mehak,Sethi,9000094111,,Gurugram,30 to 34,community,true,false,S1,free,,,Adviser 04,25 to 50 lakhs,25 lakhs to 1 crore,"Around 40%, some serious money",,2026-07-29,,,,,,,,,2026-07-30,0,not_started,,not_started,,,,,,,,,off,,50,https://spiffler33.github.io/yeslyf-wireframes/admin_wireframes.html?run=500&screen=M03&person=P00279,false
P00285,Bhavana,Gowda,9000082372,bhavana.gowda.592@example.com,Delhi,35 to 39,corporate_session,true,false,S4,diy,diy,active,Adviser 02,10 to 25 lakhs,5 to 25 lakhs,"More than 40%, I live well below my means",Security,2026-07-25,2026-07-25,2026-09-13,,,,,,2026-10-13,2026-09-21,63,verified,not_connected,in_progress,not_started,,,,no,0,2026-09-20T03:07:00+05:30,,off,,91,https://spiffler33.github.io/yeslyf-wireframes/admin_wireframes.html?run=500&screen=M03&person=P00285,false
P00286,Janani,Gowda,9000072713,,Bengaluru,35 to 39,corporate_session,true,false,S1,free,,,Adviser 01,,,,,2026-07-23,,,,,,,,,2026-07-25,0,not_started,,not_started,,,,,,,,,off,,12,https://spiffler33.github.io/yeslyf-wireframes/admin_wireframes.html?run=500&screen=M03&person=P00286,false
P00288,Parth,Naik,9000045511,parth.naik.609@example.com,Pune,40 to 44,web_reveal,true,false,S9,diy,diy,active,Adviser 04,50 lakhs to 1 crore,25 lakhs to 1 crore,"Around 40%, some serious money",Security,2026-07-26,2026-07-26,2026-07-26,2026-07-28,2026-07-28,2026-07-28,,2026-10-26,2026-10-07,2026-09-22,100,verified,cas_uploaded,read,executing,1,6,,yes,3,2026-08-21T00:07:57+05:30,,off,,100,https://spiffler33.github.io/yeslyf-wireframes/admin_wireframes.html?run=500&screen=M03&person=P00288,false
P00291,Tejas,Jadhav,9000038017,,Ahmedabad,30 to 34,community,true,false,S2,free,,,Adviser 05,10 to 25 lakhs,5 to 25 lakhs,"More than 40%, I live well below my means",Generosity,2026-07-26,2026-07-26,,,,,,,,2026-07-30,20,not_started,,not_started,,,,,,,,,off,,62,https://spiffler33.github.io/yeslyf-wireframes/admin_wireframes.html?run=500&screen=M03&person=P00291,false
P00292,Moumita,Banerjee,9000095285,,Kolkata,30 to 34,organic,false,false,S1,free,,,Adviser 01,,,,,2026-07-28,,,,,,,,,2026-07-28,0,not_started,,not_started,,,,,,,,,off,,12,https://spiffler33.github.io/yeslyf-wireframes/admin_wireframes.html?run=500&screen=M03&person=P00292,false
P00294,Gayathri,Murthy,9000068189,,Chennai,35 to 39,organic,true,false,S1,free,,,Adviser 06,10 to 25 lakhs,5 to 25 lakhs,"Around 25%, meaningful amounts",,2026-07-28,,,,,,,,,2026-07-29,0,not_started,,not_started,,,,,,,,,off,,44,https://spiffler33.github.io/yeslyf-wireframes/admin_wireframes.html?run=500&screen=M03&person=P00294,false
P00296,Chaitanya,Nair,9000013765,chaitanya.nair.643@example.com,Bengaluru,25 to 29,organic,true,false,S25,diy,diy,active,Adviser 03,10 to 25 lakhs,5 to 25 lakhs,"Around 40%, some serious money",Generosity,2026-07-26,2026-07-26,2026-07-26,2026-08-02,2026-08-02,2026-08-02,,2026-10-31,2026-10-24,2026-09-21,100,verified,connected,read,executing,2,5,2026-10-24,yes,1,2026-08-06T16:56:51+05:30,,off,,100,https://spiffler33.github.io/yeslyf-wireframes/admin_wireframes.html?run=500&screen=M03&person=P00296,true
P00298,Amruta,Kulkarni,9000025571,,Mumbai,25 to 29,corporate_session,true,false,S1,free,,,Adviser 02,,,,,2026-07-30,,,,,,,,,2026-08-01,0,not_started,,not_started,,,,,,,,,off,,25,https://spiffler33.github.io/yeslyf-wireframes/admin_wireframes.html?run=500&screen=M03&person=P00298,false
P00299,Indrani,Mitra,9000037614,,Kolkata,25 to 29,corporate_session,true,false,S2,free,,,Adviser 02,10 to 25 lakhs,5 to 25 lakhs,"Around 40%, some serious money",Generosity,2026-07-29,2026-07-29,,,,,,,,2026-08-01,20,not_started,,not_started,,,,,,,,,off,,62,https://spiffler33.github.io/yeslyf-wireframes/admin_wireframes.html?run=500&screen=M03&person=P00299,false
P00304,Bhavana,Nair,9000042361,bhavana.nair.390@example.com,Hyderabad,35 to 39,web_reveal,false,false,S1,free,,,Adviser 05,50 lakhs to 1 crore,,,,2026-07-29,,,,,,,,,2026-07-29,0,not_started,,not_started,,,,,,,,,off,,31,https://spiffler33.github.io/yeslyf-wireframes/admin_wireframes.html?run=500&screen=M03&person=P00304,false
P00307,Nitin,Singh,9000062132,,Noida,35 to 39,community,true,false,S2,free,,,Adviser 01,25 to 50 lakhs,25 lakhs to 1 crore,"More than 40%, I live well below my means",Family,2026-08-07,2026-08-07,,,,,,,,2026-08-10,20,not_started,,not_started,,,,,,,,,off,,62,https://spiffler33.github.io/yeslyf-wireframes/admin_wireframes.html?run=500&screen=M03&person=P00307,false
P00309,Payal,Saxena,9000090260,payal.saxena.426@example.com,Chandigarh,30 to 34,web_reveal,true,false,S1,free,,,Adviser 03,10 to 25 lakhs,,,,2026-08-03,,,,,,,,,2026-08-04,0,not_started,,not_started,,,,,,,,,off,,31,https://spiffler33.github.io/yeslyf-wireframes/admin_wireframes.html?run=500&screen=M03&person=P00309,false
P00311,Jigar,Shah,9000083981,jigar.shah.578@example.com,Pune,30 to 34,organic,true,false,S2b,free,,,Adviser 01,10 to 25 lakhs,25 lakhs to 1 crore,"More than 40%, I live well below my means",Family,2026-07-29,2026-07-31,,,,,,,,2026-08-21,20,verified,,not_started,,,,,,,,,off,,88,https://spiffler33.github.io/yeslyf-wireframes/admin_wireframes.html?run=500&screen=M03&person=P00311,false
P00313,Sahil,Chopra,9000057637,,Gurugram,30 to 34,community,true,false,S2,free,,,Adviser 03,25 to 50 lakhs,5 to 25 lakhs,"More than 40%, I live well below my means",Security,2026-07-29,2026-07-29,,,,,,,,2026-08-01,20,not_started,,not_started,,,,,,,,,off,,62,https://spiffler33.github.io/yeslyf-wireframes/admin_wireframes.html?run=500&screen=M03&person=P00313,false
P00315,Kavitha,Rao,9000029693,kavitha.rao.644@example.com,Hyderabad,35 to 39,community,true,false,S9,diy,diy,active,Adviser 03,25 to 50 lakhs,25 lakhs to 1 crore,"Around 40%, some serious money",Legacy,2026-07-31,2026-07-31,2026-08-07,2026-08-21,2026-08-21,2026-08-21,,2026-11-19,2026-11-05,2026-09-22,100,verified,connected,read,executing,1,3,2026-11-05,yes,0,2026-08-15T18:26:09+05:30,,off,,98,https://spiffler33.github.io/yeslyf-wireframes/admin_wireframes.html?run=500&screen=M03&person=P00315,false
P00316,Bhavin,Apte,9000087039,,Mumbai,25 to 29,community,true,true,S1,free,,,Adviser 06,25 to 50 lakhs,25 lakhs to 1 crore,"More than 40%, I live well below my means",,2026-07-29,,,,,,,,,2026-07-29,0,not_started,,not_started,,,,,,,,,off,,50,https://spiffler33.github.io/yeslyf-wireframes/admin_wireframes.html?run=500&screen=M03&person=P00316,false
P00317,Sanjana,Pandey,9000041292,sanjana.pandey.602@example.com,Delhi,30 to 34,community,true,false,S8,diwm,diwm,active,Adviser 05,10 to 25 lakhs,25 lakhs to 1 crore,"More than 40%, I live well below my means",Freedom,2026-08-01,2026-08-01,2026-08-08,2026-08-31,2026-08-31,2026-09-04,,2026-11-29,2026-11-06,2026-09-19,100,verified,cas_uploaded,read,ready,0,4,,yes,1,2026-09-15T05:00:19+05:30,,off,,98,https://spiffler33.github.io/yeslyf-wireframes/admin_wireframes.html?run=500&screen=M03&person=P00317,false
P00318,Aparna,Pai,9000058965,aparna.pai.629@example.com,Bengaluru,30 to 34,community,true,false,S18,diy,diy,active,Adviser 04,Under 10 lakhs,5 to 25 lakhs,"Around 25%, meaningful amounts",Security,2026-07-31,2026-07-31,2026-08-04,,2026-08-16,2026-08-17,2026-08-06,2026-11-14,2026-11-02,2026-09-22,100,verified,connected,read,executing,1,3,2026-11-02,yes,1,2026-09-20T11:41:42+05:30,manual,off,Adviser 06,100,https://spiffler33.github.io/yeslyf-wireframes/admin_wireframes.html?run=500&screen=M03&person=P00318,true
P00320,Sagar,Kulkarni,9000053485,sagar.kulkarni.539@example.com,Pune,30 to 34,community,true,false,S2,free,,,Adviser 02,10 to 25 lakhs,5 to 25 lakhs,"Around 40%, some serious money",Legacy,2026-08-02,2026-08-03,,,,,,,,2026-08-24,20,not_started,,not_started,,,,,,,,,off,,62,https://spiffler33.github.io/yeslyf-wireframes/admin_wireframes.html?run=500&screen=M03&person=P00320,false
P00322,Vishnu,Shetty,9000026980,vishnu.shetty.532@example.com,Bengaluru,30 to 34,community,true,false,S2,free,,,Adviser 06,50 lakhs to 1 crore,25 lakhs to 1 crore,"Around 25%, meaningful amounts",Security,2026-08-01,2026-08-02,,,,,,,,2026-08-23,20,not_started,,not_started,,,,,,,,,off,,62,https://spiffler33.github.io/yeslyf-wireframes/admin_wireframes.html?run=500&screen=M03&person=P00322,false
P00323,Keerthana,Murthy,9000083475,,Bengaluru,25 to 29,corporate_session,false,false,S2,free,,,Adviser 01,10 to 25 lakhs,5 to 25 lakhs,"Around 40%, some serious money",Legacy,2026-08-02,2026-08-03,,,,,,,,2026-08-04,20,not_started,,not_started,,,,,,,,,off,,62,https://spiffler33.github.io/yeslyf-wireframes/admin_wireframes.html?run=500&screen=M03&person=P00323,false
P00325,Poulami,Sahoo,9000047708,poulami.sahoo.598@example.com,Kolkata,25 to 29,corporate_session,true,false,S6,diy,diy,active,Adviser 04,10 to 25 lakhs,5 to 25 lakhs,"More than 40%, I live well below my means",Legacy,2026-08-03,2026-08-04,2026-08-05,2026-08-25,2026-08-25,,,2026-11-23,2026-11-03,2026-09-16,100,verified,partial,built,ready,0,4,2026-11-03,yes,0,2026-08-25T09:16:44+05:30,,off,,100,https://spiffler33.github.io/yeslyf-wireframes/admin_wireframes.html?run=500&screen=M03&person=P00325,false
P00326,Amruta,Jadhav,9000075637,,Mumbai,30 to 34,referral,false,false,S2,free,,,Adviser 05,25 to 50 lakhs,25 lakhs to 1 crore,"More than 40%, I live well below my means",Freedom,2026-08-04,2026-08-04,,,,,,,,2026-08-05,20,not_started,,not_started,,,,,,,,,off,,62,https://spiffler33.github.io/yeslyf-wireframes/admin_wireframes.html?run=500&screen=M03&person=P00326,false
P00327,Ishaan,Kapoor,9000021504,,Gurugram,30 to 34,community,true,false,S1,free,,,Adviser 03,,,,,2026-08-05,,,,,,,,,2026-08-07,0,not_started,,not_started,,,,,,,,,off,,19,https://spiffler33.github.io/yeslyf-wireframes/admin_wireframes.html?run=500&screen=M03&person=P00327,false
P00328,Vishnu,Kamath,9000009955,,Chennai,35 to 39,organic,false,true,S1,free,,,Adviser 06,10 to 25 lakhs,,,,2026-08-04,,,,,,,,,2026-08-04,0,not_started,,not_started,,,,,,,,,off,,31,https://spiffler33.github.io/yeslyf-wireframes/admin_wireframes.html?run=500&screen=M03&person=P00328,false
P00330,Ganesh,Nair,9000028398,ganesh.nair.452@example.com,Hyderabad,25 to 29,web_reveal,true,false,S2,free,,,Adviser 01,25 to 50 lakhs,5 to 25 lakhs,"More than 40%, I live well below my means",Security,2026-08-05,2026-08-05,,,,,,,,2026-08-26,20,not_started,,not_started,,,,,,,,,off,,62,https://spiffler33.github.io/yeslyf-wireframes/admin_wireframes.html?run=500&screen=M03&person=P00330,false
P00332,Hetal,Pawar,9000004749,hetal.pawar.631@example.com,Mumbai,25 to 29,community,true,false,S19,diwm,diwm,active,Adviser 04,25 to 50 lakhs,25 lakhs to 1 crore,"More than 40%, I live well below my means",Generosity,2026-08-05,2026-08-07,2026-08-08,,,,,,2026-11-06,2026-09-12,53,verified,cas_uploaded,in_progress,not_started,,,,no,0,2026-09-12T20:45:52+05:30,,off,,78,https://spiffler33.github.io/yeslyf-wireframes/admin_wireframes.html?run=500&screen=M03&person=P00332,false
P00334,Meera,Srivastava,9000068173,meera.srivastava.505@example.com,Gurugram,30 to 34,web_reveal,true,false,S2,free,,,Adviser 03,25 to 50 lakhs,25 lakhs to 1 crore,"More than 40%, I live well below my means",Family,2026-08-07,2026-08-07,,,,,,,,2026-08-29,20,not_started,,not_started,,,,,,,,,off,,62,https://spiffler33.github.io/yeslyf-wireframes/admin_wireframes.html?run=500&screen=M03&person=P00334,false
P00335,Tanvi,Kohli,9000000394,tanvi.kohli.370@example.com,Noida,35 to 39,community,true,false,S1,free,,,Adviser 01,,,,,2026-08-15,,,,,,,,,2026-08-16,0,not_started,,not_started,,,,,,,,,off,,19,https://spiffler33.github.io/yeslyf-wireframes/admin_wireframes.html?run=500&screen=M03&person=P00335,false
P00337,Madhura,Gokhale,9000022106,,Pune,30 to 34,corporate_session,true,false,S2,free,,,Adviser 02,10 to 25 lakhs,5 to 25 lakhs,"Around 25%, meaningful amounts",Security,2026-08-05,2026-08-05,,,,,,,,2026-08-09,20,not_started,,not_started,,,,,,,,,off,,62,https://spiffler33.github.io/yeslyf-wireframes/admin_wireframes.html?run=500&screen=M03&person=P00337,false
P00338,Gayathri,Krishnan,9000018236,,Hyderabad,40 to 44,corporate_session,true,false,S1,free,,,Adviser 04,50 lakhs to 1 crore,,,,2026-08-12,,,,,,,,,2026-08-13,0,not_started,,not_started,,,,,,,,,off,,31,https://spiffler33.github.io/yeslyf-wireframes/admin_wireframes.html?run=500&screen=M03&person=P00338,false
P00340,Divya,Arora,9000035756,divya.arora.600@example.com,Gurugram,25 to 29,organic,true,false,S7,diwm,diwm,active,Adviser 02,25 to 50 lakhs,5 to 25 lakhs,"More than 40%, I live well below my means",Generosity,2026-08-07,2026-08-07,2026-09-07,,,,,,2026-10-07,2026-09-22,95,verified,failed,in_progress,not_started,,,,yes,0,2026-09-16T08:07:06+05:30,,off,,100,https://spiffler33.github.io/yeslyf-wireframes/admin_wireframes.html?run=500&screen=M03&person=P00340,false
P00341,Srinivas,Shetty,9000024073,srinivas.shetty.579@example.com,Bengaluru,25 to 29,corporate_session,true,false,S2b,free,,,Adviser 06,10 to 25 lakhs,Under 5 lakhs,"Around 40%, some serious money",Security,2026-08-07,2026-08-07,,,,,,,,2026-08-29,20,verified,,not_started,,,,,,,,,off,,88,https://spiffler33.github.io/yeslyf-wireframes/admin_wireframes.html?run=500&screen=M03&person=P00341,false
P00342,Gauri,Patil,9000053830,,Mumbai,35 to 39,referral,true,false,S1,free,,,Adviser 05,,,,,2026-08-06,,,,,,,,,2026-08-07,0,not_started,,not_started,,,,,,,,,off,,19,https://spiffler33.github.io/yeslyf-wireframes/admin_wireframes.html?run=500&screen=M03&person=P00342,false
P00343,Meenakshi,Natarajan,9000003180,,Bengaluru,40 to 44,community,true,false,S1,free,,,Adviser 04,50 lakhs to 1 crore,,,,2026-08-08,,,,,,,,,2026-08-09,0,not_started,,not_started,,,,,,,,,off,,31,https://spiffler33.github.io/yeslyf-wireframes/admin_wireframes.html?run=500&screen=M03&person=P00343,false
P00344,Rajiv,Subramanian,9000007753,,Bengaluru,under 25,corporate_session,true,false,S2,free,,,Adviser 05,10 to 25 lakhs,5 to 25 lakhs,"Around 40%, some serious money",Legacy,2026-08-08,2026-08-08,,,,,,,,2026-08-11,20,not_started,,not_started,,,,,,,,,off,,62,https://spiffler33.github.io/yeslyf-wireframes/admin_wireframes.html?run=500&screen=M03&person=P00344,false
P00345,Heena,Trivedi,9000028868,heena.trivedi.442@example.com,Surat,30 to 34,community,true,false,S2,free,,,Adviser 06,25 to 50 lakhs,1 to 5 crores,"More than 40%, I live well below my means",Security,2026-08-08,2026-08-09,,,,,,,,2026-08-30,20,not_started,,not_started,,,,,,,,,off,,62,https://spiffler33.github.io/yeslyf-wireframes/admin_wireframes.html?run=500&screen=M03&person=P00345,false
P00347,Manish,Singh,9000077845,,Jaipur,30 to 34,corporate_session,true,false,S2,free,,,Adviser 01,25 to 50 lakhs,25 lakhs to 1 crore,"More than 40%, I live well below my means",Legacy,2026-08-09,2026-08-09,,,,,,,,2026-08-12,20,not_started,,not_started,,,,,,,,,off,,62,https://spiffler33.github.io/yeslyf-wireframes/admin_wireframes.html?run=500&screen=M03&person=P00347,false
P00350,Ayesha,Gupta,9000043716,,Delhi,35 to 39,corporate_session,false,false,S14,difm,,adviser relationship,Harish,,,,,2026-08-11,,,,,,,2026-11-09,,2026-09-12,67,"verified (assisted onboarding, M12)",not_connected,not applicable (adviser relationship),,,,,,0,2026-08-21T16:03:48+05:30,,off,,79,https://spiffler33.github.io/yeslyf-wireframes/admin_wireframes.html?run=500&screen=M03&person=P00350,false
P00352,Chaitanya,Pillai,9000007721,chaitanya.pillai.441@example.com,Visakhapatnam,30 to 34,web_reveal,true,false,S2,free,,,Adviser 05,10 to 25 lakhs,25 lakhs to 1 crore,"Around 25%, meaningful amounts",Security,2026-08-12,2026-08-13,,,,,,,,2026-09-03,20,not_started,,not_started,,,,,,,,,off,,62,https://spiffler33.github.io/yeslyf-wireframes/admin_wireframes.html?run=500&screen=M03&person=P00352,false
P00354,Prasanna,Chandran,9000053339,,Bengaluru,30 to 34,corporate_session,true,false,S2,free,,,Adviser 06,10 to 25 lakhs,5 to 25 lakhs,"Around 25%, meaningful amounts",Security,2026-08-13,2026-08-13,,,,,,,,2026-08-17,20,not_started,,not_started,,,,,,,,,off,,62,https://spiffler33.github.io/yeslyf-wireframes/admin_wireframes.html?run=500&screen=M03&person=P00354,false
P00355,Ritika,Kapoor,9000099428,ritika.kapoor.453@example.com,Delhi,40 to 44,web_reveal,true,true,S2,free,,,Adviser 06,50 lakhs to 1 crore,25 lakhs to 1 crore,"More than 40%, I live well below my means",Legacy,2026-08-15,2026-08-15,,,,,,,,2026-09-05,20,not_started,,not_started,,,,,,,,,off,,62,https://spiffler33.github.io/yeslyf-wireframes/admin_wireframes.html?run=500&screen=M03&person=P00355,false
P00357,Devika,Thakkar,9000076335,,Ahmedabad,35 to 39,organic,true,false,S2,free,,,Adviser 02,10 to 25 lakhs,5 to 25 lakhs,"Around 40%, some serious money",Generosity,2026-08-10,2026-08-11,,,,,,,,2026-08-14,20,not_started,,not_started,,,,,,,,,off,,62,https://spiffler33.github.io/yeslyf-wireframes/admin_wireframes.html?run=500&screen=M03&person=P00357,false
P00359,Shruti,Shah,9000077925,shruti.shah.417@example.com,Pune,25 to 29,community,false,false,S1,free,,,Adviser 05,10 to 25 lakhs,5 to 25 lakhs,"Around 25%, meaningful amounts",,2026-08-14,,,,,,,,,2026-08-14,0,not_started,,not_started,,,,,,,,,off,,50,https://spiffler33.github.io/yeslyf-wireframes/admin_wireframes.html?run=500&screen=M03&person=P00359,false
P00360,Chinmay,Jadhav,9000083185,,Mumbai,30 to 34,corporate_session,false,false,S1,free,,,Adviser 04,,,,,2026-08-20,,,,,,,,,2026-08-20,0,not_started,,not_started,,,,,,,,,off,,12,https://spiffler33.github.io/yeslyf-wireframes/admin_wireframes.html?run=500&screen=M03&person=P00360,false
P00361,Suresh,Subramanian,9000015325,suresh.subramanian.597@example.com,Bengaluru,25 to 29,referral,true,false,S6,diwm,diwm,active,Adviser 03,25 to 50 lakhs,25 lakhs to 1 crore,"Around 40%, some serious money",Security,2026-08-11,2026-08-11,2026-08-11,2026-08-20,2026-08-20,,2026-08-18,2026-11-18,2026-11-09,2026-09-18,100,verified,not_connected,built,ready,0,4,,yes,0,2026-08-17T14:30:40+05:30,,off,Adviser 06,97,https://spiffler33.github.io/yeslyf-wireframes/admin_wireframes.html?run=500&screen=M03&person=P00361,false
P00363,Heena,Trivedi,9000046500,heena.trivedi.621@example.com,Mumbai,35 to 39,community,true,false,S2c,free,,,Adviser 02,50 lakhs to 1 crore,1 to 5 crores,"More than 40%, I live well below my means",Family,2026-08-13,2026-08-13,,,,,,,,2026-09-04,20,verified,,not_started,,,,,,,,,off,,94,https://spiffler33.github.io/yeslyf-wireframes/admin_wireframes.html?run=500&screen=M03&person=P00363,false
P00364,Simran,Gupta,9000041086,simran.gupta.589@example.com,Pune,25 to 29,community,true,false,S3,diwm,diwm,active,Adviser 01,10 to 25 lakhs,5 to 25 lakhs,"More than 40%, I live well below my means",Legacy,2026-08-13,2026-08-13,2026-09-20,,,,,,2026-12-19,2026-09-22,20,verified,cas_uploaded,not_started,not_started,,,,no,0,,,off,,46,https://spiffler33.github.io/yeslyf-wireframes/admin_wireframes.html?run=500&screen=M03&person=P00364,false
P00365,Pooja,Verma,9000007237,,Gurugram,25 to 29,community,true,true,S2,free,,,Adviser 02,10 to 25 lakhs,Under 5 lakhs,"Around 40%, some serious money",Freedom,2026-08-19,2026-08-19,,,,,,,,2026-08-20,20,not_started,,not_started,,,,,,,,,off,,62,https://spiffler33.github.io/yeslyf-wireframes/admin_wireframes.html?run=500&screen=M03&person=P00365,false
P00368,Shalini,Hegde,9000051993,,Coimbatore,30 to 34,organic,true,false,S2,free,,,Adviser 03,10 to 25 lakhs,25 lakhs to 1 crore,"Around 40%, some serious money",Generosity,2026-08-13,2026-08-14,,,,,,,,2026-08-17,20,not_started,,not_started,,,,,,,,,off,,62,https://spiffler33.github.io/yeslyf-wireframes/admin_wireframes.html?run=500&screen=M03&person=P00368,false
P00369,Karthik,Kumar,9000056748,,Chennai,30 to 34,community,true,false,S2,free,,,Adviser 06,25 to 50 lakhs,5 to 25 lakhs,"More than 40%, I live well below my means",Security,2026-08-18,2026-08-18,,,,,,,,2026-08-21,20,not_started,,not_started,,,,,,,,,off,,62,https://spiffler33.github.io/yeslyf-wireframes/admin_wireframes.html?run=500&screen=M03&person=P00369,false
P00374,Keerthana,Gowda,9000051352,,Bengaluru,25 to 29,community,true,false,S2,free,,,Adviser 04,10 to 25 lakhs,Under 5 lakhs,"More than 40%, I live well below my means",Security,2026-08-14,2026-08-14,,,,,,,,2026-08-17,20,not_started,,not_started,,,,,,,,,off,,62,https://spiffler33.github.io/yeslyf-wireframes/admin_wireframes.html?run=500&screen=M03&person=P00374,false
P00376,Yash,Gill,9000095955,,Gurugram,35 to 39,corporate_session,true,false,S2,free,,,Adviser 02,10 to 25 lakhs,25 lakhs to 1 crore,"More than 40%, I live well below my means",Security,2026-08-16,2026-08-17,,,,,,,,2026-08-20,20,not_started,,not_started,,,,,,,,,off,,62,https://spiffler33.github.io/yeslyf-wireframes/admin_wireframes.html?run=500&screen=M03&person=P00376,false
P00377,Heena,Bhosale,9000028641,heena.bhosale.590@example.com,Pune,30 to 34,corporate_session,false,false,S4,diy,diy,active,Adviser 04,10 to 25 lakhs,25 lakhs to 1 crore,"More than 40%, I live well below my means",Family,2026-08-25,2026-08-25,2026-09-15,,,,,,2026-10-15,2026-09-19,29,verified,failed,in_progress,not_started,,,,no,0,2026-09-17T17:19:30+05:30,,off,,51,https://spiffler33.github.io/yeslyf-wireframes/admin_wireframes.html?run=500&screen=M03&person=P00377,false
P00378,Devika,Kulkarni,9000091172,,Gurugram,35 to 39,community,false,false,S2,free,,,Adviser 03,25 to 50 lakhs,25 lakhs to 1 crore,"More than 40%, I live well below my means",Security,2026-08-17,2026-08-17,,,,,,,,2026-08-18,20,not_started,,not_started,,,,,,,,,off,,62,https://spiffler33.github.io/yeslyf-wireframes/admin_wireframes.html?run=500&screen=M03&person=P00378,false
P00379,Nishant,Patil,9000052494,,Ahmedabad,30 to 34,corporate_session,true,false,S2,free,,,Adviser 05,10 to 25 lakhs,25 lakhs to 1 crore,"Around 25%, meaningful amounts",Generosity,2026-08-18,2026-08-18,,,,,,,,2026-08-21,20,not_started,,not_started,,,,,,,,,off,,62,https://spiffler33.github.io/yeslyf-wireframes/admin_wireframes.html?run=500&screen=M03&person=P00379,false
P00381,Sneha,Bhosale,9000047600,,Pune,30 to 34,corporate_session,true,false,S2,free,,,Adviser 01,10 to 25 lakhs,5 to 25 lakhs,"More than 40%, I live well below my means",Legacy,2026-08-27,2026-08-27,,,,,,,,2026-08-30,20,not_started,,not_started,,,,,,,,,off,,62,https://spiffler33.github.io/yeslyf-wireframes/admin_wireframes.html?run=500&screen=M03&person=P00381,false
P00382,Suresh,Nair,9000050296,,Bengaluru,30 to 34,organic,true,false,S2,free,,,Adviser 01,10 to 25 lakhs,5 to 25 lakhs,"More than 40%, I live well below my means",Freedom,2026-08-19,2026-08-19,,,,,,,,2026-08-23,20,not_started,,not_started,,,,,,,,,off,,62,https://spiffler33.github.io/yeslyf-wireframes/admin_wireframes.html?run=500&screen=M03&person=P00382,false
P00383,Meera,Bhatia,9000060373,,Gurugram,35 to 39,community,true,false,S1,free,,,Adviser 04,,,,,2026-08-18,,,,,,,,,2026-08-19,0,not_started,,not_started,,,,,,,,,off,,25,https://spiffler33.github.io/yeslyf-wireframes/admin_wireframes.html?run=500&screen=M03&person=P00383,false
P00386,Saloni,Desai,9000027950,,Mumbai,25 to 29,community,true,false,S1,free,,,Adviser 03,25 to 50 lakhs,25 lakhs to 1 crore,"More than 40%, I live well below my means",,2026-08-19,,,,,,,,,2026-08-20,0,not_started,,not_started,,,,,,,,,off,,50,https://spiffler33.github.io/yeslyf-wireframes/admin_wireframes.html?run=500&screen=M03&person=P00386,false
P00394,Anjali,Chauhan,9000030807,,Gurugram,30 to 34,referral,false,false,S2,free,,,Adviser 06,50 lakhs to 1 crore,25 lakhs to 1 crore,"Around 40%, some serious money",Freedom,2026-08-20,2026-08-20,,,,,,,,2026-08-21,20,not_started,,not_started,,,,,,,,,off,,62,https://spiffler33.github.io/yeslyf-wireframes/admin_wireframes.html?run=500&screen=M03&person=P00394,false
P00397,Madhav,Nair,9000030531,madhav.nair.641@example.com,Gurugram,30 to 34,community,true,false,S24,diy,diy,cancelled,Adviser 01,25 to 50 lakhs,25 lakhs to 1 crore,"More than 40%, I live well below my means",Family,2026-08-20,2026-08-20,2026-09-11,2026-09-18,2026-09-18,,,2026-12-17,,2026-09-21,100,verified,not_connected,built,ready,0,6,,yes,0,2026-09-18T19:11:27+05:30,,off,,100,https://spiffler33.github.io/yeslyf-wireframes/admin_wireframes.html?run=500&screen=M03&person=P00397,true
P00398,Manish,Chopra,9000012551,,Gurugram,30 to 34,organic,false,false,S2,free,,,Adviser 05,50 lakhs to 1 crore,25 lakhs to 1 crore,"More than 40%, I live well below my means",Family,2026-08-20,2026-08-21,,,,,,,,2026-08-22,20,not_started,,not_started,,,,,,,,,off,,62,https://spiffler33.github.io/yeslyf-wireframes/admin_wireframes.html?run=500&screen=M03&person=P00398,false
P00400,Mehak,Gill,9000073764,mehak.gill.415@example.com,Hyderabad,40 to 44,web_reveal,true,false,S1,free,,,Adviser 03,,,,,2026-08-27,,,,,,,,,2026-08-29,0,not_started,,not_started,,,,,,,,,off,,19,https://spiffler33.github.io/yeslyf-wireframes/admin_wireframes.html?run=500&screen=M03&person=P00400,false
P00401,Sanjana,Sethi,9000048655,,Delhi,35 to 39,organic,false,false,S2,free,,,Adviser 02,50 lakhs to 1 crore,1 to 5 crores,"More than 40%, I live well below my means",Legacy,2026-08-21,2026-08-21,,,,,,,,2026-08-22,20,not_started,,not_started,,,,,,,,,off,,62,https://spiffler33.github.io/yeslyf-wireframes/admin_wireframes.html?run=500&screen=M03&person=P00401,false
P00403,Ramya,Murthy,9000046200,,Bengaluru,25 to 29,community,true,false,S2,free,,,Adviser 05,Under 10 lakhs,Under 5 lakhs,"Around 40%, some serious money",Freedom,2026-08-25,2026-08-26,,,,,,,,2026-08-29,20,not_started,,not_started,,,,,,,,,off,,62,https://spiffler33.github.io/yeslyf-wireframes/admin_wireframes.html?run=500&screen=M03&person=P00403,false
P00404,Deepak,Pandey,9000057695,,Delhi,35 to 39,community,true,false,S2,free,,,Adviser 03,25 to 50 lakhs,1 to 5 crores,"More than 40%, I live well below my means",Legacy,2026-08-23,2026-08-23,,,,,,,,2026-08-26,20,not_started,,not_started,,,,,,,,,off,,62,https://spiffler33.github.io/yeslyf-wireframes/admin_wireframes.html?run=500&screen=M03&person=P00404,false
P00409,Janani,Varma,9000038812,,Hyderabad,35 to 39,corporate_session,true,false,S2,free,,,Adviser 02,25 to 50 lakhs,25 lakhs to 1 crore,"Around 25%, meaningful amounts",Family,2026-08-27,2026-08-28,,,,,,,,2026-08-31,20,not_started,,not_started,,,,,,,,,off,,62,https://spiffler33.github.io/yeslyf-wireframes/admin_wireframes.html?run=500&screen=M03&person=P00409,false
P00410,Divakar,Pillai,9000004648,divakar.pillai.640@example.com,Hyderabad,35 to 39,community,true,true,S24,diwm,diwm,cancelled,Adviser 05,50 lakhs to 1 crore,1 to 5 crores,"Around 25%, meaningful amounts",Freedom,2026-08-29,2026-08-29,2026-09-19,,,,,,,2026-09-23,20,verified,not_connected,not_started,not_started,,,,no,0,,,off,,46,https://spiffler33.github.io/yeslyf-wireframes/admin_wireframes.html?run=500&screen=M03&person=P00410,false
P00411,Subhajit,Banerjee,9000011074,subhajit.banerjee.634@example.com,Bengaluru,30 to 34,community,true,false,S21,diwm,diwm,active,Adviser 06,10 to 25 lakhs,5 to 25 lakhs,"Around 25%, meaningful amounts",Freedom,2026-08-26,2026-08-26,2026-08-26,2026-09-03,2026-09-03,2026-09-03,2026-09-14,2026-12-02,2026-09-25,2026-09-22,100,verified (address typed),partial,read,ready,0,3,2026-11-26,yes,0,2026-09-03T15:34:33+05:30,,off,Adviser 06,100,https://spiffler33.github.io/yeslyf-wireframes/admin_wireframes.html?run=500&screen=M03&person=P00411,false
P00413,Divya,Mishra,9000000495,,Delhi,35 to 39,organic,true,false,S2,free,,,Adviser 04,25 to 50 lakhs,1 to 5 crores,"More than 40%, I live well below my means",Generosity,2026-08-28,2026-08-29,,,,,,,,2026-09-02,20,not_started,,not_started,,,,,,,,,off,,62,https://spiffler33.github.io/yeslyf-wireframes/admin_wireframes.html?run=500&screen=M03&person=P00413,false
P00414,Tejas,Trivedi,9000052713,tejas.trivedi.524@example.com,Mumbai,30 to 34,community,true,false,S2,free,,,Adviser 01,25 to 50 lakhs,1 to 5 crores,"More than 40%, I live well below my means",Freedom,2026-09-08,2026-09-08,,,,,,,,2026-09-15,20,not_started,,not_started,,,,,,,,,off,,62,https://spiffler33.github.io/yeslyf-wireframes/admin_wireframes.html?run=500&screen=M03&person=P00414,false
P00423,Sourav,Mitra,9000049419,sourav.mitra.577@example.com,Kolkata,30 to 34,community,true,false,S2b,free,,,Adviser 06,25 to 50 lakhs,5 to 25 lakhs,"More than 40%, I live well below my means",Security,2026-08-30,2026-08-30,,,,,,,,2026-09-20,20,verified,,not_started,,,,,,,,,off,,88,https://spiffler33.github.io/yeslyf-wireframes/admin_wireframes.html?run=500&screen=M03&person=P00423,false
P00424,Moumita,Nayak,9000005665,moumita.nayak.564@example.com,Mumbai,25 to 29,web_reveal,false,false,S2,free,,,Adviser 01,25 to 50 lakhs,5 to 25 lakhs,"More than 40%, I live well below my means",Generosity,2026-08-30,2026-08-31,,,,,,,,2026-09-21,20,not_started,,not_started,,,,,,,,,off,,62,https://spiffler33.github.io/yeslyf-wireframes/admin_wireframes.html?run=500&screen=M03&person=P00424,false
P00425,Sneha,Patel,9000069631,,Mumbai,30 to 34,community,true,true,S1,free,,,Adviser 06,,,,,2026-09-04,,,,,,,,,2026-09-04,0,not_started,,not_started,,,,,,,,,off,,19,https://spiffler33.github.io/yeslyf-wireframes/admin_wireframes.html?run=500&screen=M03&person=P00425,false
P00426,Ayesha,Kohli,9000000425,,Delhi,35 to 39,corporate_session,true,false,S1,free,,,Adviser 02,25 to 50 lakhs,1 to 5 crores,"More than 40%, I live well below my means",,2026-08-31,,,,,,,,,2026-09-02,0,not_started,,not_started,,,,,,,,,off,,44,https://spiffler33.github.io/yeslyf-wireframes/admin_wireframes.html?run=500&screen=M03&person=P00426,false
P00427,Aman,Chauhan,9000000105,,Gurugram,35 to 39,community,true,false,S2,free,,,Adviser 04,10 to 25 lakhs,1 to 5 crores,"Around 25%, meaningful amounts",Family,2026-09-03,2026-09-03,,,,,,,,2026-09-07,20,not_started,,not_started,,,,,,,,,off,,62,https://spiffler33.github.io/yeslyf-wireframes/admin_wireframes.html?run=500&screen=M03&person=P00427,false
P00428,Aravind,Shetty,9000010623,aravind.shetty.595@example.com,Hyderabad,40 to 44,community,true,false,S5,diwm,diwm,active,Adviser 02,25 to 50 lakhs,25 lakhs to 1 crore,"Around 40%, some serious money",Security,2026-09-06,2026-09-06,2026-09-09,,,,2026-09-15,,2026-10-09,2026-09-17,94,verified,partial,in_progress,not_started,,,2026-12-08,yes,0,2026-09-16T08:01:02+05:30,,off,Adviser 03,98,https://spiffler33.github.io/yeslyf-wireframes/admin_wireframes.html?run=500&screen=M03&person=P00428,false
P00429,Urvi,Patil,9000011063,urvi.patil.521@example.com,Pune,30 to 34,community,true,false,S2,free,,,Adviser 01,10 to 25 lakhs,5 to 25 lakhs,"More than 40%, I live well below my means",Generosity,2026-09-05,2026-09-06,,,,,,,,2026-09-13,20,not_started,,not_started,,,,,,,,,off,,62,https://spiffler33.github.io/yeslyf-wireframes/admin_wireframes.html?run=500&screen=M03&person=P00429,false
P00430,Pranav,Chopra,9000025350,,Noida,35 to 39,community,true,false,S2,free,,,Adviser 03,10 to 25 lakhs,1 to 5 crores,"More than 40%, I live well below my means",Family,2026-09-07,2026-09-07,,,,,,,,2026-09-10,20,not_started,,not_started,,,,,,,,,off,,62,https://spiffler33.github.io/yeslyf-wireframes/admin_wireframes.html?run=500&screen=M03&person=P00430,false
P00431,Arjun,Tiwari,9000034960,,Mumbai,25 to 29,organic,true,false,S1,free,,,Adviser 05,25 to 50 lakhs,,,,2026-09-03,,,,,,,,,2026-09-05,0,not_started,,not_started,,,,,,,,,off,,31,https://spiffler33.github.io/yeslyf-wireframes/admin_wireframes.html?run=500&screen=M03&person=P00431,false
P00432,Tarun,Tandon,9000064852,tarun.tandon.596@example.com,Delhi,45 and over,corporate_session,true,false,S5,diwm,diwm,active,Adviser 03,50 lakhs to 1 crore,1 to 5 crores,"More than 40%, I live well below my means",Freedom,2026-09-03,2026-09-03,2026-09-03,2026-09-21,,,,,2026-10-03,2026-09-21,94,verified,failed,in_progress,not_started,,,,yes,0,2026-09-21T21:53:04+05:30,rule,off,,98,https://spiffler33.github.io/yeslyf-wireframes/admin_wireframes.html?run=500&screen=M03&person=P00432,false
P00435,Anand,Iyengar,9000037151,,Chennai,30 to 34,corporate_session,true,false,S2,free,,,Adviser 06,25 to 50 lakhs,25 lakhs to 1 crore,"More than 40%, I live well below my means",Freedom,2026-09-07,2026-09-08,,,,,,,,2026-09-12,20,not_started,,not_started,,,,,,,,,off,,62,https://spiffler33.github.io/yeslyf-wireframes/admin_wireframes.html?run=500&screen=M03&person=P00435,false
P00440,Rutuja,Dave,9000043899,,Ahmedabad,30 to 34,corporate_session,false,false,S2,free,,,Adviser 05,10 to 25 lakhs,5 to 25 lakhs,"More than 40%, I live well below my means",Security,2026-09-07,2026-09-07,,,,,,,,2026-09-08,20,not_started,,not_started,,,,,,,,,off,,62,https://spiffler33.github.io/yeslyf-wireframes/admin_wireframes.html?run=500&screen=M03&person=P00440,false
P00441,Priyanka,Chatterjee,9000003996,priyanka.chatterjee.594@example.com,Kolkata,35 to 39,organic,true,true,S4,diwm,diwm,active,Adviser 04,10 to 25 lakhs,25 lakhs to 1 crore,"More than 40%, I live well below my means",Freedom,2026-09-07,2026-09-09,2026-09-15,,,,,,2026-12-14,2026-09-19,29,verified,not_connected,in_progress,not_started,,,,no,0,2026-09-17T22:36:20+05:30,,off,,44,https://spiffler33.github.io/yeslyf-wireframes/admin_wireframes.html?run=500&screen=M03&person=P00441,false
P00444,Jasleen,Tiwari,9000049410,jasleen.tiwari.588@example.com,Gurugram,35 to 39,corporate_session,false,false,S3,diwm,diwm,active,Adviser 02,25 to 50 lakhs,25 lakhs to 1 crore,"Around 40%, some serious money",Family,2026-09-20,2026-09-20,2026-09-21,,,,,,2026-12-20,2026-09-22,20,verified,,not_started,not_started,,,,no,0,,,off,,47,https://spiffler33.github.io/yeslyf-wireframes/admin_wireframes.html?run=500&screen=M03&person=P00444,false
P00447,Ramya,Raman,9000093551,,Pune,30 to 34,community,true,true,S2,free,,,Adviser 02,10 to 25 lakhs,25 lakhs to 1 crore,"Around 40%, some serious money",Freedom,2026-09-09,2026-09-09,,,,,,,,2026-09-10,20,not_started,,not_started,,,,,,,,,off,,62,https://spiffler33.github.io/yeslyf-wireframes/admin_wireframes.html?run=500&screen=M03&person=P00447,false
P00448,Shalini,Gowda,9000083461,,Chennai,35 to 39,corporate_session,true,false,S2,free,,,Adviser 04,10 to 25 lakhs,25 lakhs to 1 crore,"Around 25%, meaningful amounts",Security,2026-09-11,2026-09-12,,,,,,,,2026-09-15,20,not_started,,not_started,,,,,,,,,off,,62,https://spiffler33.github.io/yeslyf-wireframes/admin_wireframes.html?run=500&screen=M03&person=P00448,false
P00450,Madhav,Pillai,9000084167,,Bengaluru,25 to 29,corporate_session,true,false,S2,free,,,Adviser 05,10 to 25 lakhs,5 to 25 lakhs,"Around 25%, meaningful amounts",Family,2026-09-13,2026-09-13,,,,,,,,2026-09-16,20,not_started,,not_started,,,,,,,,,off,,62,https://spiffler33.github.io/yeslyf-wireframes/admin_wireframes.html?run=500&screen=M03&person=P00450,false
P00451,Harpreet,Mishra,9000049585,,Nagpur,30 to 34,organic,false,false,S2,free,,,Adviser 03,10 to 25 lakhs,5 to 25 lakhs,"Around 40%, some serious money",Legacy,2026-09-09,2026-09-09,,,,,,,,2026-09-10,20,not_started,,not_started,,,,,,,,,off,,62,https://spiffler33.github.io/yeslyf-wireframes/admin_wireframes.html?run=500&screen=M03&person=P00451,false
P00453,Pavithra,Hegde,9000071569,,Mumbai,30 to 34,corporate_session,true,false,S1,free,,,Adviser 05,25 to 50 lakhs,1 to 5 crores,"More than 40%, I live well below my means",,2026-09-11,,,,,,,,,2026-09-12,0,not_started,,not_started,,,,,,,,,off,,50,https://spiffler33.github.io/yeslyf-wireframes/admin_wireframes.html?run=500&screen=M03&person=P00453,false
P00455,Tanvi,Gill,9000040495,tanvi.gill.411@example.com,Delhi,30 to 34,web_reveal,true,true,S1,free,,,Adviser 02,25 to 50 lakhs,5 to 25 lakhs,"More than 40%, I live well below my means",,2026-09-14,,,,,,,,,2026-09-15,0,not_started,,not_started,,,,,,,,,off,,44,https://spiffler33.github.io/yeslyf-wireframes/admin_wireframes.html?run=500&screen=M03&person=P00455,false
P00456,Pavithra,Raman,9000083316,,Hyderabad,35 to 39,community,true,false,S2,free,,,Adviser 01,25 to 50 lakhs,Over 5 crores,"More than 40%, I live well below my means",Security,2026-09-11,2026-09-12,,,,,,,,2026-09-15,20,not_started,,not_started,,,,,,,,,off,,62,https://spiffler33.github.io/yeslyf-wireframes/admin_wireframes.html?run=500&screen=M03&person=P00456,false
P00458,Kunal,Deshmukh,9000046631,kunal.deshmukh.547@example.com,Pune,30 to 34,web_reveal,true,true,S2,free,,,Adviser 01,25 to 50 lakhs,25 lakhs to 1 crore,"Around 25%, meaningful amounts",Freedom,2026-09-17,2026-09-17,,,,,,,,2026-09-18,20,not_started,,not_started,,,,,,,,,off,,62,https://spiffler33.github.io/yeslyf-wireframes/admin_wireframes.html?run=500&screen=M03&person=P00458,false
P00459,Arnab,Saha,9000057813,,Ahmedabad,30 to 34,community,true,false,S2,free,,,Adviser 02,10 to 25 lakhs,1 to 5 crores,"More than 40%, I live well below my means",Security,2026-09-12,2026-09-12,,,,,,,,2026-09-15,20,not_started,,not_started,,,,,,,,,off,,62,https://spiffler33.github.io/yeslyf-wireframes/admin_wireframes.html?run=500&screen=M03&person=P00459,false
P00460,Deepak,Verma,9000014438,,Delhi,35 to 39,corporate_session,true,false,S2,free,,,Adviser 04,50 lakhs to 1 crore,Over 5 crores,"More than 40%, I live well below my means",Legacy,2026-09-13,2026-09-14,,,,,,,,2026-09-17,20,not_started,,not_started,,,,,,,,,off,,62,https://spiffler33.github.io/yeslyf-wireframes/admin_wireframes.html?run=500&screen=M03&person=P00460,false
P00462,Kinjal,Kamat,9000010109,,Hyderabad,40 to 44,corporate_session,true,false,S1,free,,,Adviser 06,,,,,2026-09-11,,,,,,,,,2026-09-13,0,not_started,,not_started,,,,,,,,,off,,25,https://spiffler33.github.io/yeslyf-wireframes/admin_wireframes.html?run=500&screen=M03&person=P00462,false
P00463,Rohan,Arora,9000008263,,Gurugram,30 to 34,corporate_session,true,false,S1,free,,,Adviser 04,,,,,2026-09-15,,,,,,,,,2026-09-16,0,not_started,,not_started,,,,,,,,,off,,12,https://spiffler33.github.io/yeslyf-wireframes/admin_wireframes.html?run=500&screen=M03&person=P00463,false
P00464,Devika,Kamat,9000088525,devika.kamat.532@example.com,Pune,25 to 29,web_reveal,true,false,S2,free,,,Adviser 03,10 to 25 lakhs,25 lakhs to 1 crore,"Around 25%, meaningful amounts",Generosity,2026-09-15,2026-09-15,,,,,,,,2026-09-22,20,not_started,,not_started,,,,,,,,,off,,62,https://spiffler33.github.io/yeslyf-wireframes/admin_wireframes.html?run=500&screen=M03&person=P00464,false
P00465,Arnab,Sen,9000007514,,Kolkata,30 to 34,community,true,false,S2,free,,,Adviser 01,25 to 50 lakhs,5 to 25 lakhs,"More than 40%, I live well below my means",Generosity,2026-09-14,2026-09-14,,,,,,,,2026-09-18,20,not_started,,not_started,,,,,,,,,off,,62,https://spiffler33.github.io/yeslyf-wireframes/admin_wireframes.html?run=500&screen=M03&person=P00465,false
P00466,Ganesh,Subramanian,9000085383,ganesh.subramanian.626@example.com,Hyderabad,35 to 39,organic,true,false,S17,diwm,diwm,active,Adviser 06,25 to 50 lakhs,25 lakhs to 1 crore,"More than 40%, I live well below my means",Security,2026-09-16,2026-09-17,2026-09-20,,,,,,2026-10-20,2026-09-21,70,verified,not_connected,in_progress,not_started,,,,no,0,2026-09-21T00:26:24+05:30,,off,,85,https://spiffler33.github.io/yeslyf-wireframes/admin_wireframes.html?run=500&screen=M03&person=P00466,false
P00469,Shalini,Pillai,9000003380,shalini.pillai.400@example.com,Bengaluru,25 to 29,web_reveal,true,false,S1,free,,,Adviser 03,10 to 25 lakhs,5 to 25 lakhs,"Around 40%, some serious money",,2026-09-12,,,,,,,,,2026-09-14,0,not_started,,not_started,,,,,,,,,off,,50,https://spiffler33.github.io/yeslyf-wireframes/admin_wireframes.html?run=500&screen=M03&person=P00469,false
P00470,Tejas,Pandya,9000020586,tejas.pandya.550@example.com,Chennai,30 to 34,web_reveal,true,false,S2,free,,,Adviser 06,10 to 25 lakhs,25 lakhs to 1 crore,"Around 40%, some serious money",Security,2026-09-14,2026-09-14,,,,,,,,2026-09-21,20,not_started,,not_started,,,,,,,,,off,,62,https://spiffler33.github.io/yeslyf-wireframes/admin_wireframes.html?run=500&screen=M03&person=P00470,false
P00473,Anirban,Nayak,9000054890,,Kolkata,25 to 29,community,true,false,S2,free,,,Adviser 05,25 to 50 lakhs,25 lakhs to 1 crore,"More than 40%, I live well below my means",Freedom,2026-09-15,2026-09-15,,,,,,,,2026-09-18,20,not_started,,not_started,,,,,,,,,off,,62,https://spiffler33.github.io/yeslyf-wireframes/admin_wireframes.html?run=500&screen=M03&person=P00473,false
P00474,Naina,Rathore,9000015288,naina.rathore.627@example.com,Gurugram,35 to 39,community,true,false,S17,diy,diy,active,Adviser 03,10 to 25 lakhs,5 to 25 lakhs,"Around 25%, meaningful amounts",Security,2026-09-17,2026-09-17,2026-09-17,,,,,,2026-10-17,2026-09-21,20,verified,not_connected,not_started,not_started,,,,no,0,,,off,,52,https://spiffler33.github.io/yeslyf-wireframes/admin_wireframes.html?run=500&screen=M03&person=P00474,false
P00476,Vikram,Bansal,9000090769,,Delhi,40 to 44,organic,true,false,S2,free,,,Adviser 02,50 lakhs to 1 crore,1 to 5 crores,"Around 40%, some serious money",Security,2026-09-17,2026-09-17,,,,,,,,2026-09-20,20,not_started,,not_started,,,,,,,,,off,,62,https://spiffler33.github.io/yeslyf-wireframes/admin_wireframes.html?run=500&screen=M03&person=P00476,false
P00477,Heena,Pawar,9000089884,heena.pawar.537@example.com,Mumbai,25 to 29,web_reveal,false,false,S2,free,,,Adviser 06,25 to 50 lakhs,Under 5 lakhs,"More than 40%, I live well below my means",Security,2026-09-18,2026-09-18,,,,,,,,2026-09-19,20,not_started,,not_started,,,,,,,,,off,,62,https://spiffler33.github.io/yeslyf-wireframes/admin_wireframes.html?run=500&screen=M03&person=P00477,false
P00478,Prachi,Mehta,9000087902,,Nagpur,40 to 44,community,true,false,S1,free,,,Adviser 04,10 to 25 lakhs,,,,2026-09-19,,,,,,,,,2026-09-20,0,not_started,,not_started,,,,,,,,,off,,31,https://spiffler33.github.io/yeslyf-wireframes/admin_wireframes.html?run=500&screen=M03&person=P00478,false
P00479,Arpita,Nayak,9000063431,,Noida,25 to 29,corporate_session,false,false,S2,free,,,Adviser 05,10 to 25 lakhs,5 to 25 lakhs,"More than 40%, I live well below my means",Family,2026-09-18,2026-09-18,,,,,,,,2026-09-19,20,not_started,,not_started,,,,,,,,,off,,62,https://spiffler33.github.io/yeslyf-wireframes/admin_wireframes.html?run=500&screen=M03&person=P00479,false
P00481,Bhavana,Menon,9000032266,bhavana.menon.591@example.com,Bengaluru,25 to 29,corporate_session,true,false,S4,diy,diy,active,Adviser 04,10 to 25 lakhs,Under 5 lakhs,"More than 40%, I live well below my means",Security,2026-09-18,2026-09-18,2026-09-19,,,,,,2026-10-19,2026-09-22,63,verified,not_connected,in_progress,not_started,,,,no,0,2026-09-21T17:41:21+05:30,,off,,91,https://spiffler33.github.io/yeslyf-wireframes/admin_wireframes.html?run=500&screen=M03&person=P00481,false
P00482,Suresh,Kumar,9000003755,suresh.kumar.494@example.com,Visakhapatnam,30 to 34,web_reveal,true,false,S2,free,,,Adviser 06,25 to 50 lakhs,5 to 25 lakhs,"Around 25%, meaningful amounts",Family,2026-09-19,2026-09-19,,,,,,,,2026-09-23,20,not_started,,not_started,,,,,,,,,off,,62,https://spiffler33.github.io/yeslyf-wireframes/admin_wireframes.html?run=500&screen=M03&person=P00482,false
P00485,Anjali,Sethi,9000099424,,Gurugram,30 to 34,community,true,true,S1,free,,,Adviser 04,,,,,2026-09-21,,,,,,,,,2026-09-21,0,not_started,,not_started,,,,,,,,,off,,25,https://spiffler33.github.io/yeslyf-wireframes/admin_wireframes.html?run=500&screen=M03&person=P00485,false
P00486,Abhijit,Das,9000025830,,Ahmedabad,35 to 39,corporate_session,true,false,S2,free,,,Adviser 01,10 to 25 lakhs,25 lakhs to 1 crore,"More than 40%, I live well below my means",Freedom,2026-09-19,2026-09-19,,,,,,,,2026-09-22,20,not_started,,not_started,,,,,,,,,off,,62,https://spiffler33.github.io/yeslyf-wireframes/admin_wireframes.html?run=500&screen=M03&person=P00486,false
P00489,Bhavana,Rajan,9000079272,bhavana.rajan.593@example.com,Bengaluru,25 to 29,community,true,false,S4,diwm,diwm,active,Adviser 03,10 to 25 lakhs,5 to 25 lakhs,"Around 40%, some serious money",Freedom,2026-09-19,2026-09-19,2026-09-19,,,,,,2026-12-18,2026-09-22,29,verified,not_connected,in_progress,not_started,,,,no,0,2026-09-20T19:53:51+05:30,,off,,53,https://spiffler33.github.io/yeslyf-wireframes/admin_wireframes.html?run=500&screen=M03&person=P00489,false
P00490,Kavya,Kohli,9000057017,kavya.kohli.382@example.com,Delhi,25 to 29,web_reveal,false,false,S1,free,,,Adviser 01,,,,,2026-09-20,,,,,,,,,2026-09-20,0,not_started,,not_started,,,,,,,,,off,,19,https://spiffler33.github.io/yeslyf-wireframes/admin_wireframes.html?run=500&screen=M03&person=P00490,false
P00491,Vishnu,Pai,9000096513,vishnu.pai.587@example.com,Bengaluru,25 to 29,corporate_session,true,false,S3,diwm,diwm,active,Adviser 05,10 to 25 lakhs,25 lakhs to 1 crore,"Around 25%, meaningful amounts",Freedom,2026-09-19,2026-09-20,2026-09-20,,,,,,2026-10-20,2026-09-21,20,verified,,not_started,not_started,,,,no,0,,,off,,53,https://spiffler33.github.io/yeslyf-wireframes/admin_wireframes.html?run=500&screen=M03&person=P00491,false
P00493,Sneha,Sawant,9000038840,,Mumbai,25 to 29,community,false,false,S2,free,,,Adviser 03,10 to 25 lakhs,25 lakhs to 1 crore,"More than 40%, I live well below my means",Freedom,2026-09-21,2026-09-21,,,,,,,,2026-09-22,20,not_started,,not_started,,,,,,,,,off,,62,https://spiffler33.github.io/yeslyf-wireframes/admin_wireframes.html?run=500&screen=M03&person=P00493,false
P00494,Sandeep,Iyengar,9000084417,,Bengaluru,30 to 34,community,true,false,S2,free,,,Adviser 06,25 to 50 lakhs,25 lakhs to 1 crore,"More than 40%, I live well below my means",Legacy,2026-09-22,2026-09-22,,,,,,,,2026-09-22,20,not_started,,not_started,,,,,,,,,off,,62,https://spiffler33.github.io/yeslyf-wireframes/admin_wireframes.html?run=500&screen=M03&person=P00494,false
P00496,Krupa,Thakkar,9000078121,,Ahmedabad,35 to 39,corporate_session,true,false,S2,free,,,Adviser 02,10 to 25 lakhs,5 to 25 lakhs,"More than 40%, I live well below my means",Security,2026-09-19,2026-09-19,,,,,,,,2026-09-22,20,not_started,,not_started,,,,,,,,,off,,62,https://spiffler33.github.io/yeslyf-wireframes/admin_wireframes.html?run=500&screen=M03&person=P00496,false
P00501,Vikram,Kapoor,9000069650,vikram.kapoor.487@example.com,Gurugram,30 to 34,web_reveal,true,true,S2,free,,,Adviser 01,25 to 50 lakhs,1 to 5 crores,"More than 40%, I live well below my means",Family,2026-09-22,2026-09-23,,,,,,,,2026-09-23,20,not_started,,not_started,,,,,,,,,off,,62,https://spiffler33.github.io/yeslyf-wireframes/admin_wireframes.html?run=500&screen=M03&person=P00501,false
P00503,Devika,Jain,9000049164,,Pune,30 to 34,organic,true,false,S1,free,,,Adviser 04,10 to 25 lakhs,,,,2026-09-23,,,,,,,,,2026-09-23,0,not_started,,not_started,,,,,,,,,off,,31,https://spiffler33.github.io/yeslyf-wireframes/admin_wireframes.html?run=500&screen=M03&person=P00503,false
P00504,Siddharth,Gokhale,9000053395,,Mumbai,25 to 29,corporate_session,false,false,S1,free,,,Adviser 05,,,,,2026-09-22,,,,,,,,,2026-09-22,0,not_started,,not_started,,,,,,,,,off,,19,https://spiffler33.github.io/yeslyf-wireframes/admin_wireframes.html?run=500&screen=M03&person=P00504,false
P00505,Divya,Arora,9000010678,divya.arora.453@example.com,Gurugram,35 to 39,web_reveal,true,false,S1,free,,,Adviser 03,,,,,2026-09-23,,,,,,,,,2026-09-23,0,not_started,,not_started,,,,,,,,,off,,19,https://spiffler33.github.io/yeslyf-wireframes/admin_wireframes.html?run=500&screen=M03&person=P00505,false
P00506,Prasanna,Pillai,9000060601,,Chennai,35 to 39,community,true,false,S1,free,,,Adviser 05,10 to 25 lakhs,25 lakhs to 1 crore,,,2026-09-23,,,,,,,,,2026-09-23,0,not_started,,not_started,,,,,,,,,off,,38,https://spiffler33.github.io/yeslyf-wireframes/admin_wireframes.html?run=500&screen=M03&person=P00506,false
P00507,Simran,Bansal,9000065760,simran.bansal.461@example.com,Gurugram,35 to 39,web_reveal,false,false,S2,free,,,Adviser 02,25 to 50 lakhs,5 to 25 lakhs,"More than 40%, I live well below my means",Security,2026-09-23,2026-09-23,,,,,,,,2026-09-23,20,not_started,,not_started,,,,,,,,,off,,62,https://spiffler33.github.io/yeslyf-wireframes/admin_wireframes.html?run=500&screen=M03&person=P00507,false
